customer_id,region,country,income,signup_date,amount,last_nps,contact_email,phone,source_system,status,churned
0,EU,United States,64638.0,2025-02-08,"2,188.12",2.0,user0@corp-example.com,+1-555-351-2886,crm_v2,ACTIVE,0
1,APAC,United States,45988.0,2024-08-25,988.42,4.0,user1@corp-example.com,+1-555-865-2987,crm_v2,active,0
2,EU,US,45063.0,2024-07-23,738.03,10.0,user2@corp-example.com,+1-555-533-5323,crm_v2,ACTIVE,0
3,NA,IN,63435.0,2024-05-16,235.88,,user3@corp-example.com,+1-555-620-1814,crm_v2,cancelled,1
4,NA, US,35619.0,2024-09-22,360.22,0.0,user4@corp-example.com,+1-555-686-5936,crm_v2,ACTIVE,0
5,APAC,United States,46153.0,2023-04-07,"1,221.08",0.0,user5@corp-example.com,+1-555-567-6473,crm_v2,cancelled,0
6,NA,us,67923.0,2024-08-28,841.57,0.0,user6@corp-example.com,+1-555-654-3194,crm_v2,cancelled,0
7,APAC,us,49506.0,2024-07-21,499.95,,user7@corp-example.com,+1-555-735-3835,crm_v2,Active,1
8,EU,United States,45504.0,2025-05-27,824.39,9.0,user8@corp-example.com,+1-555-998-4888,crm_v2,Active,0
9,NA,United States,42291.0,2025-04-25,601.57,,user9@corp-example.com,+1-555-544-9875,crm_v2,ACTIVE,1
10,NA, US,60678.0,2024-01-22,"1,519.31",,user10@corp-example.com,+1-555-939-8465,crm_v2,active,1
11,NA,us,53192.0,2024-07-14,"1,472.78",8.0,user11@corp-example.com,+1-555-419-1869,crm_v2,cancelled,0
12,NA,US,-999.0,2025-04-14,496.43,9.0,user12@corp-example.com,+1-555-545-8495,crm_v2,active,0
13,NA,United States,55770.0,2023-03-08,953.82,4.0,user13@corp-example.com,+1-555-235-3693,crm_v2,ACTIVE,0
14,EU,US,85635.0,2023-01-19,"1,015.01",8.0,user14@corp-example.com,+1-555-732-7351,crm_v2,active,0
15,EU,US,52133.0,2024-05-12,770.50,9.0,user15@corp-example.com,+1-555-654-7192,crm_v2,ACTIVE,0
16,APAC,us,29855.0,2024-08-13,168.76,2.0,user16@corp-example.com,+1-555-998-1800,crm_v2,Active,0
17,EU,United States,60230.0,2023-05-27,"1,936.28",6.0,user17@corp-example.com,+1-555-819-4179,crm_v2,active,0
18,EU,US,58561.0,2023-04-16,"2,955.78",0.0,user18@corp-example.com,+1-555-951-3859,crm_v2,Active,0
19,APAC, US,60816.0,2024-01-11,"1,530.32",0.0,user19@corp-example.com,+1-555-897-3492,crm_v2,active,0
20,NA,United States,35028.0,2023-01-12,681.44,,user20@corp-example.com,+1-555-884-1472,crm_v2,active,1
21,NA,United States,75098.0,2023-05-29,"1,901.05",9.0,user21@corp-example.com,+1-555-828-6486,crm_v2,cancelled,0
22,EU,IN,58070.0,2025-05-26,"2,007.61",9.0,user22@corp-example.com,+1-555-223-8225,crm_v2,active,0
23,NA,United States,57902.0,2025-04-06,562.52,2.0,user23@corp-example.com,+1-555-223-7426,crm_v2,ACTIVE,0
24,NA,us,-999.0,2025-04-28,378.86,2.0,user24@corp-example.com,+1-555-497-8662,crm_v2,ACTIVE,0
25,EU,United States,65454.0,2024-11-27,882.37,2.0,user25@corp-example.com,+1-555-890-4491,crm_v2,Active,0
26,NA,IN,57573.0,2025-04-09,"3,229.80",7.0,user26@corp-example.com,+1-555-986-4656,crm_v2,cancelled,0
27,APAC,DE,78290.0,2024-05-28,810.97,1.0,user27@corp-example.com,+1-555-660-4243,crm_v2,active,0
28,EU,us,52453.0,2023-08-18,943.53,9.0,user28@corp-example.com,+1-555-158-5027,crm_v2,active,0
29,EU,US,-999.0,2023-09-25,"1,203.49",5.0,user29@corp-example.com,+1-555-784-8462,crm_v2,active,0
30,NA, US,60409.0,2024-10-21,496.00,0.0,user30@corp-example.com,+1-555-532-5384,crm_v2,ACTIVE,0
31,NA,DE,45180.0,2023-04-03,"1,914.35",,user31@corp-example.com,+1-555-781-3119,crm_v2,Active,1
32,NA,United States,64602.0,2024-07-06,813.18,10.0,user32@corp-example.com,+1-555-492-4024,crm_v2,cancelled,0
33,NA,United States,42708.0,2024-09-30,"1,274.56",10.0,user33@corp-example.com,+1-555-222-7289,crm_v2,ACTIVE,0
34,EU,us,56646.0,1900-01-01,"1,448.49",2.0,user34@corp-example.com,+1-555-833-1244,crm_v2,active,0
35,NA,DE,55220.0,2023-08-06,342.57,4.0,user35@corp-example.com,+1-555-831-3299,crm_v2,active,0
36,NA,United States,58032.0,2023-12-27,"1,966.10",3.0,user36@corp-example.com,+1-555-188-9509,crm_v2,cancelled,0
37,NA, US,51021.0,2025-03-28,648.45,1.0,user37@corp-example.com,+1-555-866-8983,crm_v2,active,0
38,APAC,DE,46691.0,2023-10-24,"2,458.49",,user38@corp-example.com,+1-555-334-3068,crm_v2,cancelled,1
39,NA,US,57663.0,2025-02-28,57.73,9.0,user39@corp-example.com,+1-555-854-1303,crm_v2,cancelled,0
40,NA,US,50070.0,2023-06-08,317.47,9.0,user40@corp-example.com,+1-555-670-3993,crm_v2,cancelled,0
4549,APAC,IN,60759.0,2023-05-27,"2,091.00",10.0,user41@corp-example.com,+1-555-785-5935,crm_v2,Active,0
42,EU, US,54562.0,2024-07-22,"1,288.70",9.0,user42@corp-example.com,+1-555-959-1932,crm_v2,active,0
43,APAC,DE,25765.0,2025-06-16,"1,552.66",5.0,user43@corp-example.com,+1-555-874-9043,crm_v2,active,0
44,EU,United States,57628.0,2025-01-23,264.52,5.0,user44@corp-example.com,+1-555-536-7973,crm_v2,cancelled,0
45,EU,IN,78783.0,2025-05-21,127.42,7.0,user45@corp-example.com,+1-555-367-3317,crm_v2,ACTIVE,0
46,NA,DE,62951.0,2024-03-20,"1,375.62",4.0,user46@corp-example.com,+1-555-774-3685,crm_v2,Active,0
47,EU, US,67258.0,2023-03-13,"1,293.24",7.0,user47@corp-example.com,+1-555-247-6082,crm_v2,active,0
48,EU,IN,65169.0,2023-07-15,"2,231.13",7.0,user48@corp-example.com,+1-555-610-2259,crm_v2,ACTIVE,0
49,APAC,IN,51698.0,2024-04-04,903.91,1.0,user49@corp-example.com,+1-555-216-4521,crm_v2,Active,0
50,NA,IN,39112.0,2025-05-01,"1,163.99",,user50@corp-example.com,+1-555-186-3855,crm_v2,Active,1
51,EU,IN,70316.0,2023-09-20,"1,650.76",9.0,user51@corp-example.com,+1-555-834-3608,crm_v2,active,0
52,NA, US,73878.0,2023-06-29,342.94,8.0,user52@corp-example.com,+1-555-221-6675,crm_v2,active,0
53,NA,United States,66775.0,2024-07-20,948.04,8.0,user53@corp-example.com,+1-555-937-6757,crm_v2,Active,0
54,NA,IN,64705.0,2023-10-26,"1,318.68",8.0,user54@corp-example.com,+1-555-251-6395,crm_v2,Active,0
55,NA,IN,64274.0,2025-01-26,"1,689.01",8.0,user55@corp-example.com,+1-555-801-4392,crm_v2,active,0
56,APAC, US,58128.0,2024-02-16,603.51,7.0,user56@corp-example.com,+1-555-679-6432,crm_v2,active,0
57,NA,DE,-999.0,2023-08-27,683.62,4.0,user57@corp-example.com,+1-555-332-2326,crm_v2,cancelled,0
58,APAC,DE,58709.0,2023-04-26,536.95,3.0,user58@corp-example.com,+1-555-347-1340,crm_v2,active,0
59,EU,US,63272.0,2023-03-05,187.86,4.0,user59@corp-example.com,+1-555-749-3897,crm_v2,active,0
857,EU,United States,44814.0,2024-12-07,"1,495.20",4.0,user60@corp-example.com,+1-555-295-6178,crm_v2,ACTIVE,0
61,EU,US,49399.0,2023-11-26,"1,477.21",7.0,user61@corp-example.com,+1-555-325-3980,crm_v2,Active,0
62,EU,IN,66788.0,2024-07-16,"1,203.23",9.0,user62@corp-example.com,+1-555-744-4570,crm_v2,Active,0
63,NA, US,53625.0,2023-06-28,656.49,7.0,user63@corp-example.com,+1-555-600-3834,crm_v2,active,0
64,NA,US,23468.0,2024-08-09,88.55,3.0,user64@corp-example.com,+1-555-620-5050,crm_v2,cancelled,0
65,NA,United States,60351.0,2024-09-30,976.67,9.0,user65@corp-example.com,+1-555-918-2716,crm_v2,Active,0
66,NA,US,25417.0,1900-01-01,243.08,10.0,user66@corp-example.com,+1-555-607-9925,crm_v2,Active,0
67,NA,United States,86234.0,2023-09-23,158.93,10.0,user67@corp-example.com,+1-555-456-5267,crm_v2,Active,0
68,APAC,DE,68968.0,2023-05-10,"1,805.59",8.0,user68@corp-example.com,+1-555-418-4995,crm_v2,Active,0
69,NA,United States,68283.0,2024-06-22,"1,177.69",8.0,user69@corp-example.com,+1-555-479-3775,crm_v2,cancelled,0
70,EU,us,48949.0,2024-06-30,412.12,0.0,user70@corp-example.com,+1-555-962-7154,crm_v2,Active,0
71,NA,IN,42249.0,2023-04-10,"2,746.32",10.0,user71@corp-example.com,+1-555-186-5679,crm_v2,active,0
72,APAC,US,55497.0,2024-11-08,"1,808.64",7.0,user72@corp-example.com,+1-555-857-2184,crm_v2,active,0
73,EU,DE,58857.0,2023-08-31,749.31,8.0,user73@corp-example.com,+1-555-930-3414,crm_v2,active,0
74,NA,DE,47440.0,2023-04-04,455.45,4.0,user74@corp-example.com,+1-555-911-2094,crm_v2,ACTIVE,0
75,APAC,US,60865.0,2024-11-21,"1,524.09",3.0,user75@corp-example.com,+1-555-214-3506,crm_v2,ACTIVE,0
76,APAC,IN,68505.0,2024-05-07,621.23,3.0,user76@corp-example.com,+1-555-103-4780,crm_v2,active,0
77,APAC, US,67245.0,2025-01-18,501.28,4.0,user77@corp-example.com,+1-555-307-5514,crm_v2,Active,0
78,EU,IN,-999.0,2025-03-21,262.34,6.0,user78@corp-example.com,+1-555-263-4802,crm_v2,Active,0
79,NA,IN,27375.0,2024-05-12,856.46,3.0,user79@corp-example.com,+1-555-772-3983,crm_v2,ACTIVE,0
80,NA,US,58649.0,2024-01-20,"2,115.99",9.0,user80@corp-example.com,+1-555-917-9342,crm_v2,Active,0
81,APAC,DE,49101.0,2024-06-02,"1,512.72",9.0,user81@corp-example.com,+1-555-109-3126,crm_v2,cancelled,0
82,EU,United States,65050.0,2025-02-22,770.88,3.0,user82@corp-example.com,+1-555-716-9998,crm_v2,active,0
83,NA,US,82275.0,2023-02-20,"2,052.31",6.0,user83@corp-example.com,+1-555-893-3369,crm_v2,active,0
84,APAC, US,82262.0,2025-04-22,"2,176.86",3.0,user84@corp-example.com,+1-555-349-8721,crm_v2,ACTIVE,0
85,EU,United States,62757.0,2024-06-16,"1,271.50",6.0,user85@corp-example.com,+1-555-272-6637,crm_v2,cancelled,0
86,EU,US,74603.0,2024-09-22,"1,439.40",0.0,user86@corp-example.com,+1-555-526-7388,crm_v2,ACTIVE,0
87,NA,US,82309.0,2024-06-10,"3,093.05",10.0,user87@corp-example.com,+1-555-557-2583,crm_v2,cancelled,0
88,NA, US,59313.0,2023-07-09,"2,695.72",1.0,user88@corp-example.com,+1-555-165-8738,crm_v2,Active,0
89,NA,United States,-999.0,2023-07-18,"1,008.65",0.0,user89@corp-example.com,+1-555-474-6641,crm_v2,active,0
90,NA,IN,70925.0,2024-09-15,"1,437.75",4.0,user90@corp-example.com,+1-555-432-5878,crm_v2,cancelled,0
91,APAC,IN,58157.0,2024-10-14,"1,463.24",5.0,user91@corp-example.com,+1-555-236-8855,crm_v2,active,0
92,NA,IN,51501.0,2023-10-22,803.34,1.0,user92@corp-example.com,+1-555-634-6545,crm_v2,active,0
93,EU,US,47904.0,2023-04-24,264.47,1.0,user93@corp-example.com,+1-555-928-2531,crm_v2,cancelled,0
94,NA,United States,58789.0,2024-05-26,"2,766.19",2.0,user94@corp-example.com,+1-555-661-2398,crm_v2,active,0
95,EU,DE,49777.0,2024-04-24,783.92,,user95@corp-example.com,+1-555-612-3840,crm_v2,cancelled,1
96,NA,United States,70172.0,2023-11-07,930.38,4.0,user96@corp-example.com,+1-555-973-2713,crm_v2,cancelled,0
97,NA, US,53934.0,2023-03-25,"2,002.89",5.0,user97@corp-example.com,+1-555-454-2865,crm_v2,Active,0
98,NA,US,79747.0,2024-07-25,115.76,7.0,user98@corp-example.com,+1-555-636-5584,crm_v2,Active,0
99,NA,IN,76122.0,2025-01-31,698.78,3.0,user99@corp-example.com,+1-555-438-5646,crm_v2,cancelled,0
100,APAC, US,40959.0,2024-10-18,572.94,5.0,user100@corp-example.com,+1-555-667-6907,crm_v2,cancelled,0
101,EU,IN,74262.0,2023-12-29,836.98,1.0,user101@corp-example.com,+1-555-792-7797,crm_v2,cancelled,0
102,NA,United States,52986.0,2024-08-30,"1,813.17",2.0,user102@corp-example.com,+1-555-429-3189,crm_v2,ACTIVE,0
103,EU,US,78434.0,2025-05-16,783.65,9.0,user103@corp-example.com,+1-555-620-1287,crm_v2,Active,0
104,APAC,us,66144.0,2023-11-14,"1,853.15",2.0,user104@corp-example.com,+1-555-939-2057,crm_v2,active,0
105,NA,United States,58141.0,1900-01-01,"3,997.16",7.0,user105@corp-example.com,+1-555-194-6281,crm_v2,ACTIVE,0
106,EU,us,68442.0,2025-05-25,"1,855.43",7.0,user106@corp-example.com,+1-555-276-8316,crm_v2,cancelled,0
107,EU,IN,50830.0,2024-11-28,19.94,,user107@corp-example.com,+1-555-346-5737,crm_v2,ACTIVE,1
108,NA, US,63539.0,2023-12-10,955.72,6.0,user108@corp-example.com,+1-555-334-1032,crm_v2,cancelled,0
109,EU,us,64350.0,2024-03-28,"1,034.44",0.0,user109@corp-example.com,+1-555-592-8020,crm_v2,ACTIVE,0
110,EU, US,56738.0,2023-01-05,765.93,7.0,user110@corp-example.com,+1-555-787-8767,crm_v2,ACTIVE,0
111,APAC,DE,64397.0,2023-02-14,"2,010.18",6.0,user111@corp-example.com,+1-555-542-3154,crm_v2,ACTIVE,0
112,NA,us,44559.0,2025-06-07,"1,855.50",,user112@corp-example.com,+1-555-590-4945,crm_v2,active,1
113,APAC,us,-999.0,2023-10-14,291.30,,user113@corp-example.com,+1-555-442-3280,crm_v2,active,1
114,NA,IN,41553.0,2023-08-13,568.83,,user114@corp-example.com,+1-555-132-7154,crm_v2,cancelled,1
115,EU,us,67806.0,2024-06-12,"3,002.13",6.0,user115@corp-example.com,+1-555-189-9445,crm_v2,Active,0
116,APAC, US,65657.0,2023-09-14,"2,162.68",6.0,user116@corp-example.com,+1-555-666-7579,crm_v2,active,0
117,NA,us,69052.0,2024-12-14,123.53,3.0,user117@corp-example.com,+1-555-463-9789,crm_v2,active,0
118,NA, US,50958.0,2024-12-25,580.58,5.0,user118@corp-example.com,+1-555-678-9589,crm_v2,ACTIVE,0
119,APAC,us,102333.0,2023-02-27,411.63,8.0,user119@corp-example.com,+1-555-703-7141,crm_v2,cancelled,0
120,NA,US,55719.0,2024-03-28,681.58,5.0,user120@corp-example.com,+1-555-157-4538,crm_v2,Active,0
121,EU,IN,61142.0,2024-04-02,403.19,6.0,user121@corp-example.com,+1-555-543-9180,crm_v2,ACTIVE,0
122,EU,IN,48210.0,2024-08-14,990.79,4.0,user122@corp-example.com,+1-555-769-2601,crm_v2,cancelled,0
123,EU,us,79435.0,2024-11-27,"1,290.87",0.0,user123@corp-example.com,+1-555-988-1461,crm_v2,ACTIVE,0
124,EU,IN,52294.0,2024-04-08,"1,426.13",5.0,user124@corp-example.com,+1-555-905-2434,crm_v2,active,0
125,NA, US,73216.0,2023-07-15,"2,139.86",7.0,user125@corp-example.com,+1-555-592-4899,crm_v2,active,0
126,NA,DE,45557.0,2024-05-05,655.16,4.0,user126@corp-example.com,+1-555-955-9083,crm_v2,cancelled,0
127,NA, US,63486.0,2023-11-07,636.80,8.0,user127@corp-example.com,+1-555-140-8660,crm_v2,ACTIVE,0
128,NA,us,53777.0,2024-12-01,"1,875.78",4.0,user128@corp-example.com,+1-555-594-3502,crm_v2,ACTIVE,0
129,NA,DE,72366.0,2023-09-16,571.70,,user129@corp-example.com,+1-555-673-3396,crm_v2,Active,1
130,APAC, US,54946.0,1900-01-01,237.32,7.0,user130@corp-example.com,+1-555-697-7662,crm_v2,active,0
131,EU,IN,46799.0,2024-10-28,447.82,6.0,user131@corp-example.com,+1-555-114-4771,crm_v2,ACTIVE,0
132,NA,IN,65563.0,2024-03-30,"2,611.57",7.0,user132@corp-example.com,+1-555-451-2711,crm_v2,cancelled,0
133,NA,United States,42125.0,2023-09-16,574.61,9.0,user133@corp-example.com,+1-555-990-2775,crm_v2,ACTIVE,0
134,APAC,United States,45503.0,2025-02-25,821.23,5.0,user134@corp-example.com,+1-555-405-9175,crm_v2,ACTIVE,0
135,NA,IN,70096.0,2025-03-28,134.46,3.0,user135@corp-example.com,+1-555-427-3242,crm_v2,ACTIVE,0
136,APAC,IN,32506.0,2025-04-15,"1,066.83",7.0,user136@corp-example.com,+1-555-529-2635,crm_v2,cancelled,0
137,EU,US,69993.0,2025-01-18,"1,645.34",10.0,user137@corp-example.com,+1-555-138-4359,crm_v2,ACTIVE,0
138,EU,US,53483.0,2023-03-13,"1,559.19",10.0,user138@corp-example.com,+1-555-891-9646,crm_v2,cancelled,0
139,APAC,United States,46169.0,2024-05-08,"2,145.41",6.0,user139@corp-example.com,+1-555-441-5106,crm_v2,ACTIVE,0
140,EU,IN,62688.0,2025-04-10,909.55,10.0,user140@corp-example.com,+1-555-117-2592,crm_v2,active,0
141,EU,us,68217.0,2025-05-29,543.94,7.0,user141@corp-example.com,+1-555-315-8305,crm_v2,cancelled,0
142,NA,IN,50923.0,2025-05-10,"1,439.84",8.0,user142@corp-example.com,+1-555-952-4162,crm_v2,active,0
143,APAC,IN,56744.0,2023-10-14,760.06,6.0,user143@corp-example.com,+1-555-140-3038,crm_v2,active,0
144,NA,United States,70644.0,2024-02-15,"1,399.49",3.0,user144@corp-example.com,+1-555-280-1337,crm_v2,cancelled,0
145,APAC,United States,69982.0,2023-01-12,446.28,2.0,user145@corp-example.com,+1-555-781-7294,crm_v2,active,0
146,NA,United States,58561.0,2024-10-10,"1,622.17",1.0,user146@corp-example.com,+1-555-759-6022,crm_v2,ACTIVE,0
147,NA,US,48356.0,2024-09-04,"2,334.62",9.0,user147@corp-example.com,+1-555-827-7054,crm_v2,active,0
148,EU,us,45870.0,2024-09-05,618.81,2.0,user148@corp-example.com,+1-555-712-3329,crm_v2,active,0
149,APAC,IN,50859.0,2025-01-01,813.41,5.0,user149@corp-example.com,+1-555-408-9599,crm_v2,active,0
150,NA,United States,68984.0,2024-02-01,923.20,,user150@corp-example.com,+1-555-510-4482,crm_v2,Active,1
151,APAC,United States,67547.0,2025-04-27,"1,796.19",9.0,user151@corp-example.com,+1-555-135-6959,crm_v2,cancelled,0
152,EU,DE,63677.0,2023-09-25,554.72,3.0,user152@corp-example.com,+1-555-269-8919,crm_v2,ACTIVE,0
153,EU, US,79128.0,2023-06-02,219.20,10.0,user153@corp-example.com,+1-555-761-5461,crm_v2,ACTIVE,0
154,EU,IN,55131.0,2024-05-02,"1,141.10",4.0,user154@corp-example.com,+1-555-978-1822,crm_v2,cancelled,0
155,APAC,US,54011.0,2023-02-01,625.23,7.0,user155@corp-example.com,+1-555-785-4672,crm_v2,cancelled,0
156,NA,DE,53949.0,2023-09-19,529.22,,user156@corp-example.com,+1-555-961-3657,crm_v2,ACTIVE,1
157,NA,IN,86528.0,2024-06-15,"1,046.07",,user157@corp-example.com,+1-555-284-5540,crm_v2,cancelled,1
158,NA,United States,30264.0,2024-04-16,"2,014.21",1.0,user158@corp-example.com,+1-555-744-2778,crm_v2,cancelled,0
159,NA,United States,-999.0,2023-12-25,728.73,5.0,user159@corp-example.com,+1-555-562-7217,crm_v2,active,0
160,NA,IN,65785.0,2025-02-01,"3,461.11",9.0,user160@corp-example.com,+1-555-842-2757,crm_v2,ACTIVE,0
4933,APAC,IN,60352.0,2023-07-27,941.32,1.0,user161@corp-example.com,+1-555-573-3565,crm_v2,Active,0
162,APAC, US,92576.0,2023-12-04,"1,032.13",6.0,user162@corp-example.com,+1-555-994-9356,crm_v2,cancelled,0
163,NA,US,76094.0,2024-08-24,"1,537.47",8.0,user163@corp-example.com,+1-555-964-4969,crm_v2,active,0
164,EU,IN,70435.0,2023-04-17,"1,637.04",0.0,user164@corp-example.com,+1-555-180-8757,crm_v2,cancelled,0
165,NA,DE,46804.0,2024-04-16,429.03,,user165@corp-example.com,+1-555-393-4881,crm_v2,cancelled,1
166,EU,IN,66590.0,2024-06-04,508.35,0.0,user166@corp-example.com,+1-555-485-7456,crm_v2,ACTIVE,0
167,EU, US,54285.0,2024-07-05,"1,841.57",4.0,user167@corp-example.com,+1-555-253-8105,crm_v2,active,0
168,NA,United States,60190.0,2024-12-20,109.49,8.0,user168@corp-example.com,+1-555-694-4345,crm_v2,ACTIVE,0
169,APAC,United States,62416.0,2025-04-10,"1,563.45",2.0,user169@corp-example.com,+1-555-244-6838,crm_v2,ACTIVE,0
170,NA, US,52768.0,2024-06-18,"1,936.96",5.0,user170@corp-example.com,+1-555-595-4681,crm_v2,ACTIVE,0
171,EU,United States,68548.0,2025-02-12,975.81,3.0,user171@corp-example.com,+1-555-788-1279,crm_v2,Active,0
172,EU, US,82670.0,2023-04-17,903.83,1.0,user172@corp-example.com,+1-555-251-5697,crm_v2,cancelled,0
173,NA,DE,74276.0,2023-06-09,867.45,5.0,user173@corp-example.com,+1-555-760-8920,crm_v2,active,0
174,NA,us,62696.0,2023-08-07,"2,179.48",3.0,user174@corp-example.com,+1-555-380-6758,crm_v2,Active,0
175,NA,IN,-999.0,2023-02-27,"2,451.33",4.0,user175@corp-example.com,+1-555-962-7173,crm_v2,active,0
176,EU,United States,75023.0,2025-01-23,111.54,1.0,user176@corp-example.com,+1-555-798-8934,crm_v2,active,0
177,APAC,us,74904.0,2024-08-04,666.78,2.0,user177@corp-example.com,+1-555-414-4313,crm_v2,Active,0
178,EU,US,56955.0,2023-10-25,"2,208.22",,user178@corp-example.com,+1-555-900-9191,crm_v2,Active,1
179,NA,IN,-999.0,2023-01-10,562.38,8.0,user179@corp-example.com,+1-555-449-7376,crm_v2,Active,0
180,APAC,DE,69011.0,2024-06-02,"1,158.68",9.0,user180@corp-example.com,+1-555-335-7702,crm_v2,Active,0
181,APAC,US,48287.0,2023-07-08,"1,709.01",4.0,user181@corp-example.com,+1-555-823-5573,crm_v2,active,0
182,APAC,IN,70978.0,2024-03-09,46.76,4.0,user182@corp-example.com,+1-555-889-7253,crm_v2,active,0
183,EU,US,44493.0,2025-04-05,"4,837.84",7.0,user183@corp-example.com,+1-555-687-1471,crm_v2,ACTIVE,0
184,APAC,us,-999.0,2023-11-18,"1,303.52",5.0,user184@corp-example.com,+1-555-647-5099,crm_v2,cancelled,0
185,NA,us,59988.0,2023-12-18,387.76,7.0,user185@corp-example.com,+1-555-416-6267,crm_v2,ACTIVE,0
186,NA,United States,39212.0,2023-09-30,"1,471.32",7.0,user186@corp-example.com,+1-555-180-2397,crm_v2,active,0
187,NA,us,59805.0,2024-10-20,618.37,3.0,user187@corp-example.com,+1-555-510-5038,crm_v2,active,0
188,NA,IN,67294.0,2024-03-28,"1,208.55",2.0,user188@corp-example.com,+1-555-911-5630,crm_v2,cancelled,0
189,NA,DE,41232.0,2024-08-15,905.51,8.0,user189@corp-example.com,+1-555-567-7821,crm_v2,cancelled,0
190,NA, US,72865.0,2023-11-18,850.40,4.0,user190@corp-example.com,+1-555-212-1834,crm_v2,active,0
191,EU,United States,51890.0,2023-04-11,"1,333.41",4.0,user191@corp-example.com,+1-555-881-4815,crm_v2,active,0
192,NA,US,67553.0,2024-07-08,"1,104.28",6.0,user192@corp-example.com,+1-555-942-3328,crm_v2,active,0
193,EU, US,62835.0,2024-10-31,961.98,6.0,user193@corp-example.com,+1-555-767-3546,crm_v2,ACTIVE,0
194,NA,US,53397.0,2024-10-27,246.35,,user194@corp-example.com,+1-555-199-6431,crm_v2,ACTIVE,1
195,EU,DE,52458.0,2024-11-08,"1,117.64",10.0,user195@corp-example.com,+1-555-432-9353,crm_v2,ACTIVE,0
196,NA,us,35787.0,2023-12-13,"1,837.38",1.0,user196@corp-example.com,+1-555-811-4525,crm_v2,cancelled,0
197,NA,IN,50033.0,2023-01-13,"2,022.99",7.0,user197@corp-example.com,+1-555-482-4092,crm_v2,ACTIVE,0
198,APAC,DE,48989.0,2024-12-19,"1,189.38",4.0,user198@corp-example.com,+1-555-769-4845,crm_v2,active,0
199,EU,United States,83003.0,2025-05-11,837.88,10.0,user199@corp-example.com,+1-555-737-4401,crm_v2,active,0
200,APAC, US,74202.0,2023-10-07,"2,245.10",,user200@corp-example.com,+1-555-615-9206,crm_v2,active,1
201,EU,United States,40570.0,2023-04-03,"1,734.38",4.0,user201@corp-example.com,+1-555-742-5197,crm_v2,active,0
202,EU, US,71152.0,2023-02-26,400.40,0.0,user202@corp-example.com,+1-555-984-1329,crm_v2,cancelled,0
203,NA,IN,63005.0,2024-03-03,925.95,7.0,user203@corp-example.com,+1-555-923-8730,crm_v2,cancelled,0
204,EU,DE,54526.0,2023-02-02,969.27,,user204@corp-example.com,+1-555-239-4558,crm_v2,ACTIVE,1
205,NA,us,66390.0,2024-03-09,"1,877.87",7.0,user205@corp-example.com,+1-555-780-4281,crm_v2,ACTIVE,0
206,APAC,IN,71026.0,2024-04-15,"1,080.24",7.0,user206@corp-example.com,+1-555-508-6906,crm_v2,active,0
207,APAC,IN,51879.0,2024-02-28,"2,343.75",0.0,user207@corp-example.com,+1-555-805-5993,crm_v2,ACTIVE,0
208,APAC,us,56032.0,2023-06-20,"4,434.66",9.0,user208@corp-example.com,+1-555-951-8547,crm_v2,active,0
209,NA,us,62233.0,2025-06-12,163.33,7.0,user209@corp-example.com,+1-555-369-4126,crm_v2,cancelled,0
210,NA,US,46053.0,2024-06-24,"1,489.50",9.0,user210@corp-example.com,+1-555-546-9064,crm_v2,active,0
211,NA,US,62506.0,2023-06-06,255.13,4.0,user211@corp-example.com,+1-555-743-1665,crm_v2,Active,0
212,NA,US,58776.0,2023-11-27,200.11,8.0,user212@corp-example.com,+1-555-483-3260,crm_v2,cancelled,0
213,EU,DE,50356.0,2024-12-28,"1,155.70",,user213@corp-example.com,+1-555-575-4530,crm_v2,ACTIVE,1
214,EU,DE,48090.0,1900-01-01,"1,793.66",10.0,user214@corp-example.com,+1-555-557-3634,crm_v2,active,0
215,NA,us,64218.0,1900-01-01,"1,737.29",8.0,user215@corp-example.com,+1-555-586-1687,crm_v2,Active,0
216,APAC,DE,72237.0,2024-03-16,"1,271.11",,user216@corp-example.com,+1-555-610-3591,crm_v2,Active,1
217,EU, US,64580.0,2023-05-11,307.14,3.0,user217@corp-example.com,+1-555-315-6701,crm_v2,active,0
218,NA, US,47914.0,2023-03-12,891.73,7.0,user218@corp-example.com,+1-555-193-3540,crm_v2,ACTIVE,0
219,EU,United States,70460.0,2023-01-03,"2,532.61",0.0,user219@corp-example.com,+1-555-442-1935,crm_v2,ACTIVE,0
220,APAC,United States,62331.0,2024-08-10,"3,693.02",7.0,user220@corp-example.com,+1-555-806-4478,crm_v2,ACTIVE,0
221,NA,US,68263.0,2023-08-21,"1,931.81",,user221@corp-example.com,+1-555-984-8971,crm_v2,ACTIVE,1
222,EU,IN,76291.0,2023-08-21,861.08,0.0,user222@corp-example.com,+1-555-771-7313,crm_v2,cancelled,0
223,EU, US,47263.0,2023-02-09,"1,089.92",4.0,user223@corp-example.com,+1-555-802-1333,crm_v2,ACTIVE,0
224,EU, US,57985.0,2024-04-02,878.98,1.0,user224@corp-example.com,+1-555-662-4655,crm_v2,ACTIVE,0
225,NA, US,51559.0,2023-03-02,529.22,2.0,user225@corp-example.com,+1-555-718-2082,crm_v2,cancelled,0
226,EU,DE,47676.0,2025-06-11,"1,192.14",8.0,user226@corp-example.com,+1-555-165-1492,crm_v2,Active,0
227,EU,US,88092.0,2025-01-15,"1,352.79",4.0,user227@corp-example.com,+1-555-249-2355,crm_v2,ACTIVE,0
228,APAC,US,73136.0,2023-05-08,538.18,5.0,user228@corp-example.com,+1-555-493-7343,crm_v2,active,0
229,APAC,United States,35159.0,2023-01-24,187.27,7.0,user229@corp-example.com,+1-555-396-6275,crm_v2,active,0
230,NA,IN,65943.0,2023-09-04,"3,444.39",1.0,user230@corp-example.com,+1-555-579-3229,crm_v2,ACTIVE,0
231,EU, US,52159.0,2023-08-27,"1,612.00",,user231@corp-example.com,+1-555-722-2228,crm_v2,cancelled,1
232,APAC,us,76073.0,2023-08-09,"1,128.22",0.0,user232@corp-example.com,+1-555-343-8548,crm_v2,ACTIVE,0
233,APAC,US,61139.0,2023-03-11,"1,296.04",7.0,user233@corp-example.com,+1-555-960-1822,crm_v2,Active,0
234,NA, US,57520.0,2024-05-01,"1,277.77",3.0,user234@corp-example.com,+1-555-193-2414,crm_v2,ACTIVE,0
235,NA,DE,61969.0,2023-05-08,"1,892.77",9.0,user235@corp-example.com,+1-555-560-4004,crm_v2,Active,0
236,EU,IN,65354.0,2023-10-05,"1,070.92",9.0,user236@corp-example.com,+1-555-404-8363,crm_v2,cancelled,0
237,NA, US,60393.0,2024-05-02,"2,036.87",2.0,user237@corp-example.com,+1-555-836-8812,crm_v2,active,0
238,EU, US,56892.0,2023-03-15,869.08,1.0,user238@corp-example.com,+1-555-217-5957,crm_v2,ACTIVE,0
239,APAC,US,58038.0,2025-03-28,"1,252.26",7.0,user239@corp-example.com,+1-555-296-6881,crm_v2,Active,0
240,NA,IN,67144.0,2024-12-19,"1,346.86",5.0,user240@corp-example.com,+1-555-856-2631,crm_v2,active,0
241,NA,IN,44149.0,2025-02-23,542.07,,user241@corp-example.com,+1-555-994-7475,crm_v2,active,1
242,NA,us,59951.0,2025-01-09,"2,444.97",5.0,user242@corp-example.com,+1-555-433-9653,crm_v2,active,0
243,EU, US,58297.0,2023-04-13,777.48,10.0,user243@corp-example.com,+1-555-231-4182,crm_v2,Active,0
244,NA,us,53166.0,2023-09-18,541.77,3.0,user244@corp-example.com,+1-555-161-1173,crm_v2,ACTIVE,0
245,NA,US,70306.0,2025-01-19,"1,343.98",,user245@corp-example.com,+1-555-978-3309,crm_v2,Active,1
246,NA,DE,41893.0,2024-08-20,"1,298.14",0.0,user246@corp-example.com,+1-555-611-4610,crm_v2,active,0
247,EU,us,54861.0,2025-02-20,"1,414.00",,user247@corp-example.com,+1-555-566-1417,crm_v2,cancelled,1
248,APAC,IN,48038.0,2023-02-06,"3,713.79",8.0,user248@corp-example.com,+1-555-530-8922,crm_v2,active,0
249,NA,us,-999.0,2023-08-13,931.66,,user249@corp-example.com,+1-555-407-5892,crm_v2,ACTIVE,1
250,NA,US,53426.0,2023-03-30,975.29,3.0,user250@corp-example.com,+1-555-106-7046,crm_v2,ACTIVE,0
251,EU,US,60670.0,2023-07-06,131.83,1.0,user251@corp-example.com,+1-555-152-7664,crm_v2,Active,0
252,NA, US,65380.0,2024-11-05,299.22,,user252@corp-example.com,+1-555-196-1915,crm_v2,Active,1
253,NA,us,37604.0,2023-11-25,922.70,9.0,user253@corp-example.com,+1-555-844-8580,crm_v2,active,0
254,NA,us,66323.0,2025-06-17,813.55,1.0,user254@corp-example.com,+1-555-588-4386,crm_v2,cancelled,0
255,NA,us,49506.0,2024-12-02,"1,675.54",8.0,user255@corp-example.com,+1-555-331-4820,crm_v2,active,0
256,NA,US,56421.0,2024-12-24,"1,629.19",8.0,user256@corp-example.com,+1-555-507-2332,crm_v2,active,0
257,EU,us,58413.0,2025-06-11,304.93,1.0,user257@corp-example.com,+1-555-277-6211,crm_v2,Active,0
258,EU,United States,71320.0,2024-05-27,"1,147.45",4.0,user258@corp-example.com,+1-555-966-4400,crm_v2,active,0
259,NA,DE,70333.0,2024-04-30,"1,058.50",2.0,user259@corp-example.com,+1-555-600-8618,crm_v2,ACTIVE,0
260,NA,US,84731.0,2024-07-11,"2,010.78",5.0,user260@corp-example.com,+1-555-179-6443,crm_v2,cancelled,0
261,EU,US,62471.0,2023-12-31,649.61,7.0,user261@corp-example.com,+1-555-466-6259,crm_v2,Active,0
262,NA,United States,53316.0,2025-04-12,486.95,5.0,user262@corp-example.com,+1-555-620-4355,crm_v2,cancelled,0
263,NA,US,52951.0,2023-11-22,560.98,7.0,user263@corp-example.com,+1-555-714-7839,crm_v2,ACTIVE,0
264,NA, US,69152.0,2024-02-10,648.13,2.0,user264@corp-example.com,+1-555-812-8244,crm_v2,cancelled,0
265,NA,us,82449.0,2024-02-09,214.88,1.0,user265@corp-example.com,+1-555-531-7975,crm_v2,active,0
266,APAC,IN,64772.0,2023-12-20,"1,810.45",,user266@corp-example.com,+1-555-812-7627,crm_v2,active,1
267,NA,us,51921.0,2023-08-08,"1,239.79",3.0,user267@corp-example.com,+1-555-820-2837,crm_v2,ACTIVE,0
268,NA, US,63842.0,2024-09-28,"1,406.55",9.0,user268@corp-example.com,+1-555-203-5639,crm_v2,Active,0
269,APAC,US,63581.0,2024-09-26,552.70,6.0,user269@corp-example.com,+1-555-497-3924,crm_v2,Active,0
270,EU, US,60455.0,2023-08-23,"1,086.75",5.0,user270@corp-example.com,+1-555-360-4104,crm_v2,ACTIVE,0
271,NA,United States,49592.0,2024-06-08,"1,747.83",6.0,user271@corp-example.com,+1-555-983-5737,crm_v2,Active,0
272,NA,DE,24440.0,2025-01-26,981.12,8.0,user272@corp-example.com,+1-555-673-6593,crm_v2,active,0
273,APAC,IN,-999.0,2023-11-10,"1,978.86",5.0,user273@corp-example.com,+1-555-793-7173,crm_v2,Active,0
274,NA,us,74748.0,2025-04-08,"1,161.38",7.0,user274@corp-example.com,+1-555-280-8415,crm_v2,ACTIVE,0
275,EU,DE,62976.0,2024-09-26,618.16,,user275@corp-example.com,+1-555-826-4928,crm_v2,active,1
276,NA,DE,29062.0,2023-06-01,"1,731.33",3.0,user276@corp-example.com,+1-555-580-2498,crm_v2,cancelled,0
277,EU, US,60070.0,2024-12-03,"2,649.65",5.0,user277@corp-example.com,+1-555-531-7243,crm_v2,cancelled,0
278,EU,IN,34124.0,2023-09-01,"2,429.80",4.0,user278@corp-example.com,+1-555-526-5235,crm_v2,Active,0
279,APAC,DE,87872.0,2023-06-18,705.86,10.0,user279@corp-example.com,+1-555-267-6167,crm_v2,active,0
280,EU,United States,62668.0,2024-01-06,"2,026.28",5.0,user280@corp-example.com,+1-555-320-8306,crm_v2,cancelled,0
281,NA,DE,43143.0,2023-12-17,"1,638.35",5.0,user281@corp-example.com,+1-555-601-4194,crm_v2,ACTIVE,0
282,NA,United States,71177.0,2031-05-01,860.00,5.0,user282@corp-example.com,+1-555-795-6056,crm_v2,ACTIVE,0
283,EU,United States,49041.0,2024-07-15,665.76,10.0,user283@corp-example.com,+1-555-873-1142,crm_v2,cancelled,0
284,EU,US,67866.0,2023-11-15,"1,536.35",10.0,user284@corp-example.com,+1-555-930-1765,crm_v2,active,0
285,NA,DE,-999.0,2024-11-02,840.10,3.0,user285@corp-example.com,+1-555-900-1034,crm_v2,Active,0
286,NA,US,43472.0,2023-04-17,"1,079.64",5.0,user286@corp-example.com,+1-555-536-5276,crm_v2,ACTIVE,0
287,EU, US,69315.0,2023-03-01,910.97,9.0,user287@corp-example.com,+1-555-229-9594,crm_v2,Active,0
288,EU,us,41239.0,2024-02-09,"1,257.44",4.0,user288@corp-example.com,+1-555-488-9469,crm_v2,ACTIVE,0
289,APAC,DE,78777.0,2023-04-06,657.68,,user289@corp-example.com,+1-555-274-2146,crm_v2,Active,1
290,NA,United States,60848.0,2024-02-01,"1,229.89",,user290@corp-example.com,+1-555-459-5014,crm_v2,Active,1
291,NA,United States,45587.0,2024-12-01,926.26,10.0,user291@corp-example.com,+1-555-935-2719,crm_v2,ACTIVE,0
292,EU, US,34605.0,2024-01-09,555.29,7.0,user292@corp-example.com,+1-555-246-3258,crm_v2,active,0
293,EU,DE,82639.0,2024-11-14,"2,081.98",9.0,user293@corp-example.com,+1-555-828-8065,crm_v2,ACTIVE,0
294,EU,us,80330.0,2024-11-11,"4,149.44",8.0,user294@corp-example.com,+1-555-391-5472,crm_v2,cancelled,0
295,APAC,DE,42391.0,2023-07-09,650.10,2.0,user295@corp-example.com,+1-555-234-7406,crm_v2,active,0
296,APAC,IN,83063.0,2024-03-24,"1,620.21",5.0,user296@corp-example.com,+1-555-817-1076,crm_v2,cancelled,0
297,APAC,US,62341.0,2023-12-17,637.36,2.0,user297@corp-example.com,+1-555-516-6915,crm_v2,ACTIVE,0
298,EU,DE,56901.0,2024-02-11,"3,025.36",,user298@corp-example.com,+1-555-645-6656,crm_v2,cancelled,1
299,NA,IN,58782.0,2024-09-05,"1,783.90",4.0,user299@corp-example.com,+1-555-376-7618,crm_v2,ACTIVE,0
300,EU, US,56239.0,2024-03-27,"3,429.47",7.0,user300@corp-example.com,+1-555-268-7649,crm_v2,Active,0
301,NA,US,80046.0,2024-04-02,"1,408.33",3.0,user301@corp-example.com,+1-555-639-2313,crm_v2,ACTIVE,0
302,EU,US,-999.0,2024-10-08,854.76,9.0,user302@corp-example.com,+1-555-631-7893,crm_v2,ACTIVE,0
303,EU, US,34190.0,2024-12-04,"1,747.78",0.0,user303@corp-example.com,+1-555-273-6424,crm_v2,cancelled,0
304,EU, US,89321.0,2023-06-15,319.31,0.0,user304@corp-example.com,+1-555-550-4930,crm_v2,active,0
305,NA,United States,72353.0,1900-01-01,117.00,7.0,user305@corp-example.com,+1-555-657-4388,crm_v2,ACTIVE,0
306,NA,us,44748.0,2025-04-07,993.76,10.0,user306@corp-example.com,+1-555-719-4179,crm_v2,Active,0
307,NA,DE,55008.0,2024-01-14,"2,833.75",3.0,user307@corp-example.com,+1-555-490-8946,crm_v2,Active,0
308,NA,US,47330.0,2024-10-19,577.58,2.0,user308@corp-example.com,+1-555-467-2390,crm_v2,Active,0
309,APAC,US,60653.0,2023-10-23,817.44,7.0,user309@corp-example.com,+1-555-445-5648,crm_v2,cancelled,0
310,EU,US,65523.0,2024-05-02,"2,245.07",9.0,user310@corp-example.com,+1-555-752-4624,crm_v2,Active,0
311,NA,DE,63336.0,2025-01-23,883.61,1.0,user311@corp-example.com,+1-555-188-8142,crm_v2,cancelled,0
312,EU,us,51619.0,2024-03-28,"2,441.30",,user312@corp-example.com,+1-555-312-4485,crm_v2,active,1
313,EU, US,48790.0,2023-10-25,"1,443.31",9.0,user313@corp-example.com,+1-555-589-9064,crm_v2,cancelled,0
314,NA,DE,71865.0,2025-06-09,"1,905.16",0.0,user314@corp-example.com,+1-555-523-7127,crm_v2,ACTIVE,0
315,APAC,US,58592.0,2024-10-16,"1,637.05",8.0,user315@corp-example.com,+1-555-597-6992,crm_v2,ACTIVE,0
316,APAC,DE,91527.0,2025-04-22,948.05,8.0,user316@corp-example.com,+1-555-186-7565,crm_v2,ACTIVE,0
317,NA,us,48693.0,2024-01-28,831.70,6.0,user317@corp-example.com,+1-555-491-3142,crm_v2,Active,0
318,NA,US,71045.0,2025-01-23,340.46,3.0,user318@corp-example.com,+1-555-565-6435,crm_v2,cancelled,0
319,EU,United States,60685.0,1900-01-01,520.23,1.0,user319@corp-example.com,+1-555-776-8438,crm_v2,active,0
320,APAC, US,49353.0,2025-03-06,598.71,5.0,user320@corp-example.com,+1-555-309-1586,crm_v2,ACTIVE,0
3448,NA,US,-999.0,2024-07-18,"1,211.37",7.0,user321@corp-example.com,+1-555-828-6696,crm_v2,cancelled,0
322,EU,United States,61731.0,2024-03-06,"2,756.29",4.0,user322@corp-example.com,+1-555-171-8562,crm_v2,ACTIVE,0
323,APAC,IN,47479.0,2023-05-24,250.35,5.0,user323@corp-example.com,+1-555-784-7421,crm_v2,ACTIVE,0
324,APAC,us,55531.0,2023-10-03,"1,306.75",8.0,user324@corp-example.com,+1-555-836-9984,crm_v2,active,0
325,NA,US,74253.0,2023-04-17,"1,344.32",7.0,user325@corp-example.com,+1-555-808-1888,crm_v2,cancelled,0
326,NA,United States,42840.0,2024-09-22,774.65,9.0,user326@corp-example.com,+1-555-937-4263,crm_v2,cancelled,0
327,APAC,us,79316.0,2025-02-11,991.72,0.0,user327@corp-example.com,+1-555-795-8792,crm_v2,active,0
328,NA,DE,-999.0,2023-06-21,333.58,8.0,user328@corp-example.com,+1-555-517-4801,crm_v2,active,0
329,NA,us,56098.0,2025-03-17,785.82,7.0,user329@corp-example.com,+1-555-104-9813,crm_v2,Active,0
330,EU,us,79012.0,2023-11-06,"2,580.07",7.0,user330@corp-example.com,+1-555-216-7428,crm_v2,active,0
331,NA,US,84510.0,2023-11-10,421.77,,user331@corp-example.com,+1-555-160-4893,crm_v2,cancelled,1
332,EU,US,68394.0,2024-02-08,"4,266.26",5.0,user332@corp-example.com,+1-555-411-2705,crm_v2,active,0
333,NA,IN,62391.0,2023-11-25,"1,045.46",9.0,user333@corp-example.com,+1-555-993-7491,crm_v2,ACTIVE,0
334,APAC,DE,85896.0,2031-05-01,375.40,,user334@corp-example.com,+1-555-365-8275,crm_v2,Active,1
3511,NA,IN,80967.0,2024-06-27,978.02,,user335@corp-example.com,+1-555-276-2619,crm_v2,ACTIVE,1
336,EU,US,46998.0,2024-11-17,21.73,3.0,user336@corp-example.com,+1-555-350-8903,crm_v2,cancelled,0
337,NA,IN,57099.0,2024-07-10,"1,015.45",9.0,user337@corp-example.com,+1-555-512-6289,crm_v2,ACTIVE,0
338,NA,United States,56980.0,2024-12-04,"3,876.37",10.0,user338@corp-example.com,+1-555-230-8490,crm_v2,ACTIVE,0
339,NA,us,54235.0,2024-06-10,168.10,2.0,user339@corp-example.com,+1-555-403-5977,crm_v2,Active,0
340,NA,United States,38984.0,2024-06-26,321.45,3.0,user340@corp-example.com,+1-555-432-8790,crm_v2,active,0
341,NA,DE,72664.0,2023-08-28,987.30,2.0,user341@corp-example.com,+1-555-521-5473,crm_v2,Active,0
342,EU, US,61176.0,2023-04-11,410.85,7.0,user342@corp-example.com,+1-555-924-2426,crm_v2,active,0
343,NA, US,61387.0,2024-12-11,"2,836.24",6.0,user343@corp-example.com,+1-555-599-1833,crm_v2,Active,0
344,NA,IN,79784.0,2024-08-15,383.55,1.0,user344@corp-example.com,+1-555-443-7466,crm_v2,ACTIVE,0
345,APAC,us,52060.0,2023-09-29,"1,153.75",4.0,user345@corp-example.com,+1-555-924-9262,crm_v2,cancelled,0
346,APAC,DE,59200.0,2024-09-23,"1,357.80",8.0,user346@corp-example.com,+1-555-311-4062,crm_v2,ACTIVE,0
347,APAC,DE,63850.0,2025-02-23,463.41,2.0,user347@corp-example.com,+1-555-900-7351,crm_v2,ACTIVE,0
348,NA,US,53921.0,2024-05-19,431.93,9.0,user348@corp-example.com,+1-555-363-9971,crm_v2,ACTIVE,0
349,NA,US,58439.0,2025-04-28,489.22,4.0,user349@corp-example.com,+1-555-408-8650,crm_v2,active,0
350,NA,US,70777.0,2025-05-09,160.64,0.0,user350@corp-example.com,+1-555-852-6559,crm_v2,cancelled,0
351,NA,US,59879.0,2023-09-02,903.76,3.0,user351@corp-example.com,+1-555-629-4060,crm_v2,Active,0
352,NA, US,78726.0,2024-10-01,648.18,1.0,user352@corp-example.com,+1-555-982-1769,crm_v2,cancelled,0
353,EU,IN,49436.0,2024-06-28,"1,427.10",,user353@corp-example.com,+1-555-814-5697,crm_v2,active,1
354,NA,DE,62839.0,2023-07-28,"1,289.40",10.0,user354@corp-example.com,+1-555-165-1317,crm_v2,Active,0
355,NA, US,39915.0,2024-09-26,"1,466.91",9.0,user355@corp-example.com,+1-555-442-4431,crm_v2,active,0
356,APAC,DE,58336.0,2024-01-24,"1,125.73",9.0,user356@corp-example.com,+1-555-517-6359,crm_v2,ACTIVE,0
357,NA,DE,50111.0,2023-07-25,861.86,9.0,user357@corp-example.com,+1-555-905-6775,crm_v2,active,0
358,NA,US,79182.0,2023-11-25,532.71,1.0,user358@corp-example.com,+1-555-833-7679,crm_v2,Active,0
359,EU, US,70485.0,2025-05-18,"1,056.80",10.0,user359@corp-example.com,+1-555-804-6022,crm_v2,cancelled,0
360,NA,DE,67171.0,2023-11-03,"1,513.66",0.0,user360@corp-example.com,+1-555-829-5241,crm_v2,active,0
361,EU,US,86000.0,2024-02-06,566.60,3.0,user361@corp-example.com,+1-555-389-9537,crm_v2,active,0
362,NA,United States,80344.0,2023-09-16,"1,093.15",6.0,user362@corp-example.com,+1-555-946-3638,crm_v2,cancelled,0
363,EU, US,70127.0,2024-04-05,"1,198.02",5.0,user363@corp-example.com,+1-555-364-3518,crm_v2,active,0
364,EU, US,50271.0,2025-03-16,376.15,0.0,user364@corp-example.com,+1-555-909-6166,crm_v2,cancelled,0
365,EU,us,39608.0,2023-11-12,278.62,7.0,user365@corp-example.com,+1-555-545-1970,crm_v2,active,0
366,NA,United States,59581.0,2023-03-29,"2,490.75",4.0,user366@corp-example.com,+1-555-108-3136,crm_v2,cancelled,0
367,EU,US,54983.0,2023-12-24,215.83,,user367@corp-example.com,+1-555-327-4361,crm_v2,ACTIVE,1
368,APAC,DE,50871.0,2024-04-10,"1,029.84",0.0,user368@corp-example.com,+1-555-878-4721,crm_v2,ACTIVE,0
369,NA,US,55901.0,2023-03-21,712.72,4.0,user369@corp-example.com,+1-555-953-6140,crm_v2,active,0
370,NA, US,36651.0,2023-12-14,"1,139.98",4.0,user370@corp-example.com,+1-555-888-5358,crm_v2,ACTIVE,0
371,NA, US,81047.0,2025-04-24,240.99,1.0,user371@corp-example.com,+1-555-929-4875,crm_v2,cancelled,0
372,APAC,IN,43895.0,2023-09-11,"1,841.83",5.0,user372@corp-example.com,+1-555-769-3795,crm_v2,active,0
373,APAC,us,50510.0,2025-02-28,"2,417.45",0.0,user373@corp-example.com,+1-555-121-1073,crm_v2,active,0
374,NA,US,68050.0,2024-09-01,"2,389.44",7.0,user374@corp-example.com,+1-555-523-6159,crm_v2,active,0
375,APAC, US,-999.0,2024-11-23,422.10,,user375@corp-example.com,+1-555-267-9414,crm_v2,cancelled,1
376,NA,IN,73018.0,2023-02-22,"1,035.69",6.0,user376@corp-example.com,+1-555-679-9882,crm_v2,ACTIVE,0
377,EU,IN,-999.0,2025-06-17,"2,349.68",10.0,user377@corp-example.com,+1-555-659-1320,crm_v2,active,0
378,NA,US,55581.0,2025-06-06,927.77,,user378@corp-example.com,+1-555-251-1500,crm_v2,ACTIVE,1
379,APAC,DE,44757.0,2025-02-19,423.97,2.0,user379@corp-example.com,+1-555-272-7272,crm_v2,cancelled,0
380,NA,IN,53299.0,2024-10-29,166.80,3.0,user380@corp-example.com,+1-555-759-7821,crm_v2,ACTIVE,0
381,NA,DE,33821.0,2024-07-08,"1,127.25",0.0,user381@corp-example.com,+1-555-778-2290,crm_v2,Active,0
382,EU,IN,79642.0,2025-03-28,984.40,9.0,user382@corp-example.com,+1-555-240-7764,crm_v2,ACTIVE,0
383,NA,us,60767.0,2023-01-22,665.60,,user383@corp-example.com,+1-555-437-4442,crm_v2,active,1
384,NA,US,49578.0,2023-10-24,206.22,3.0,user384@corp-example.com,+1-555-808-5435,crm_v2,cancelled,0
385,NA,DE,47151.0,2025-05-13,255.17,9.0,user385@corp-example.com,+1-555-768-6106,crm_v2,cancelled,0
386,APAC,DE,68123.0,2024-03-16,236.69,0.0,user386@corp-example.com,+1-555-362-3116,crm_v2,active,0
387,EU,DE,81289.0,2024-12-02,421.89,4.0,user387@corp-example.com,+1-555-415-5359,crm_v2,ACTIVE,0
388,APAC,US,41957.0,2024-07-15,"1,561.58",7.0,user388@corp-example.com,+1-555-231-3647,crm_v2,Active,0
389,EU,United States,51857.0,2024-04-22,"1,279.30",6.0,user389@corp-example.com,+1-555-256-3836,crm_v2,cancelled,0
390,EU,United States,35081.0,2025-03-07,"2,728.05",,user390@corp-example.com,+1-555-235-9044,crm_v2,active,1
391,APAC,us,69578.0,2024-03-27,"4,740.93",,user391@corp-example.com,+1-555-344-3233,crm_v2,ACTIVE,1
392,EU, US,62219.0,2025-05-30,773.61,,user392@corp-example.com,+1-555-176-5571,crm_v2,cancelled,1
393,EU,us,92027.0,2024-07-20,"1,591.61",3.0,user393@corp-example.com,+1-555-862-4669,crm_v2,active,0
394,NA,United States,58264.0,2023-05-26,665.22,10.0,user394@corp-example.com,+1-555-477-1773,crm_v2,Active,0
395,NA, US,53821.0,2024-10-16,138.09,10.0,user395@corp-example.com,+1-555-987-5166,crm_v2,Active,0
396,EU,IN,49941.0,2025-05-18,"1,065.82",0.0,user396@corp-example.com,+1-555-691-3835,crm_v2,Active,0
397,NA,us,72103.0,2024-05-08,975.68,9.0,user397@corp-example.com,+1-555-522-4881,crm_v2,active,0
398,APAC,United States,36892.0,2024-01-25,96.45,10.0,user398@corp-example.com,+1-555-827-1782,crm_v2,active,0
399,EU,IN,70650.0,2023-11-14,98.09,8.0,user399@corp-example.com,+1-555-512-9262,crm_v2,Active,0
400,NA,US,63503.0,2024-03-18,"1,748.17",7.0,user400@corp-example.com,+1-555-123-7056,crm_v2,cancelled,0
401,APAC, US,52825.0,2023-03-12,87.15,,user401@corp-example.com,+1-555-941-4404,crm_v2,cancelled,1
402,NA, US,47185.0,2024-12-21,"1,577.51",10.0,user402@corp-example.com,+1-555-698-5944,crm_v2,ACTIVE,0
403,EU,DE,-999.0,2023-12-25,"1,545.23",4.0,user403@corp-example.com,+1-555-757-1838,crm_v2,active,0
404,NA,US,86439.0,2023-02-18,328.63,3.0,user404@corp-example.com,+1-555-509-8972,crm_v2,active,0
405,APAC,IN,53667.0,2023-03-27,"1,136.05",7.0,user405@corp-example.com,+1-555-933-6354,crm_v2,ACTIVE,0
406,EU,US,67521.0,2023-07-04,"1,264.15",,user406@corp-example.com,+1-555-506-4092,crm_v2,active,1
407,APAC,United States,84761.0,2023-12-09,816.58,9.0,user407@corp-example.com,+1-555-409-2095,crm_v2,active,0
408,NA,United States,51188.0,2025-02-04,"1,882.74",4.0,user408@corp-example.com,+1-555-391-9915,crm_v2,cancelled,0
409,APAC,US,56420.0,2025-02-25,950.75,7.0,user409@corp-example.com,+1-555-619-7892,crm_v2,active,0
410,EU, US,42655.0,2024-10-01,938.79,4.0,user410@corp-example.com,+1-555-192-3483,crm_v2,Active,0
411,EU,us,57899.0,2024-12-21,651.16,9.0,user411@corp-example.com,+1-555-278-8133,crm_v2,ACTIVE,0
412,APAC,DE,58841.0,2023-02-08,"2,315.43",2.0,user412@corp-example.com,+1-555-892-1046,crm_v2,Active,0
413,NA,IN,54049.0,2024-04-02,194.66,6.0,user413@corp-example.com,+1-555-573-1889,crm_v2,active,0
414,NA,United States,49484.0,2024-04-16,812.68,5.0,user414@corp-example.com,+1-555-744-6208,crm_v2,cancelled,0
415,EU,US,37471.0,2024-09-14,853.44,2.0,user415@corp-example.com,+1-555-148-2546,crm_v2,ACTIVE,0
416,APAC,us,-999.0,2025-04-09,"1,860.51",1.0,user416@corp-example.com,+1-555-924-4062,crm_v2,cancelled,0
417,NA,us,46092.0,2024-01-21,694.98,8.0,user417@corp-example.com,+1-555-205-1990,crm_v2,active,0
418,EU, US,-999.0,2023-03-07,"3,234.45",10.0,user418@corp-example.com,+1-555-710-8826,crm_v2,Active,0
419,NA,United States,52750.0,2024-05-19,"1,215.27",7.0,user419@corp-example.com,+1-555-325-2559,crm_v2,Active,0
420,EU,DE,47869.0,2024-11-22,52.30,10.0,user420@corp-example.com,+1-555-849-3069,crm_v2,cancelled,0
421,EU,IN,69349.0,2025-03-09,624.57,3.0,user421@corp-example.com,+1-555-608-4689,crm_v2,cancelled,0
422,NA,IN,68017.0,2023-04-27,980.58,,user422@corp-example.com,+1-555-786-6765,crm_v2,active,1
423,EU,DE,49249.0,2025-05-10,"2,245.78",7.0,user423@corp-example.com,+1-555-413-5836,crm_v2,active,0
424,NA,United States,51070.0,2024-08-22,634.70,3.0,user424@corp-example.com,+1-555-231-5610,crm_v2,Active,0
425,APAC,DE,69417.0,2023-09-09,852.72,8.0,user425@corp-example.com,+1-555-701-2964,crm_v2,Active,0
426,NA,DE,65204.0,2024-03-19,772.01,3.0,user426@corp-example.com,+1-555-693-9585,crm_v2,cancelled,0
427,NA,DE,48081.0,2024-11-21,"3,259.99",9.0,user427@corp-example.com,+1-555-475-4660,crm_v2,Active,0
428,EU,us,63431.0,2023-08-22,"1,629.87",3.0,user428@corp-example.com,+1-555-145-9186,crm_v2,active,0
429,EU, US,-999.0,2023-12-10,"1,508.78",10.0,user429@corp-example.com,+1-555-871-1165,crm_v2,cancelled,0
430,EU,DE,75894.0,2023-03-29,"2,369.48",1.0,user430@corp-example.com,+1-555-682-7146,crm_v2,active,0
431,NA,US,47617.0,2024-02-12,"1,424.33",6.0,user431@corp-example.com,+1-555-253-1287,crm_v2,Active,0
432,EU, US,72604.0,2024-11-29,"1,047.57",5.0,user432@corp-example.com,+1-555-818-7867,crm_v2,ACTIVE,0
433,EU,United States,66170.0,2023-12-27,"2,657.21",7.0,user433@corp-example.com,+1-555-207-9897,crm_v2,active,0
434,APAC,DE,45594.0,2024-04-27,982.33,1.0,user434@corp-example.com,+1-555-741-8173,crm_v2,cancelled,0
435,NA,US,75059.0,2023-05-26,312.39,5.0,user435@corp-example.com,+1-555-631-2644,crm_v2,active,0
436,NA,United States,72990.0,2024-07-25,"1,472.49",4.0,user436@corp-example.com,+1-555-768-9957,crm_v2,ACTIVE,0
437,EU,DE,41153.0,2023-07-24,"1,000.22",0.0,user437@corp-example.com,+1-555-457-3378,crm_v2,cancelled,0
438,EU, US,88330.0,1900-01-01,531.34,10.0,user438@corp-example.com,+1-555-519-2283,crm_v2,Active,0
439,NA,US,43609.0,2025-02-28,"1,218.83",0.0,user439@corp-example.com,+1-555-458-7706,crm_v2,cancelled,0
440,EU,United States,46858.0,2023-03-11,"1,078.13",0.0,user440@corp-example.com,+1-555-752-9531,crm_v2,ACTIVE,0
441,NA,US,-999.0,2024-06-01,726.12,,user441@corp-example.com,+1-555-810-9505,crm_v2,cancelled,1
442,NA, US,71022.0,2024-05-11,"3,945.97",0.0,user442@corp-example.com,+1-555-835-6446,crm_v2,cancelled,0
443,APAC,IN,-999.0,2023-05-22,"2,742.92",1.0,user443@corp-example.com,+1-555-567-5480,crm_v2,active,0
444,NA, US,58644.0,2024-02-22,"1,800.57",6.0,user444@corp-example.com,+1-555-572-2637,crm_v2,active,0
445,NA,us,79566.0,2025-06-05,191.67,4.0,user445@corp-example.com,+1-555-906-4584,crm_v2,cancelled,0
446,EU,DE,65800.0,2024-10-20,401.19,,user446@corp-example.com,+1-555-793-1408,crm_v2,active,1
447,EU,United States,-999.0,2024-12-01,926.82,8.0,user447@corp-example.com,+1-555-432-1361,crm_v2,Active,0
448,EU,United States,100399.0,2023-07-04,"1,503.29",10.0,user448@corp-example.com,+1-555-994-6247,crm_v2,ACTIVE,0
449,APAC,US,62774.0,2024-11-18,"1,701.85",,user449@corp-example.com,+1-555-557-3090,crm_v2,ACTIVE,1
450,NA,United States,23053.0,2024-08-13,377.86,5.0,user450@corp-example.com,+1-555-387-4770,crm_v2,ACTIVE,0
451,EU,IN,53504.0,2024-05-03,"1,047.22",,user451@corp-example.com,+1-555-812-5297,crm_v2,active,1
452,APAC,DE,44548.0,2031-05-01,950.74,5.0,user452@corp-example.com,+1-555-343-6182,crm_v2,cancelled,0
453,EU,US,61324.0,2024-06-24,623.91,10.0,user453@corp-example.com,+1-555-914-2500,crm_v2,Active,0
454,EU,US,61404.0,2023-05-27,562.15,7.0,user454@corp-example.com,+1-555-370-6202,crm_v2,cancelled,0
455,NA,DE,42360.0,2023-05-11,"2,777.00",7.0,user455@corp-example.com,+1-555-893-3366,crm_v2,Active,0
456,EU,IN,43409.0,2024-09-14,184.31,9.0,user456@corp-example.com,+1-555-542-9021,crm_v2,ACTIVE,0
457,NA,IN,56202.0,2023-06-12,"1,437.74",2.0,user457@corp-example.com,+1-555-139-3998,crm_v2,ACTIVE,0
458,EU,US,57170.0,2023-11-02,388.94,7.0,user458@corp-example.com,+1-555-920-2731,crm_v2,active,0
459,NA,us,22479.0,2024-08-20,"3,970.87",7.0,user459@corp-example.com,+1-555-564-7255,crm_v2,active,0
460,NA,United States,74027.0,2023-06-17,248.28,3.0,user460@corp-example.com,+1-555-536-7054,crm_v2,Active,0
461,EU,US,60447.0,2024-08-24,"2,088.25",7.0,user461@corp-example.com,+1-555-576-4229,crm_v2,ACTIVE,0
462,EU, US,59856.0,2024-11-08,474.35,6.0,user462@corp-example.com,+1-555-859-2714,crm_v2,cancelled,0
463,NA,US,64284.0,2023-12-23,514.76,4.0,user463@corp-example.com,+1-555-715-3888,crm_v2,cancelled,0
464,APAC,us,45212.0,2023-05-02,543.87,9.0,user464@corp-example.com,+1-555-255-8645,crm_v2,active,0
465,NA,US,59265.0,2025-01-03,"2,189.04",,user465@corp-example.com,+1-555-106-6207,crm_v2,ACTIVE,1
466,APAC,United States,75007.0,2023-03-18,872.63,0.0,user466@corp-example.com,+1-555-745-4260,crm_v2,active,0
467,EU,DE,75577.0,2023-07-23,536.76,5.0,user467@corp-example.com,+1-555-916-4759,crm_v2,ACTIVE,0
468,NA,us,66684.0,2025-03-09,661.28,0.0,user468@corp-example.com,+1-555-113-5104,crm_v2,active,0
469,EU,United States,55958.0,2023-05-23,"2,932.11",6.0,user469@corp-example.com,+1-555-221-6838,crm_v2,active,0
470,NA,United States,48099.0,2025-06-07,300.12,7.0,user470@corp-example.com,+1-555-238-7786,crm_v2,ACTIVE,0
471,NA,IN,79134.0,2023-02-24,571.22,,user471@corp-example.com,+1-555-928-5580,crm_v2,active,1
472,APAC,US,67605.0,2023-07-23,299.47,7.0,user472@corp-example.com,+1-555-175-6567,crm_v2,ACTIVE,0
473,EU,United States,53860.0,2025-04-20,"1,401.82",5.0,user473@corp-example.com,+1-555-473-8366,crm_v2,Active,0
474,EU,DE,28472.0,2024-11-24,723.11,6.0,user474@corp-example.com,+1-555-157-9095,crm_v2,ACTIVE,0
475,EU,United States,47358.0,2024-04-21,"1,001.67",5.0,user475@corp-example.com,+1-555-205-7670,crm_v2,active,0
476,EU,United States,31948.0,2025-05-10,439.65,1.0,user476@corp-example.com,+1-555-785-5295,crm_v2,Active,0
477,EU,us,78132.0,2024-06-03,945.41,1.0,user477@corp-example.com,+1-555-613-3768,crm_v2,active,0
478,NA,IN,62741.0,2023-03-29,717.36,3.0,user478@corp-example.com,+1-555-513-3606,crm_v2,active,0
479,NA,us,49148.0,2024-08-10,900.96,3.0,user479@corp-example.com,+1-555-360-4111,crm_v2,active,0
480,NA,IN,55964.0,2024-11-19,580.04,4.0,user480@corp-example.com,+1-555-395-7896,crm_v2,Active,0
481,NA,IN,-999.0,2023-04-18,12.55,,user481@corp-example.com,+1-555-144-5822,crm_v2,cancelled,1
482,NA,United States,-999.0,2024-11-23,884.38,7.0,user482@corp-example.com,+1-555-348-4455,crm_v2,Active,0
483,APAC,IN,40369.0,2025-03-03,838.48,2.0,user483@corp-example.com,+1-555-261-8461,crm_v2,cancelled,0
484,NA,us,58087.0,2025-05-07,378.92,0.0,user484@corp-example.com,+1-555-671-8138,crm_v2,active,0
485,NA, US,42002.0,2025-05-29,516.70,8.0,user485@corp-example.com,+1-555-169-5722,crm_v2,ACTIVE,0
486,NA,DE,34777.0,1900-01-01,854.10,3.0,user486@corp-example.com,+1-555-873-6605,crm_v2,ACTIVE,0
487,EU,DE,62548.0,2023-08-03,"1,830.22",2.0,user487@corp-example.com,+1-555-462-7074,crm_v2,cancelled,0
488,APAC,DE,95373.0,2023-11-21,"1,495.06",9.0,user488@corp-example.com,+1-555-692-3747,crm_v2,ACTIVE,0
489,APAC,DE,82879.0,2023-07-31,"1,119.44",10.0,user489@corp-example.com,+1-555-553-8451,crm_v2,cancelled,0
490,NA,us,60640.0,2024-12-10,237.35,9.0,user490@corp-example.com,+1-555-948-1577,crm_v2,Active,0
491,NA,us,54480.0,2025-02-05,"1,794.08",1.0,user491@corp-example.com,+1-555-389-6346,crm_v2,cancelled,0
492,APAC,US,62956.0,2023-10-04,"1,018.40",2.0,user492@corp-example.com,+1-555-817-3638,crm_v2,active,0
493,NA,us,-999.0,2024-04-02,"1,042.02",,user493@corp-example.com,+1-555-359-6484,crm_v2,cancelled,1
494,EU,United States,38533.0,2024-05-09,879.28,,user494@corp-example.com,+1-555-262-3933,crm_v2,cancelled,1
495,NA,DE,-999.0,2023-06-24,"1,563.73",5.0,user495@corp-example.com,+1-555-398-1634,crm_v2,ACTIVE,0
496,APAC,us,87662.0,2023-04-23,502.43,,user496@corp-example.com,+1-555-555-3776,crm_v2,Active,1
497,NA,IN,64121.0,2025-05-24,382.18,6.0,user497@corp-example.com,+1-555-827-6566,crm_v2,active,0
498,NA,IN,83644.0,2024-11-08,743.01,0.0,user498@corp-example.com,+1-555-432-7709,crm_v2,ACTIVE,0
499,NA,IN,63499.0,2025-01-23,"1,600.56",7.0,user499@corp-example.com,+1-555-807-8142,crm_v2,Active,0
500,NA,United States,81766.0,2025-05-24,"2,275.01",8.0,user500@corp-example.com,+1-555-154-3545,crm_v2,ACTIVE,0
501,APAC, US,50988.0,2023-12-02,"1,616.45",5.0,user501@corp-example.com,+1-555-577-3693,crm_v2,cancelled,0
502,APAC,United States,67340.0,2023-02-05,"2,080.86",10.0,user502@corp-example.com,+1-555-379-8470,crm_v2,active,0
503,NA,US,82897.0,2024-07-20,987.61,4.0,user503@corp-example.com,+1-555-758-6104,crm_v2,Active,0
504,EU,United States,75072.0,2023-07-22,"1,689.54",6.0,user504@corp-example.com,+1-555-319-3537,crm_v2,cancelled,0
505,NA,us,53204.0,2024-10-17,"2,785.80",8.0,user505@corp-example.com,+1-555-679-2047,crm_v2,cancelled,0
506,NA,US,73218.0,2023-08-04,"1,001.73",6.0,user506@corp-example.com,+1-555-702-5139,crm_v2,Active,0
507,EU,US,50173.0,2023-11-19,"1,507.54",2.0,user507@corp-example.com,+1-555-315-7434,crm_v2,active,0
508,NA,US,38912.0,2025-02-09,"1,421.78",3.0,user508@corp-example.com,+1-555-115-8357,crm_v2,cancelled,0
509,NA,IN,67743.0,2024-06-10,658.12,9.0,user509@corp-example.com,+1-555-656-2408,crm_v2,cancelled,0
510,EU,us,80713.0,1900-01-01,"1,934.06",2.0,user510@corp-example.com,+1-555-409-9210,crm_v2,cancelled,0
511,EU,us,72579.0,2023-12-07,373.93,1.0,user511@corp-example.com,+1-555-551-1402,crm_v2,Active,0
512,NA, US,41363.0,2023-09-29,792.74,,user512@corp-example.com,+1-555-591-3841,crm_v2,ACTIVE,1
513,EU,IN,72879.0,2025-01-29,958.09,1.0,user513@corp-example.com,+1-555-459-5957,crm_v2,Active,0
514,APAC,US,70069.0,2024-02-11,"1,288.40",5.0,user514@corp-example.com,+1-555-418-3603,crm_v2,ACTIVE,0
515,NA,us,53180.0,2023-07-25,478.60,3.0,user515@corp-example.com,+1-555-226-5401,crm_v2,ACTIVE,0
516,NA,United States,23119.0,2024-01-27,"1,002.59",1.0,user516@corp-example.com,+1-555-594-7049,crm_v2,ACTIVE,0
517,EU,IN,75067.0,2024-02-10,"1,310.14",4.0,user517@corp-example.com,+1-555-133-3688,crm_v2,active,0
1691,NA,United States,73159.0,2023-03-29,775.14,1.0,user518@corp-example.com,+1-555-270-7845,crm_v2,ACTIVE,0
519,EU, US,67383.0,2023-02-20,926.84,5.0,user519@corp-example.com,+1-555-983-9284,crm_v2,ACTIVE,0
520,NA,IN,34285.0,2024-10-05,181.47,,user520@corp-example.com,+1-555-214-2884,crm_v2,ACTIVE,1
521,EU,IN,37865.0,2024-06-22,304.05,4.0,user521@corp-example.com,+1-555-199-4558,crm_v2,cancelled,0
522,NA,IN,75044.0,2023-03-21,414.31,3.0,user522@corp-example.com,+1-555-166-2172,crm_v2,active,0
523,NA,United States,71936.0,2023-02-23,646.07,9.0,user523@corp-example.com,+1-555-637-3942,crm_v2,Active,0
524,EU,us,67351.0,2023-05-22,395.63,,user524@corp-example.com,+1-555-107-6346,crm_v2,cancelled,1
525,EU,DE,56328.0,2023-11-04,"1,391.28",4.0,user525@corp-example.com,+1-555-198-1555,crm_v2,cancelled,0
526,NA,United States,65862.0,2023-07-20,"1,915.34",3.0,user526@corp-example.com,+1-555-302-9313,crm_v2,cancelled,0
527,APAC,US,51936.0,2024-11-14,"3,266.32",8.0,user527@corp-example.com,+1-555-895-1968,crm_v2,Active,0
528,NA,IN,55348.0,2025-05-19,274.50,,user528@corp-example.com,+1-555-135-7061,crm_v2,cancelled,1
529,NA,US,47087.0,2024-05-04,"1,194.65",7.0,user529@corp-example.com,+1-555-992-7500,crm_v2,active,0
530,NA,DE,63841.0,2024-08-19,"3,430.06",,user530@corp-example.com,+1-555-601-9989,crm_v2,cancelled,1
531,NA, US,53768.0,2023-11-05,"1,514.83",,user531@corp-example.com,+1-555-772-5143,crm_v2,Active,1
532,NA,us,74187.0,2024-06-11,554.35,7.0,user532@corp-example.com,+1-555-957-9625,crm_v2,cancelled,0
533,EU,IN,70734.0,2024-03-15,"1,408.43",3.0,user533@corp-example.com,+1-555-680-9169,crm_v2,cancelled,0
534,EU,United States,-999.0,2023-10-19,"2,127.81",1.0,user534@corp-example.com,+1-555-439-2481,crm_v2,Active,0
535,NA,IN,87394.0,2023-04-16,"2,600.99",9.0,user535@corp-example.com,+1-555-974-6326,crm_v2,Active,0
4227,NA,us,43256.0,2025-06-01,355.61,4.0,user536@corp-example.com,+1-555-245-6272,crm_v2,cancelled,0
537,NA,DE,66717.0,1900-01-01,"2,359.16",7.0,user537@corp-example.com,+1-555-987-7017,crm_v2,active,0
538,EU,DE,-999.0,2024-12-06,"1,028.49",8.0,user538@corp-example.com,+1-555-472-6335,crm_v2,ACTIVE,0
539,NA,United States,79128.0,2025-04-06,"1,866.05",3.0,user539@corp-example.com,+1-555-278-5621,crm_v2,ACTIVE,0
540,APAC,us,27046.0,2024-08-10,498.68,7.0,user540@corp-example.com,+1-555-495-2607,crm_v2,Active,0
541,EU,US,74952.0,2023-05-08,"1,433.14",6.0,user541@corp-example.com,+1-555-356-8222,crm_v2,ACTIVE,0
542,EU, US,78224.0,2025-06-05,391.65,10.0,user542@corp-example.com,+1-555-272-6066,crm_v2,cancelled,0
543,EU,IN,81499.0,2024-12-07,"1,490.90",3.0,user543@corp-example.com,+1-555-458-4183,crm_v2,Active,0
544,EU,us,26747.0,2023-12-16,"1,584.71",7.0,user544@corp-example.com,+1-555-864-4954,crm_v2,active,0
545,NA,United States,49884.0,2024-10-27,140.02,7.0,user545@corp-example.com,+1-555-378-1731,crm_v2,active,0
546,NA,DE,58523.0,2024-11-06,"1,308.21",,user546@corp-example.com,+1-555-893-8405,crm_v2,active,1
547,NA,United States,53331.0,2024-07-26,"1,200.28",6.0,user547@corp-example.com,+1-555-620-5840,crm_v2,ACTIVE,0
548,NA, US,80058.0,2023-05-02,387.99,4.0,user548@corp-example.com,+1-555-592-7759,crm_v2,ACTIVE,0
549,NA,IN,49843.0,2024-12-01,"1,155.97",1.0,user549@corp-example.com,+1-555-823-1663,crm_v2,ACTIVE,0
550,NA, US,78387.0,2024-04-02,"1,294.28",1.0,user550@corp-example.com,+1-555-501-2878,crm_v2,ACTIVE,0
551,EU,us,68402.0,2023-05-01,605.63,1.0,user551@corp-example.com,+1-555-695-9595,crm_v2,active,0
552,NA,IN,38229.0,2025-05-13,787.24,,user552@corp-example.com,+1-555-407-3137,crm_v2,ACTIVE,1
553,NA,United States,45148.0,2023-11-20,949.83,1.0,user553@corp-example.com,+1-555-720-7244,crm_v2,cancelled,0
554,NA,US,52974.0,2023-09-03,"2,454.90",6.0,user554@corp-example.com,+1-555-815-2357,crm_v2,cancelled,0
555,NA,DE,61449.0,2023-11-05,423.77,9.0,user555@corp-example.com,+1-555-816-8818,crm_v2,cancelled,0
556,APAC,us,74881.0,2023-07-06,"2,940.19",9.0,user556@corp-example.com,+1-555-466-8138,crm_v2,cancelled,0
2481,NA,DE,-999.0,2023-07-20,317.14,9.0,user557@corp-example.com,+1-555-263-9196,crm_v2,active,0
558,NA,IN,73625.0,2023-09-16,378.02,9.0,user558@corp-example.com,+1-555-102-3148,crm_v2,ACTIVE,0
559,NA,US,36404.0,2023-07-30,"3,697.31",9.0,user559@corp-example.com,+1-555-110-2689,crm_v2,cancelled,0
560,NA,US,14279.0,2025-02-21,325.80,10.0,user560@corp-example.com,+1-555-402-9387,crm_v2,active,0
561,NA,DE,54946.0,2023-10-03,"1,282.57",1.0,user561@corp-example.com,+1-555-371-3467,crm_v2,cancelled,0
562,NA, US,66876.0,2024-02-25,"1,225.81",7.0,user562@corp-example.com,+1-555-843-9974,crm_v2,ACTIVE,0
563,NA,IN,54583.0,2025-05-16,771.71,7.0,user563@corp-example.com,+1-555-499-1119,crm_v2,cancelled,0
564,NA,DE,44857.0,2023-06-21,"1,644.58",,user564@corp-example.com,+1-555-826-8819,crm_v2,Active,1
565,EU,United States,66335.0,2023-12-11,"1,392.92",9.0,user565@corp-example.com,+1-555-180-4746,crm_v2,ACTIVE,0
566,NA,IN,-999.0,2024-04-23,"2,113.55",2.0,user566@corp-example.com,+1-555-636-9635,crm_v2,Active,0
567,EU,us,58449.0,2024-12-13,"1,762.06",9.0,user567@corp-example.com,+1-555-494-1898,crm_v2,active,0
568,NA, US,-999.0,2024-08-27,"1,745.89",10.0,user568@corp-example.com,+1-555-879-3185,crm_v2,cancelled,0
569,NA,IN,47318.0,1900-01-01,"2,305.99",6.0,user569@corp-example.com,+1-555-177-9406,crm_v2,cancelled,0
570,APAC,United States,89490.0,2023-11-20,336.67,,user570@corp-example.com,+1-555-168-1511,crm_v2,ACTIVE,1
571,NA,US,59395.0,2024-10-29,761.73,4.0,user571@corp-example.com,+1-555-692-9376,crm_v2,cancelled,0
572,APAC,US,69183.0,2024-03-22,"1,305.17",0.0,user572@corp-example.com,+1-555-459-4538,crm_v2,active,0
573,APAC,us,78300.0,2024-03-17,"3,262.67",,user573@corp-example.com,+1-555-962-2643,crm_v2,Active,1
574,EU,us,76158.0,2024-04-18,289.75,,user574@corp-example.com,+1-555-814-7707,crm_v2,cancelled,1
575,NA,IN,46171.0,2024-04-02,990.43,10.0,user575@corp-example.com,+1-555-204-7091,crm_v2,ACTIVE,0
576,EU,us,74340.0,2025-04-19,151.88,5.0,user576@corp-example.com,+1-555-264-1457,crm_v2,ACTIVE,0
577,EU,United States,72658.0,1900-01-01,"4,139.87",0.0,user577@corp-example.com,+1-555-834-9215,crm_v2,cancelled,0
578,EU,IN,67339.0,2023-11-07,"1,510.77",8.0,user578@corp-example.com,+1-555-876-9297,crm_v2,ACTIVE,0
579,NA, US,75144.0,2025-03-07,"2,089.13",,user579@corp-example.com,+1-555-449-8180,crm_v2,ACTIVE,1
580,APAC,us,51581.0,2024-02-11,494.67,7.0,user580@corp-example.com,+1-555-729-6158,crm_v2,active,0
581,APAC,DE,58885.0,2023-12-04,"1,995.39",5.0,user581@corp-example.com,+1-555-914-3718,crm_v2,Active,0
582,NA, US,52129.0,2025-02-10,"1,373.02",3.0,user582@corp-example.com,+1-555-936-9448,crm_v2,cancelled,0
583,NA,United States,71375.0,2024-10-03,"1,342.58",0.0,user583@corp-example.com,+1-555-383-7730,crm_v2,ACTIVE,0
584,NA,DE,50204.0,2024-08-01,"3,819.17",4.0,user584@corp-example.com,+1-555-417-2876,crm_v2,cancelled,0
585,APAC,US,65900.0,2025-02-21,"1,625.95",8.0,user585@corp-example.com,+1-555-488-3301,crm_v2,active,0
586,APAC,us,-999.0,2023-04-01,303.84,8.0,user586@corp-example.com,+1-555-883-8205,crm_v2,ACTIVE,0
587,APAC,us,-999.0,2024-05-29,"1,160.74",,user587@corp-example.com,+1-555-478-6416,crm_v2,active,1
588,EU, US,54573.0,2024-12-25,"1,050.95",5.0,user588@corp-example.com,+1-555-944-4363,crm_v2,cancelled,0
589,EU,DE,58287.0,2023-11-24,"2,093.98",3.0,user589@corp-example.com,+1-555-896-6447,crm_v2,ACTIVE,0
590,EU,US,61994.0,2024-07-27,"2,983.17",9.0,user590@corp-example.com,+1-555-796-4924,crm_v2,cancelled,0
591,EU,DE,57242.0,2025-02-25,509.36,6.0,user591@corp-example.com,+1-555-175-9537,crm_v2,cancelled,0
592,APAC,DE,56708.0,2023-09-09,"1,476.10",6.0,user592@corp-example.com,+1-555-639-6362,crm_v2,cancelled,0
593,EU,US,28946.0,2023-03-30,365.28,10.0,user593@corp-example.com,+1-555-678-6841,crm_v2,active,0
594,NA,us,76579.0,2025-01-26,692.77,4.0,user594@corp-example.com,+1-555-181-6799,crm_v2,cancelled,0
595,EU,United States,50651.0,2024-11-11,339.28,5.0,user595@corp-example.com,+1-555-915-3219,crm_v2,Active,0
596,NA,IN,-999.0,2024-01-25,264.87,6.0,user596@corp-example.com,+1-555-250-2709,crm_v2,Active,0
597,EU,DE,47590.0,2023-09-18,"1,238.79",10.0,user597@corp-example.com,+1-555-716-2232,crm_v2,Active,0
598,EU,us,74988.0,2025-03-25,"1,031.68",1.0,user598@corp-example.com,+1-555-196-6743,crm_v2,active,0
599,NA,us,46435.0,1900-01-01,82.39,6.0,user599@corp-example.com,+1-555-579-6149,crm_v2,active,0
600,APAC,United States,67565.0,2023-11-09,"1,136.02",9.0,user600@corp-example.com,+1-555-943-1517,crm_v2,ACTIVE,0
601,EU,US,77675.0,2023-07-16,681.75,1.0,user601@corp-example.com,+1-555-438-8812,crm_v2,ACTIVE,0
602,NA,United States,84683.0,1900-01-01,"1,505.49",,user602@corp-example.com,+1-555-341-7094,crm_v2,ACTIVE,1
603,NA, US,77823.0,2025-03-10,622.14,7.0,user603@corp-example.com,+1-555-903-2865,crm_v2,ACTIVE,0
604,NA, US,69293.0,2023-09-12,"2,113.47",,user604@corp-example.com,+1-555-416-2675,crm_v2,ACTIVE,1
605,NA,IN,42043.0,2024-03-02,"1,028.58",0.0,user605@corp-example.com,+1-555-269-5556,crm_v2,cancelled,0
606,NA,us,79362.0,2024-04-12,942.97,10.0,user606@corp-example.com,+1-555-455-7443,crm_v2,ACTIVE,0
607,NA,DE,77831.0,2023-04-14,581.94,6.0,user607@corp-example.com,+1-555-248-2981,crm_v2,ACTIVE,0
608,APAC,US,72587.0,2023-10-15,822.34,7.0,user608@corp-example.com,+1-555-450-2213,crm_v2,cancelled,0
609,NA,us,72066.0,2024-12-24,"2,917.48",7.0,user609@corp-example.com,+1-555-789-2067,crm_v2,Active,0
610,APAC,DE,61189.0,2024-02-04,356.87,,user610@corp-example.com,+1-555-669-8390,crm_v2,ACTIVE,1
611,EU,IN,52331.0,2023-11-07,176.75,8.0,user611@corp-example.com,+1-555-718-4045,crm_v2,Active,0
612,APAC,DE,76253.0,1900-01-01,653.17,5.0,user612@corp-example.com,+1-555-574-4318,crm_v2,cancelled,0
613,NA,DE,79140.0,2023-03-28,"1,420.59",5.0,user613@corp-example.com,+1-555-421-8505,crm_v2,Active,0
614,NA,IN,44520.0,2023-01-08,"2,163.64",7.0,user614@corp-example.com,+1-555-403-6157,crm_v2,active,0
615,EU,us,73772.0,2025-01-29,"1,630.83",2.0,user615@corp-example.com,+1-555-203-8515,crm_v2,Active,0
616,NA,US,63779.0,2023-02-22,588.31,5.0,user616@corp-example.com,+1-555-544-3502,crm_v2,cancelled,0
617,NA,us,73378.0,2023-03-18,14.98,9.0,user617@corp-example.com,+1-555-423-3687,crm_v2,Active,0
618,EU, US,64225.0,2023-09-21,505.38,5.0,user618@corp-example.com,+1-555-792-9496,crm_v2,ACTIVE,0
619,EU,us,76757.0,2023-07-05,497.43,4.0,user619@corp-example.com,+1-555-345-5980,crm_v2,ACTIVE,0
620,NA, US,75476.0,2025-01-22,258.27,8.0,user620@corp-example.com,+1-555-361-6068,crm_v2,cancelled,0
621,NA, US,73420.0,2023-06-23,508.82,,user621@corp-example.com,+1-555-522-5234,crm_v2,ACTIVE,1
622,APAC,US,39542.0,2023-12-20,"1,663.31",9.0,user622@corp-example.com,+1-555-642-8532,crm_v2,active,0
623,NA, US,-999.0,2024-01-01,260.72,,user623@corp-example.com,+1-555-207-2017,crm_v2,ACTIVE,1
624,EU,US,60924.0,2024-08-07,848.85,3.0,user624@corp-example.com,+1-555-165-1499,crm_v2,cancelled,0
625,NA,us,43359.0,2025-05-26,756.13,9.0,user625@corp-example.com,+1-555-591-5060,crm_v2,cancelled,0
626,APAC,us,70763.0,2023-03-05,316.08,5.0,user626@corp-example.com,+1-555-341-4882,crm_v2,Active,0
627,NA,IN,39774.0,2023-03-07,782.83,6.0,user627@corp-example.com,+1-555-762-7137,crm_v2,active,0
628,EU,us,73581.0,2023-02-14,"2,679.20",2.0,user628@corp-example.com,+1-555-151-9479,crm_v2,Active,0
629,NA,DE,85517.0,2025-06-07,"1,764.08",9.0,user629@corp-example.com,+1-555-436-9726,crm_v2,ACTIVE,0
630,EU,DE,52729.0,2024-11-15,"5,741.63",3.0,user630@corp-example.com,+1-555-326-3504,crm_v2,ACTIVE,0
631,APAC, US,73969.0,2023-09-06,"2,546.52",3.0,user631@corp-example.com,+1-555-398-5833,crm_v2,cancelled,0
632,NA,US,66985.0,2023-11-22,"1,193.10",8.0,user632@corp-example.com,+1-555-615-2874,crm_v2,active,0
633,NA,IN,69965.0,2024-01-12,"2,359.69",2.0,user633@corp-example.com,+1-555-157-9228,crm_v2,Active,0
634,EU,United States,40111.0,2023-06-26,878.75,0.0,user634@corp-example.com,+1-555-685-7139,crm_v2,Active,0
635,EU,DE,69366.0,2024-12-12,"1,113.55",4.0,user635@corp-example.com,+1-555-138-9880,crm_v2,ACTIVE,0
636,NA,IN,62285.0,2024-02-27,464.02,1.0,user636@corp-example.com,+1-555-653-5266,crm_v2,active,0
637,EU,IN,71320.0,2025-02-06,"1,303.68",8.0,user637@corp-example.com,+1-555-796-9491,crm_v2,Active,0
638,NA, US,-999.0,2024-08-08,"1,231.40",3.0,user638@corp-example.com,+1-555-150-7790,crm_v2,Active,0
639,APAC,DE,76641.0,2023-04-27,348.68,2.0,user639@corp-example.com,+1-555-864-5914,crm_v2,ACTIVE,0
640,NA,United States,64412.0,2023-04-04,988.49,0.0,user640@corp-example.com,+1-555-574-2076,crm_v2,active,0
641,EU,United States,70454.0,2024-09-14,624.66,2.0,user641@corp-example.com,+1-555-456-2793,crm_v2,cancelled,0
642,EU, US,-999.0,2024-09-26,"2,876.46",6.0,user642@corp-example.com,+1-555-156-2359,crm_v2,active,0
643,EU,DE,63070.0,2024-02-11,247.54,7.0,user643@corp-example.com,+1-555-548-1800,crm_v2,cancelled,0
644,NA,us,75154.0,1900-01-01,38.00,10.0,user644@corp-example.com,+1-555-398-8002,crm_v2,cancelled,0
645,EU,DE,63759.0,2023-03-17,"1,153.59",0.0,user645@corp-example.com,+1-555-854-3552,crm_v2,cancelled,0
646,EU, US,-999.0,2025-04-20,"1,527.57",9.0,user646@corp-example.com,+1-555-788-9258,crm_v2,ACTIVE,0
647,NA,DE,52568.0,2025-06-17,"1,531.07",0.0,user647@corp-example.com,+1-555-357-3930,crm_v2,active,0
648,NA, US,71921.0,2024-05-16,817.84,3.0,user648@corp-example.com,+1-555-173-5249,crm_v2,Active,0
649,APAC,IN,78625.0,2024-01-06,"1,161.03",2.0,user649@corp-example.com,+1-555-924-5988,crm_v2,ACTIVE,0
650,EU,IN,59205.0,2023-09-04,"1,011.01",6.0,user650@corp-example.com,+1-555-442-1655,crm_v2,Active,0
651,NA, US,72208.0,2024-09-17,"1,245.77",9.0,user651@corp-example.com,+1-555-447-1865,crm_v2,active,0
652,EU, US,66791.0,2024-06-03,"1,380.06",,user652@corp-example.com,+1-555-666-2567,crm_v2,Active,1
653,NA, US,44048.0,2024-11-03,"1,772.43",7.0,user653@corp-example.com,+1-555-532-9974,crm_v2,Active,0
654,NA,DE,65677.0,2024-09-21,734.82,,user654@corp-example.com,+1-555-371-9099,crm_v2,ACTIVE,1
655,APAC,us,80003.0,2023-08-06,130.45,5.0,user655@corp-example.com,+1-555-352-9025,crm_v2,Active,0
656,NA,US,53262.0,2023-06-08,635.13,8.0,user656@corp-example.com,+1-555-671-3897,crm_v2,cancelled,0
657,NA,IN,34077.0,2023-09-13,"1,561.86",8.0,user657@corp-example.com,+1-555-332-7670,crm_v2,Active,0
658,NA,United States,63498.0,2023-08-06,"1,394.49",,user658@corp-example.com,+1-555-594-3311,crm_v2,ACTIVE,1
659,NA,IN,50955.0,2023-12-19,703.24,1.0,user659@corp-example.com,+1-555-374-7442,crm_v2,Active,0
660,NA,IN,88560.0,2023-03-15,"4,393.15",10.0,user660@corp-example.com,+1-555-619-5003,crm_v2,active,0
661,NA, US,59879.0,2025-03-06,816.22,9.0,user661@corp-example.com,+1-555-325-4807,crm_v2,ACTIVE,0
662,NA, US,60419.0,2024-06-23,860.92,10.0,user662@corp-example.com,+1-555-178-3407,crm_v2,active,0
663,NA, US,51197.0,2025-01-23,366.83,1.0,user663@corp-example.com,+1-555-840-8153,crm_v2,cancelled,0
664,NA,United States,64191.0,2023-11-25,186.35,8.0,user664@corp-example.com,+1-555-285-8510,crm_v2,Active,0
665,NA,US,52166.0,2024-08-11,"1,581.58",6.0,user665@corp-example.com,+1-555-413-2467,crm_v2,active,0
666,EU,us,47176.0,2024-06-01,"1,508.25",0.0,user666@corp-example.com,+1-555-221-7739,crm_v2,Active,0
667,APAC,IN,59586.0,2023-11-07,110.70,6.0,user667@corp-example.com,+1-555-472-5712,crm_v2,Active,0
668,NA,IN,48545.0,2024-05-04,"2,638.16",3.0,user668@corp-example.com,+1-555-752-6969,crm_v2,Active,0
669,EU,DE,79973.0,2023-10-09,"1,466.01",3.0,user669@corp-example.com,+1-555-842-8289,crm_v2,active,0
670,EU,DE,43305.0,2024-01-27,630.88,1.0,user670@corp-example.com,+1-555-616-4468,crm_v2,active,0
671,NA,IN,-999.0,2023-11-17,"1,933.88",9.0,user671@corp-example.com,+1-555-710-5207,crm_v2,ACTIVE,0
672,NA,US,50365.0,2023-12-20,501.34,,user672@corp-example.com,+1-555-240-7038,crm_v2,ACTIVE,1
673,APAC,United States,40169.0,2023-12-15,"1,596.89",3.0,user673@corp-example.com,+1-555-742-5804,crm_v2,Active,0
674,NA,DE,-999.0,2023-07-19,727.42,2.0,user674@corp-example.com,+1-555-784-1852,crm_v2,ACTIVE,0
675,APAC,United States,29544.0,2024-02-22,438.41,2.0,user675@corp-example.com,+1-555-794-9101,crm_v2,cancelled,0
676,NA,United States,81950.0,2023-09-29,"1,138.63",2.0,user676@corp-example.com,+1-555-268-5944,crm_v2,cancelled,0
677,EU,DE,39726.0,2023-12-31,480.67,8.0,user677@corp-example.com,+1-555-306-1716,crm_v2,ACTIVE,0
678,APAC,DE,61855.0,2025-05-30,"1,880.42",1.0,user678@corp-example.com,+1-555-223-9697,crm_v2,cancelled,0
679,APAC,IN,93854.0,2023-11-03,949.43,4.0,user679@corp-example.com,+1-555-774-8431,crm_v2,ACTIVE,0
680,NA,US,29194.0,2024-09-30,539.57,4.0,user680@corp-example.com,+1-555-412-1040,crm_v2,Active,0
681,EU,IN,40324.0,2031-05-01,763.05,5.0,user681@corp-example.com,+1-555-551-2439,crm_v2,cancelled,0
682,NA,us,79839.0,2023-10-27,"2,885.11",3.0,user682@corp-example.com,+1-555-827-5022,crm_v2,Active,0
683,EU, US,63076.0,2025-03-01,"1,081.44",5.0,user683@corp-example.com,+1-555-777-4985,crm_v2,active,0
684,NA,United States,52490.0,2023-01-10,665.93,2.0,user684@corp-example.com,+1-555-187-8343,crm_v2,ACTIVE,0
685,NA,United States,60058.0,2025-02-25,401.78,,user685@corp-example.com,+1-555-825-8078,crm_v2,active,1
686,APAC,United States,46335.0,2023-08-12,"1,588.33",10.0,user686@corp-example.com,+1-555-204-2288,crm_v2,cancelled,0
687,NA,IN,62329.0,2023-05-19,"1,376.89",3.0,user687@corp-example.com,+1-555-540-8960,crm_v2,active,0
688,NA,DE,82510.0,2023-08-01,373.91,8.0,user688@corp-example.com,+1-555-377-8928,crm_v2,cancelled,0
689,APAC,United States,54902.0,2024-06-06,323.65,0.0,user689@corp-example.com,+1-555-331-2949,crm_v2,ACTIVE,0
690,NA,DE,62576.0,2024-06-30,798.19,9.0,user690@corp-example.com,+1-555-476-5217,crm_v2,active,0
691,NA,DE,78227.0,2023-06-06,368.22,4.0,user691@corp-example.com,+1-555-918-4661,crm_v2,ACTIVE,0
692,NA,DE,89762.0,2024-08-26,205.01,7.0,user692@corp-example.com,+1-555-930-1068,crm_v2,cancelled,0
1389,NA,United States,51884.0,2025-03-01,"1,206.89",7.0,user693@corp-example.com,+1-555-620-8904,crm_v2,active,0
694,NA, US,64952.0,2024-01-27,335.67,5.0,user694@corp-example.com,+1-555-808-8467,crm_v2,Active,0
695,EU,DE,52256.0,2024-04-03,435.71,2.0,user695@corp-example.com,+1-555-840-2080,crm_v2,cancelled,0
696,APAC,us,51054.0,2025-04-07,"1,569.44",0.0,user696@corp-example.com,+1-555-449-9184,crm_v2,cancelled,0
697,EU,US,54647.0,2023-01-13,797.35,7.0,user697@corp-example.com,+1-555-379-4694,crm_v2,cancelled,0
698,EU,US,51231.0,2023-08-11,"1,514.06",6.0,user698@corp-example.com,+1-555-491-8778,crm_v2,Active,0
699,NA,US,-999.0,2025-01-01,600.21,8.0,user699@corp-example.com,+1-555-344-8331,crm_v2,ACTIVE,0
700,EU,United States,31274.0,2024-08-03,262.35,0.0,user700@corp-example.com,+1-555-494-8721,crm_v2,cancelled,0
701,EU,US,49790.0,2024-08-27,"1,885.58",7.0,user701@corp-example.com,+1-555-277-4229,crm_v2,active,0
702,EU,IN,62473.0,2023-09-29,"1,330.85",5.0,user702@corp-example.com,+1-555-835-8033,crm_v2,cancelled,0
703,APAC, US,78384.0,2023-04-16,753.33,10.0,user703@corp-example.com,+1-555-378-2556,crm_v2,Active,0
704,EU,US,52736.0,1900-01-01,"1,325.34",0.0,user704@corp-example.com,+1-555-376-5783,crm_v2,ACTIVE,0
705,NA, US,58072.0,2025-02-12,"1,354.82",4.0,user705@corp-example.com,+1-555-995-1643,crm_v2,active,0
706,EU,DE,70242.0,2024-10-16,213.53,10.0,user706@corp-example.com,+1-555-164-1703,crm_v2,cancelled,0
707,NA,IN,71409.0,2023-02-24,248.12,2.0,user707@corp-example.com,+1-555-193-3068,crm_v2,Active,0
708,NA,DE,58846.0,2023-07-23,"1,541.39",3.0,user708@corp-example.com,+1-555-563-4549,crm_v2,cancelled,0
709,EU,IN,59748.0,2025-03-16,738.03,3.0,user709@corp-example.com,+1-555-872-2583,crm_v2,Active,0
710,APAC,us,88053.0,2024-01-07,855.85,6.0,user710@corp-example.com,+1-555-577-5027,crm_v2,cancelled,0
711,NA,US,55616.0,2025-06-17,"1,928.37",,user711@corp-example.com,+1-555-959-4126,crm_v2,ACTIVE,1
712,EU,IN,53331.0,2023-08-23,462.11,5.0,user712@corp-example.com,+1-555-596-7941,crm_v2,ACTIVE,0
713,EU,IN,36638.0,2024-02-04,607.52,10.0,user713@corp-example.com,+1-555-521-8304,crm_v2,cancelled,0
714,NA,United States,66894.0,2024-06-12,"1,623.84",5.0,user714@corp-example.com,+1-555-206-7043,crm_v2,cancelled,0
715,NA,United States,-999.0,2024-06-24,929.27,,user715@corp-example.com,+1-555-603-4137,crm_v2,Active,1
716,NA,United States,88583.0,2024-07-25,934.87,0.0,user716@corp-example.com,+1-555-323-1796,crm_v2,ACTIVE,0
717,EU,IN,55611.0,2023-12-19,196.86,2.0,user717@corp-example.com,+1-555-451-9228,crm_v2,active,0
718,EU,United States,72458.0,2024-07-18,"1,924.96",3.0,user718@corp-example.com,+1-555-183-5168,crm_v2,active,0
719,EU, US,74236.0,2024-03-07,"2,111.56",7.0,user719@corp-example.com,+1-555-750-3097,crm_v2,cancelled,0
720,NA,us,-999.0,2024-07-02,700.14,,user720@corp-example.com,+1-555-221-5805,crm_v2,cancelled,1
721,APAC,DE,41286.0,2025-01-15,"2,756.84",0.0,user721@corp-example.com,+1-555-508-2128,crm_v2,active,0
722,APAC,IN,83517.0,2023-01-30,"1,328.13",10.0,user722@corp-example.com,+1-555-813-6705,crm_v2,active,0
723,NA,US,60725.0,2024-12-12,346.60,10.0,user723@corp-example.com,+1-555-111-3697,crm_v2,cancelled,0
724,NA,us,58997.0,2024-08-20,381.15,5.0,user724@corp-example.com,+1-555-669-8394,crm_v2,cancelled,0
725,NA, US,55974.0,2024-01-07,956.47,10.0,user725@corp-example.com,+1-555-651-3937,crm_v2,Active,0
726,APAC,us,54731.0,2024-04-04,"1,284.84",7.0,user726@corp-example.com,+1-555-699-4969,crm_v2,active,0
727,APAC,us,55477.0,2025-01-20,"2,935.23",7.0,user727@corp-example.com,+1-555-610-3786,crm_v2,active,0
728,NA,DE,26277.0,2024-02-09,981.03,1.0,user728@corp-example.com,+1-555-764-8786,crm_v2,active,0
729,NA,us,68019.0,2023-10-17,973.23,1.0,user729@corp-example.com,+1-555-535-5903,crm_v2,cancelled,0
730,NA,DE,61447.0,2025-04-21,"1,553.41",5.0,user730@corp-example.com,+1-555-254-7271,crm_v2,cancelled,0
731,NA,us,46574.0,2024-12-08,940.45,8.0,user731@corp-example.com,+1-555-670-9892,crm_v2,cancelled,0
732,APAC,United States,59592.0,2023-07-14,"1,192.33",,user732@corp-example.com,+1-555-304-6915,crm_v2,active,1
733,NA, US,94251.0,2023-10-11,"1,887.12",,user733@corp-example.com,+1-555-894-2422,crm_v2,ACTIVE,1
734,NA,IN,66106.0,2024-06-24,551.84,6.0,user734@corp-example.com,+1-555-264-7577,crm_v2,ACTIVE,0
735,NA, US,54838.0,2025-01-19,635.78,2.0,user735@corp-example.com,+1-555-629-5927,crm_v2,ACTIVE,0
736,EU,IN,85613.0,2025-02-23,"4,602.02",2.0,user736@corp-example.com,+1-555-624-4565,crm_v2,Active,0
737,EU,United States,48854.0,1900-01-01,622.23,7.0,user737@corp-example.com,+1-555-715-7007,crm_v2,Active,0
738,NA, US,58270.0,2024-08-19,"1,949.49",7.0,user738@corp-example.com,+1-555-227-3545,crm_v2,active,0
739,NA,DE,52413.0,2024-04-08,424.25,4.0,user739@corp-example.com,+1-555-626-8207,crm_v2,cancelled,0
740,NA, US,-999.0,2023-12-29,186.80,4.0,user740@corp-example.com,+1-555-143-9002,crm_v2,active,0
741,APAC,DE,71241.0,2023-06-12,"2,324.83",10.0,user741@corp-example.com,+1-555-695-4458,crm_v2,active,0
742,EU,IN,69027.0,2024-09-07,279.75,10.0,user742@corp-example.com,+1-555-234-5835,crm_v2,ACTIVE,0
743,NA,IN,49806.0,2023-03-04,"3,467.45",1.0,user743@corp-example.com,+1-555-232-3116,crm_v2,ACTIVE,0
744,APAC,DE,-999.0,2023-08-31,857.96,5.0,user744@corp-example.com,+1-555-652-1159,crm_v2,active,0
745,NA,DE,-999.0,2024-01-07,243.24,10.0,user745@corp-example.com,+1-555-720-6010,crm_v2,Active,0
746,EU, US,54526.0,2023-03-27,"1,370.57",10.0,user746@corp-example.com,+1-555-184-9578,crm_v2,cancelled,0
747,NA,us,59974.0,2023-03-13,"1,038.50",,user747@corp-example.com,+1-555-243-1342,crm_v2,active,1
748,APAC,DE,49947.0,2023-04-04,"1,785.23",6.0,user748@corp-example.com,+1-555-916-2453,crm_v2,Active,0
749,NA,United States,49742.0,2023-05-07,319.29,3.0,user749@corp-example.com,+1-555-476-6522,crm_v2,ACTIVE,0
750,NA,DE,61151.0,2023-09-30,435.07,,user750@corp-example.com,+1-555-739-8107,crm_v2,cancelled,1
751,EU, US,45389.0,2023-12-07,420.76,8.0,user751@corp-example.com,+1-555-521-3226,crm_v2,active,0
752,EU,us,66613.0,2024-09-18,506.96,3.0,user752@corp-example.com,+1-555-438-3330,crm_v2,Active,0
753,NA,us,57659.0,2024-11-18,840.56,2.0,user753@corp-example.com,+1-555-862-9150,crm_v2,Active,0
754,NA,DE,47010.0,2024-06-14,"1,567.44",5.0,user754@corp-example.com,+1-555-227-2914,crm_v2,Active,0
755,NA,us,51525.0,2023-11-27,600.56,7.0,user755@corp-example.com,+1-555-370-1892,crm_v2,Active,0
756,NA,DE,53490.0,2023-04-20,530.83,0.0,user756@corp-example.com,+1-555-125-1372,crm_v2,Active,0
757,NA,us,58140.0,2023-02-05,571.17,4.0,user757@corp-example.com,+1-555-581-6434,crm_v2,ACTIVE,0
758,NA, US,62141.0,2025-06-06,"2,600.25",,user758@corp-example.com,+1-555-377-4642,crm_v2,active,1
759,NA,United States,57425.0,2024-01-18,"1,103.31",1.0,user759@corp-example.com,+1-555-317-7006,crm_v2,active,0
760,NA,DE,47789.0,2024-04-17,"1,677.66",2.0,user760@corp-example.com,+1-555-897-6568,crm_v2,ACTIVE,0
761,EU,US,81381.0,2024-01-16,364.41,,user761@corp-example.com,+1-555-492-3457,crm_v2,cancelled,1
762,NA,United States,73682.0,2023-06-12,"2,165.16",4.0,user762@corp-example.com,+1-555-908-9126,crm_v2,active,0
763,NA,United States,62083.0,2023-08-13,827.29,6.0,user763@corp-example.com,+1-555-590-4989,crm_v2,ACTIVE,0
764,NA,us,74352.0,2024-10-25,586.37,0.0,user764@corp-example.com,+1-555-579-3383,crm_v2,cancelled,0
765,EU, US,65235.0,2023-11-01,"1,215.77",2.0,user765@corp-example.com,+1-555-407-1489,crm_v2,Active,0
766,NA,IN,56689.0,2023-07-15,"1,040.82",1.0,user766@corp-example.com,+1-555-556-1719,crm_v2,cancelled,0
767,NA,US,61705.0,2024-03-03,293.59,4.0,user767@corp-example.com,+1-555-713-2999,crm_v2,ACTIVE,0
768,EU,IN,99322.0,2023-12-10,"2,201.32",2.0,user768@corp-example.com,+1-555-479-1934,crm_v2,active,0
769,NA,us,74931.0,2024-04-08,131.55,5.0,user769@corp-example.com,+1-555-922-4553,crm_v2,ACTIVE,0
770,APAC, US,75646.0,2023-03-02,"2,656.13",7.0,user770@corp-example.com,+1-555-454-8627,crm_v2,active,0
771,APAC,IN,54705.0,2024-06-30,661.96,3.0,user771@corp-example.com,+1-555-169-4500,crm_v2,active,0
772,NA, US,69201.0,2024-08-15,521.37,6.0,user772@corp-example.com,+1-555-513-1609,crm_v2,ACTIVE,0
773,EU,United States,93360.0,2025-04-29,407.15,,user773@corp-example.com,+1-555-511-4551,crm_v2,cancelled,1
774,NA,us,66668.0,2024-05-14,"4,263.30",0.0,user774@corp-example.com,+1-555-588-5424,crm_v2,cancelled,0
775,NA,US,76083.0,2025-05-02,"1,974.64",4.0,user775@corp-example.com,+1-555-491-6476,crm_v2,cancelled,0
776,NA,US,78767.0,2025-01-15,785.96,3.0,user776@corp-example.com,+1-555-553-6579,crm_v2,Active,0
777,EU,United States,69821.0,2024-09-07,"1,324.90",2.0,user777@corp-example.com,+1-555-547-7377,crm_v2,Active,0
778,APAC,US,83391.0,2024-04-25,827.63,8.0,user778@corp-example.com,+1-555-878-8175,crm_v2,active,0
779,NA,DE,63797.0,2023-11-28,"1,330.83",0.0,user779@corp-example.com,+1-555-406-8549,crm_v2,Active,0
780,EU, US,67680.0,2023-09-18,"2,356.90",1.0,user780@corp-example.com,+1-555-832-5856,crm_v2,cancelled,0
781,NA,US,-999.0,2023-01-14,742.73,2.0,user781@corp-example.com,+1-555-686-8997,crm_v2,ACTIVE,0
782,NA,IN,98854.0,2024-12-02,600.08,9.0,user782@corp-example.com,+1-555-128-2372,crm_v2,cancelled,0
783,APAC, US,64867.0,2024-01-30,"3,298.47",9.0,user783@corp-example.com,+1-555-442-9222,crm_v2,Active,0
784,EU,DE,62050.0,2024-12-08,"1,240.43",2.0,user784@corp-example.com,+1-555-269-4373,crm_v2,active,0
785,NA,us,80648.0,2023-09-05,"2,783.62",1.0,user785@corp-example.com,+1-555-614-9621,crm_v2,cancelled,0
786,APAC,IN,53348.0,2023-06-21,601.13,10.0,user786@corp-example.com,+1-555-459-2059,crm_v2,cancelled,0
787,NA,United States,60357.0,2024-07-12,"1,268.34",,user787@corp-example.com,+1-555-937-7969,crm_v2,active,1
788,NA,IN,49059.0,2024-08-05,970.55,8.0,user788@corp-example.com,+1-555-787-9382,crm_v2,ACTIVE,0
789,NA,DE,60751.0,2023-07-10,125.74,,user789@corp-example.com,+1-555-109-6927,crm_v2,ACTIVE,1
790,APAC,IN,54782.0,2023-11-14,574.90,3.0,user790@corp-example.com,+1-555-450-9021,crm_v2,ACTIVE,0
791,NA,us,68313.0,2024-06-27,845.16,3.0,user791@corp-example.com,+1-555-379-7640,crm_v2,Active,0
792,APAC,us,58582.0,2024-03-01,"1,116.01",,user792@corp-example.com,+1-555-268-2297,crm_v2,cancelled,1
793,EU,US,51725.0,2023-08-26,"1,130.35",4.0,user793@corp-example.com,+1-555-654-7784,crm_v2,cancelled,0
794,NA,IN,56146.0,2023-09-09,517.57,0.0,user794@corp-example.com,+1-555-152-1101,crm_v2,Active,0
795,EU,US,58691.0,2023-06-01,975.37,7.0,user795@corp-example.com,+1-555-282-7052,crm_v2,Active,0
796,NA,us,52979.0,2024-01-29,"1,018.05",9.0,user796@corp-example.com,+1-555-549-7415,crm_v2,ACTIVE,0
797,EU,United States,74034.0,2023-02-19,"1,744.96",4.0,user797@corp-example.com,+1-555-513-3318,crm_v2,ACTIVE,0
798,EU,United States,70180.0,2024-06-02,"1,754.74",10.0,user798@corp-example.com,+1-555-590-8950,crm_v2,Active,0
799,EU,US,62527.0,2024-03-08,"1,736.38",9.0,user799@corp-example.com,+1-555-865-8831,crm_v2,active,0
800,APAC,United States,43143.0,2025-04-11,429.16,,user800@corp-example.com,+1-555-422-4387,crm_v2,active,1
801,NA,United States,-999.0,2023-04-23,181.09,0.0,user801@corp-example.com,+1-555-285-9459,crm_v2,active,0
802,APAC, US,41862.0,2023-07-22,"1,152.00",6.0,user802@corp-example.com,+1-555-686-7530,crm_v2,ACTIVE,0
803,NA,DE,63100.0,2023-06-23,455.72,9.0,user803@corp-example.com,+1-555-675-1945,crm_v2,ACTIVE,0
804,EU,US,61101.0,2024-07-30,710.28,1.0,user804@corp-example.com,+1-555-217-4024,crm_v2,Active,0
805,APAC,DE,51856.0,2023-09-03,"1,421.11",5.0,user805@corp-example.com,+1-555-463-9880,crm_v2,ACTIVE,0
806,APAC,United States,48372.0,2024-06-13,803.01,6.0,user806@corp-example.com,+1-555-955-4565,crm_v2,active,0
807,NA,DE,50325.0,2023-05-22,"1,795.92",0.0,user807@corp-example.com,+1-555-115-7889,crm_v2,cancelled,0
808,NA,DE,90188.0,2024-06-25,833.59,2.0,user808@corp-example.com,+1-555-522-4227,crm_v2,Active,0
809,APAC,US,56555.0,2023-01-12,"1,160.92",7.0,user809@corp-example.com,+1-555-556-5743,crm_v2,active,0
810,APAC,United States,57406.0,2025-05-09,497.10,3.0,user810@corp-example.com,+1-555-942-7071,crm_v2,cancelled,0
811,NA, US,74312.0,2023-04-21,412.69,8.0,user811@corp-example.com,+1-555-380-9874,crm_v2,ACTIVE,0
812,APAC,United States,66482.0,2024-10-04,"1,607.57",2.0,user812@corp-example.com,+1-555-635-6572,crm_v2,active,0
813,NA,us,75734.0,2024-10-18,662.71,4.0,user813@corp-example.com,+1-555-755-5177,crm_v2,cancelled,0
814,NA, US,42624.0,2024-08-02,"1,734.72",9.0,user814@corp-example.com,+1-555-432-2429,crm_v2,ACTIVE,0
815,EU,United States,44628.0,2024-01-15,"2,414.11",3.0,user815@corp-example.com,+1-555-159-6135,crm_v2,ACTIVE,0
816,NA,us,-999.0,2024-01-16,573.26,0.0,user816@corp-example.com,+1-555-940-9085,crm_v2,ACTIVE,0
817,NA,US,59795.0,1900-01-01,"1,700.67",7.0,user817@corp-example.com,+1-555-561-1524,crm_v2,ACTIVE,0
818,NA,IN,56207.0,2023-09-12,449.34,6.0,user818@corp-example.com,+1-555-914-9674,crm_v2,ACTIVE,0
819,NA,US,62735.0,2024-09-16,"1,502.86",0.0,user819@corp-example.com,+1-555-506-7352,crm_v2,ACTIVE,0
820,NA,US,74759.0,2025-03-08,"3,099.43",9.0,user820@corp-example.com,+1-555-438-9768,crm_v2,Active,0
821,NA,IN,43178.0,1900-01-01,"1,054.77",7.0,user821@corp-example.com,+1-555-447-2287,crm_v2,Active,0
3340,EU,IN,64503.0,2023-12-25,886.94,3.0,user822@corp-example.com,+1-555-230-9068,crm_v2,ACTIVE,0
823,EU,IN,59989.0,2024-05-26,"1,577.69",4.0,user823@corp-example.com,+1-555-333-4606,crm_v2,cancelled,0
824,EU,US,70144.0,2024-02-04,"1,701.65",10.0,user824@corp-example.com,+1-555-255-9676,crm_v2,Active,0
825,APAC,US,62909.0,2025-02-01,541.34,0.0,user825@corp-example.com,+1-555-994-2696,crm_v2,active,0
826,NA,US,52713.0,2024-10-14,591.32,6.0,user826@corp-example.com,+1-555-399-6211,crm_v2,cancelled,0
827,NA,DE,-999.0,2023-03-14,"2,226.93",,user827@corp-example.com,+1-555-703-1997,crm_v2,ACTIVE,1
828,NA, US,-999.0,2025-03-18,434.56,3.0,user828@corp-example.com,+1-555-738-3972,crm_v2,ACTIVE,0
829,NA,US,74562.0,2023-10-11,"2,002.10",6.0,user829@corp-example.com,+1-555-812-7364,crm_v2,cancelled,0
830,EU,IN,39150.0,2025-02-23,"1,305.55",9.0,user830@corp-example.com,+1-555-674-2204,crm_v2,Active,0
831,NA, US,54564.0,2023-01-05,"1,428.35",9.0,user831@corp-example.com,+1-555-104-4809,crm_v2,cancelled,0
832,NA,US,84436.0,2023-05-27,"1,104.95",6.0,user832@corp-example.com,+1-555-212-4533,crm_v2,ACTIVE,0
833,EU,IN,-999.0,2024-02-09,"1,254.27",0.0,user833@corp-example.com,+1-555-656-4197,crm_v2,cancelled,0
834,NA,IN,69237.0,2023-03-08,629.87,4.0,user834@corp-example.com,+1-555-410-6896,crm_v2,ACTIVE,0
835,NA,IN,57347.0,2025-02-19,117.46,,user835@corp-example.com,+1-555-987-7328,crm_v2,cancelled,1
836,EU,DE,70493.0,2023-06-20,771.66,9.0,user836@corp-example.com,+1-555-687-1447,crm_v2,ACTIVE,0
837,EU, US,60818.0,2024-04-14,"1,990.20",,user837@corp-example.com,+1-555-831-8501,crm_v2,Active,1
838,NA,DE,-999.0,2024-10-03,"5,522.17",10.0,user838@corp-example.com,+1-555-293-7373,crm_v2,ACTIVE,0
839,EU,DE,79904.0,1900-01-01,482.16,,user839@corp-example.com,+1-555-638-8536,crm_v2,Active,1
840,NA, US,56553.0,2023-01-24,"1,664.78",0.0,user840@corp-example.com,+1-555-422-7331,crm_v2,Active,0
841,NA, US,41062.0,2024-07-05,"2,651.77",,user841@corp-example.com,+1-555-285-1822,crm_v2,ACTIVE,1
842,EU,us,55646.0,2025-04-20,"1,974.03",6.0,user842@corp-example.com,+1-555-758-3470,crm_v2,Active,0
843,NA,IN,68174.0,2023-02-11,"1,916.54",4.0,user843@corp-example.com,+1-555-109-7706,crm_v2,ACTIVE,0
844,NA,DE,44318.0,2023-07-15,958.16,2.0,user844@corp-example.com,+1-555-436-6711,crm_v2,ACTIVE,0
845,EU,us,71743.0,2023-03-19,572.73,9.0,user845@corp-example.com,+1-555-557-4855,crm_v2,Active,0
846,EU,US,71442.0,2024-09-19,"1,321.43",,user846@corp-example.com,+1-555-537-7646,crm_v2,active,1
847,NA,us,91011.0,2024-08-25,641.45,8.0,user847@corp-example.com,+1-555-618-6890,crm_v2,ACTIVE,0
848,EU,United States,51135.0,2025-05-04,"1,991.45",,user848@corp-example.com,+1-555-734-1269,crm_v2,ACTIVE,1
849,NA,US,69933.0,2025-05-09,979.33,7.0,user849@corp-example.com,+1-555-905-6656,crm_v2,active,0
850,APAC,United States,36303.0,2023-08-12,"1,369.47",8.0,user850@corp-example.com,+1-555-653-2003,crm_v2,ACTIVE,0
851,NA,United States,54352.0,2023-05-22,"1,946.30",5.0,user851@corp-example.com,+1-555-183-9826,crm_v2,Active,0
852,NA,IN,61901.0,2023-12-24,958.37,7.0,user852@corp-example.com,+1-555-852-1737,crm_v2,Active,0
853,NA,United States,66265.0,2025-04-13,"1,392.84",1.0,user853@corp-example.com,+1-555-521-8147,crm_v2,cancelled,0
854,APAC, US,59594.0,2023-10-30,"1,154.85",8.0,user854@corp-example.com,+1-555-736-5080,crm_v2,active,0
855,NA,IN,59077.0,2024-09-14,138.84,10.0,user855@corp-example.com,+1-555-770-7651,crm_v2,active,0
856,EU,United States,51550.0,2024-08-11,"1,916.40",5.0,user856@corp-example.com,+1-555-116-7511,crm_v2,ACTIVE,0
857,APAC,US,53965.0,2023-05-05,672.07,10.0,user857@corp-example.com,+1-555-647-3827,crm_v2,Active,0
858,APAC,United States,64792.0,2023-11-10,165.16,7.0,user858@corp-example.com,+1-555-268-7725,crm_v2,Active,0
859,NA,DE,68442.0,2023-09-26,613.65,9.0,user859@corp-example.com,+1-555-809-3427,crm_v2,active,0
860,EU,United States,69608.0,1900-01-01,713.76,,user860@corp-example.com,+1-555-971-4275,crm_v2,active,1
861,EU,IN,74728.0,2025-02-01,"1,237.80",4.0,user861@corp-example.com,+1-555-942-9847,crm_v2,active,0
862,EU,DE,77506.0,2023-11-25,"2,014.42",8.0,user862@corp-example.com,+1-555-353-9455,crm_v2,Active,0
863,NA,DE,34426.0,2025-02-14,752.52,8.0,user863@corp-example.com,+1-555-423-3413,crm_v2,active,0
864,NA,IN,52865.0,2024-05-04,996.85,3.0,user864@corp-example.com,+1-555-627-6795,crm_v2,ACTIVE,0
865,NA,US,58057.0,2024-09-11,972.29,2.0,user865@corp-example.com,+1-555-985-4108,crm_v2,ACTIVE,0
866,NA,United States,-999.0,2024-10-03,971.56,7.0,user866@corp-example.com,+1-555-205-8975,crm_v2,Active,0
867,EU,US,75457.0,2025-05-04,190.62,,user867@corp-example.com,+1-555-470-3237,crm_v2,Active,1
868,NA,IN,71163.0,2023-07-30,"1,418.56",2.0,user868@corp-example.com,+1-555-456-1288,crm_v2,ACTIVE,0
869,NA,US,-999.0,2024-12-04,"2,351.58",7.0,user869@corp-example.com,+1-555-989-6541,crm_v2,cancelled,0
870,NA,United States,62127.0,2024-07-02,"3,192.37",3.0,user870@corp-example.com,+1-555-541-8528,crm_v2,active,0
871,NA, US,78576.0,2025-04-16,446.87,2.0,user871@corp-example.com,+1-555-955-9751,crm_v2,Active,0
872,NA,US,55383.0,2023-07-25,"2,295.15",4.0,user872@corp-example.com,+1-555-969-1029,crm_v2,Active,0
873,APAC,DE,55859.0,2023-12-18,892.83,5.0,user873@corp-example.com,+1-555-775-9217,crm_v2,ACTIVE,0
874,NA,DE,-999.0,2024-09-13,"1,893.46",8.0,user874@corp-example.com,+1-555-633-1384,crm_v2,cancelled,0
875,NA,US,67144.0,2024-01-31,267.74,8.0,user875@corp-example.com,+1-555-323-7236,crm_v2,active,0
876,EU,US,80809.0,2023-06-22,536.88,4.0,user876@corp-example.com,+1-555-549-9426,crm_v2,cancelled,0
877,NA, US,65704.0,2023-10-20,885.63,7.0,user877@corp-example.com,+1-555-769-4013,crm_v2,cancelled,0
878,NA,US,71156.0,2023-01-21,248.31,5.0,user878@corp-example.com,+1-555-509-1922,crm_v2,cancelled,0
879,APAC,US,52546.0,2023-07-14,215.45,7.0,user879@corp-example.com,+1-555-613-5112,crm_v2,active,0
880,APAC, US,46873.0,2023-03-25,200.53,9.0,user880@corp-example.com,+1-555-913-3528,crm_v2,active,0
881,EU,DE,60254.0,2023-10-01,"1,122.83",7.0,user881@corp-example.com,+1-555-497-3292,crm_v2,Active,0
882,NA,us,22232.0,2023-02-28,884.78,10.0,user882@corp-example.com,+1-555-804-2510,crm_v2,Active,0
883,NA,US,66256.0,2023-05-10,"2,522.91",9.0,user883@corp-example.com,+1-555-375-4614,crm_v2,active,0
884,NA,IN,74346.0,2024-05-19,955.46,10.0,user884@corp-example.com,+1-555-652-2912,crm_v2,cancelled,0
885,NA,DE,61484.0,2025-05-02,311.10,0.0,user885@corp-example.com,+1-555-519-8939,crm_v2,cancelled,0
886,NA, US,-999.0,2024-06-25,181.48,9.0,user886@corp-example.com,+1-555-849-2368,crm_v2,ACTIVE,0
887,NA,United States,76017.0,2024-07-13,931.19,1.0,user887@corp-example.com,+1-555-124-7510,crm_v2,ACTIVE,0
888,EU, US,59779.0,2025-06-03,"3,119.86",1.0,user888@corp-example.com,+1-555-281-7870,crm_v2,active,0
889,NA,us,74477.0,2025-05-09,"2,257.85",5.0,user889@corp-example.com,+1-555-423-5148,crm_v2,Active,0
890,NA,us,91899.0,2023-06-25,"1,369.06",9.0,user890@corp-example.com,+1-555-311-6084,crm_v2,active,0
891,APAC,DE,70787.0,2023-05-06,596.22,5.0,user891@corp-example.com,+1-555-414-5875,crm_v2,active,0
892,NA,IN,73871.0,2025-03-22,"1,213.73",,user892@corp-example.com,+1-555-931-1985,crm_v2,cancelled,1
893,NA, US,67485.0,2024-07-17,656.70,7.0,user893@corp-example.com,+1-555-184-7510,crm_v2,ACTIVE,0
894,NA,us,64001.0,2024-10-03,736.50,2.0,user894@corp-example.com,+1-555-393-1032,crm_v2,cancelled,0
895,EU,United States,64353.0,2024-02-07,"1,307.08",9.0,user895@corp-example.com,+1-555-430-9930,crm_v2,active,0
896,EU,US,61365.0,2023-07-17,688.33,3.0,user896@corp-example.com,+1-555-445-2270,crm_v2,ACTIVE,0
897,EU,United States,75957.0,2025-03-31,629.15,8.0,user897@corp-example.com,+1-555-738-5197,crm_v2,cancelled,0
898,EU,DE,37232.0,2024-06-16,687.68,6.0,user898@corp-example.com,+1-555-233-7303,crm_v2,active,0
899,NA,us,56556.0,2023-01-17,"2,616.32",0.0,user899@corp-example.com,+1-555-340-7763,crm_v2,ACTIVE,0
900,NA,us,69829.0,2023-05-18,531.20,0.0,user900@corp-example.com,+1-555-575-3460,crm_v2,Active,0
901,EU, US,48286.0,2024-06-29,"1,334.33",,user901@corp-example.com,+1-555-146-6221,crm_v2,ACTIVE,1
902,APAC,DE,58886.0,2024-04-22,"1,062.04",2.0,user902@corp-example.com,+1-555-901-7303,crm_v2,cancelled,0
903,APAC,DE,50434.0,2024-04-16,"3,374.13",10.0,user903@corp-example.com,+1-555-403-7635,crm_v2,cancelled,0
904,EU,DE,66719.0,2025-05-15,250.16,1.0,user904@corp-example.com,+1-555-540-7790,crm_v2,cancelled,0
905,EU,IN,72794.0,2023-02-19,973.45,8.0,user905@corp-example.com,+1-555-187-3926,crm_v2,ACTIVE,0
906,NA, US,81252.0,2025-05-05,"1,156.64",5.0,user906@corp-example.com,+1-555-911-1278,crm_v2,Active,0
907,APAC,IN,67603.0,2024-03-02,701.50,5.0,user907@corp-example.com,+1-555-298-5222,crm_v2,active,0
908,NA,us,50087.0,2025-04-09,641.89,5.0,user908@corp-example.com,+1-555-426-1433,crm_v2,Active,0
909,NA,United States,64008.0,2023-09-18,"2,288.06",0.0,user909@corp-example.com,+1-555-856-6238,crm_v2,ACTIVE,0
910,EU, US,68563.0,2024-09-07,"1,743.15",4.0,user910@corp-example.com,+1-555-279-2135,crm_v2,active,0
911,APAC,IN,-999.0,2023-09-21,892.40,4.0,user911@corp-example.com,+1-555-734-1953,crm_v2,ACTIVE,0
912,EU, US,29637.0,2024-01-30,"2,327.73",9.0,user912@corp-example.com,+1-555-460-7096,crm_v2,Active,0
913,NA,US,65720.0,2023-02-07,"1,715.11",4.0,user913@corp-example.com,+1-555-395-7326,crm_v2,Active,0
914,NA,DE,34193.0,2023-04-28,634.78,5.0,user914@corp-example.com,+1-555-746-4362,crm_v2,cancelled,0
915,NA,IN,70652.0,2025-01-14,"1,019.72",5.0,user915@corp-example.com,+1-555-607-9014,crm_v2,Active,0
916,APAC,DE,66777.0,2024-09-01,97.30,6.0,user916@corp-example.com,+1-555-970-7289,crm_v2,cancelled,0
917,APAC,US,67555.0,2023-06-25,"1,033.12",3.0,user917@corp-example.com,+1-555-116-5542,crm_v2,Active,0
918,NA, US,73088.0,2024-02-29,"1,539.07",,user918@corp-example.com,+1-555-582-3595,crm_v2,active,1
919,APAC,IN,65921.0,2025-03-30,"1,357.28",7.0,user919@corp-example.com,+1-555-461-2967,crm_v2,Active,0
920,NA,US,51129.0,2025-05-16,"1,328.77",3.0,user920@corp-example.com,+1-555-141-8973,crm_v2,ACTIVE,0
921,NA,DE,65434.0,2023-05-05,792.05,,user921@corp-example.com,+1-555-112-4597,crm_v2,Active,1
922,EU,us,77601.0,2023-01-22,"1,986.03",,user922@corp-example.com,+1-555-391-1010,crm_v2,active,1
923,NA, US,58733.0,2025-02-28,959.55,4.0,user923@corp-example.com,+1-555-447-5900,crm_v2,active,0
924,NA,DE,60799.0,2023-03-02,728.08,,user924@corp-example.com,+1-555-922-1689,crm_v2,cancelled,1
925,NA,DE,43020.0,2025-05-16,513.20,1.0,user925@corp-example.com,+1-555-408-8592,crm_v2,Active,0
926,EU,United States,77024.0,2025-02-27,"1,189.46",,user926@corp-example.com,+1-555-891-2950,crm_v2,ACTIVE,1
927,EU,IN,53166.0,2024-03-12,"1,132.81",3.0,user927@corp-example.com,+1-555-113-2224,crm_v2,active,0
928,APAC,us,49757.0,2025-02-04,915.77,2.0,user928@corp-example.com,+1-555-516-6883,crm_v2,ACTIVE,0
929,APAC,US,53989.0,2025-02-11,"1,355.22",1.0,user929@corp-example.com,+1-555-365-2492,crm_v2,cancelled,0
930,NA, US,48058.0,2025-04-19,955.27,7.0,user930@corp-example.com,+1-555-367-7044,crm_v2,ACTIVE,0
931,NA,United States,56797.0,2023-08-21,"1,444.28",7.0,user931@corp-example.com,+1-555-218-7679,crm_v2,Active,0
932,APAC, US,78672.0,2024-12-25,786.93,3.0,user932@corp-example.com,+1-555-687-5657,crm_v2,Active,0
933,EU,US,71760.0,2023-05-06,642.65,4.0,user933@corp-example.com,+1-555-858-4131,crm_v2,active,0
934,NA, US,80807.0,2023-12-23,"1,127.69",3.0,user934@corp-example.com,+1-555-694-5268,crm_v2,ACTIVE,0
935,NA,United States,81693.0,2024-10-25,935.60,0.0,user935@corp-example.com,+1-555-382-7306,crm_v2,ACTIVE,0
936,APAC,United States,47569.0,2024-02-10,"1,367.80",6.0,user936@corp-example.com,+1-555-523-5037,crm_v2,ACTIVE,0
937,EU,US,67280.0,2024-05-26,"1,558.17",6.0,user937@corp-example.com,+1-555-440-2644,crm_v2,cancelled,0
938,NA,IN,81870.0,2024-05-06,"1,043.88",10.0,user938@corp-example.com,+1-555-873-7238,crm_v2,active,0
939,EU,DE,93285.0,2025-02-05,620.18,3.0,user939@corp-example.com,+1-555-371-2758,crm_v2,ACTIVE,0
940,EU, US,40132.0,2023-07-10,"2,003.77",5.0,user940@corp-example.com,+1-555-154-4035,crm_v2,cancelled,0
941,NA,US,39990.0,2024-05-11,508.77,9.0,user941@corp-example.com,+1-555-397-8492,crm_v2,cancelled,0
942,APAC,DE,67099.0,2024-03-27,576.27,4.0,user942@corp-example.com,+1-555-408-7518,crm_v2,active,0
943,APAC, US,55588.0,2025-06-06,"2,141.69",3.0,user943@corp-example.com,+1-555-234-6974,crm_v2,cancelled,0
944,NA,DE,46154.0,2024-12-29,"1,372.12",,user944@corp-example.com,+1-555-867-3665,crm_v2,ACTIVE,1
945,NA,IN,65839.0,2024-01-15,794.73,8.0,user945@corp-example.com,+1-555-303-5584,crm_v2,ACTIVE,0
946,NA,DE,49098.0,2024-08-15,514.22,3.0,user946@corp-example.com,+1-555-969-2089,crm_v2,Active,0
947,APAC,us,27891.0,2024-01-02,918.38,9.0,user947@corp-example.com,+1-555-583-3032,crm_v2,Active,0
948,EU,US,60041.0,2023-02-21,640.86,10.0,user948@corp-example.com,+1-555-150-9066,crm_v2,active,0
949,EU,IN,62164.0,2024-11-21,292.49,2.0,user949@corp-example.com,+1-555-170-3498,crm_v2,ACTIVE,0
950,EU,US,69493.0,2023-08-24,"2,463.80",,user950@corp-example.com,+1-555-114-8285,crm_v2,cancelled,1
951,NA, US,73831.0,2025-06-13,"1,602.01",3.0,user951@corp-example.com,+1-555-799-1105,crm_v2,ACTIVE,0
952,APAC,us,62975.0,2024-08-11,812.36,,user952@corp-example.com,+1-555-127-2962,crm_v2,active,1
953,NA,us,56975.0,2023-10-21,495.50,,user953@corp-example.com,+1-555-578-8866,crm_v2,active,1
954,EU, US,50818.0,2023-08-03,"1,751.72",5.0,user954@corp-example.com,+1-555-877-1094,crm_v2,cancelled,0
955,NA,IN,-999.0,2023-08-11,"1,336.53",7.0,user955@corp-example.com,+1-555-923-3578,crm_v2,ACTIVE,0
956,NA,us,-999.0,2025-04-20,224.16,3.0,user956@corp-example.com,+1-555-924-1214,crm_v2,active,0
957,APAC,US,74627.0,2025-01-02,724.50,8.0,user957@corp-example.com,+1-555-610-9166,crm_v2,active,0
958,EU, US,69673.0,1900-01-01,"2,139.38",6.0,user958@corp-example.com,+1-555-586-1334,crm_v2,ACTIVE,0
959,NA,United States,89725.0,2023-09-17,"1,358.57",4.0,user959@corp-example.com,+1-555-902-8951,crm_v2,cancelled,0
960,NA,us,-999.0,2024-09-11,671.17,10.0,user960@corp-example.com,+1-555-315-9217,crm_v2,active,0
961,EU,IN,-999.0,2023-05-21,158.95,8.0,user961@corp-example.com,+1-555-579-2532,crm_v2,active,0
962,NA,us,72177.0,2023-07-31,"1,831.57",6.0,user962@corp-example.com,+1-555-890-3035,crm_v2,active,0
963,NA,IN,75188.0,2024-05-22,324.25,3.0,user963@corp-example.com,+1-555-509-2960,crm_v2,active,0
964,NA, US,43601.0,1900-01-01,643.07,6.0,user964@corp-example.com,+1-555-730-3475,crm_v2,active,0
965,EU,United States,37222.0,2023-09-23,"1,420.73",1.0,user965@corp-example.com,+1-555-305-2223,crm_v2,Active,0
966,NA,us,62507.0,2024-10-04,946.18,3.0,user966@corp-example.com,+1-555-870-3819,crm_v2,ACTIVE,0
967,EU,us,70512.0,2023-04-07,370.52,10.0,user967@corp-example.com,+1-555-988-8463,crm_v2,Active,0
4991,NA,us,-999.0,2024-11-25,"1,991.66",,user968@corp-example.com,+1-555-388-6524,crm_v2,Active,1
969,EU,United States,55455.0,2024-07-12,404.35,5.0,user969@corp-example.com,+1-555-446-6949,crm_v2,active,0
970,NA,United States,49196.0,2023-08-06,962.25,10.0,user970@corp-example.com,+1-555-546-7270,crm_v2,Active,0
971,APAC,us,43381.0,2023-12-20,432.27,1.0,user971@corp-example.com,+1-555-963-4041,crm_v2,active,0
972,APAC,US,41453.0,2023-11-03,531.93,0.0,user972@corp-example.com,+1-555-931-1594,crm_v2,cancelled,0
973,NA,us,62303.0,2023-04-05,669.01,0.0,user973@corp-example.com,+1-555-243-1086,crm_v2,cancelled,0
974,NA,IN,54962.0,2025-05-16,225.75,6.0,user974@corp-example.com,+1-555-648-6306,crm_v2,active,0
975,APAC,us,50685.0,2023-10-05,99.24,,user975@corp-example.com,+1-555-218-1601,crm_v2,cancelled,1
976,NA,IN,22933.0,2024-12-12,703.87,9.0,user976@corp-example.com,+1-555-350-3179,crm_v2,active,0
977,APAC,us,85312.0,2024-01-11,315.10,4.0,user977@corp-example.com,+1-555-175-6792,crm_v2,Active,0
978,NA,us,46760.0,2024-03-14,685.25,9.0,user978@corp-example.com,+1-555-160-4462,crm_v2,active,0
979,EU,US,58314.0,1900-01-01,"1,990.14",,user979@corp-example.com,+1-555-932-9790,crm_v2,cancelled,1
980,NA,United States,43976.0,2025-02-01,957.71,8.0,user980@corp-example.com,+1-555-849-6253,crm_v2,Active,0
981,EU,DE,65689.0,2024-09-17,903.77,3.0,user981@corp-example.com,+1-555-167-1411,crm_v2,Active,0
982,APAC, US,38649.0,2025-03-30,962.10,10.0,user982@corp-example.com,+1-555-892-2110,crm_v2,cancelled,0
983,NA,US,61596.0,2023-02-14,555.25,8.0,user983@corp-example.com,+1-555-637-4092,crm_v2,active,0
984,APAC,IN,-999.0,2023-11-07,550.07,7.0,user984@corp-example.com,+1-555-736-9295,crm_v2,active,0
985,EU,United States,73392.0,2024-01-15,546.48,10.0,user985@corp-example.com,+1-555-947-4137,crm_v2,ACTIVE,0
986,NA,DE,-999.0,2025-05-05,"2,752.83",3.0,user986@corp-example.com,+1-555-641-4833,crm_v2,cancelled,0
987,NA, US,50942.0,2023-10-10,"3,685.52",8.0,user987@corp-example.com,+1-555-912-4101,crm_v2,ACTIVE,0
988,NA,us,56860.0,2025-04-04,508.97,10.0,user988@corp-example.com,+1-555-322-5284,crm_v2,active,0
989,NA,United States,90216.0,2025-04-04,"2,362.20",10.0,user989@corp-example.com,+1-555-368-7325,crm_v2,cancelled,0
990,EU,IN,39117.0,2025-03-14,968.90,1.0,user990@corp-example.com,+1-555-665-6727,crm_v2,active,0
991,NA,United States,64382.0,2023-04-21,"1,126.05",2.0,user991@corp-example.com,+1-555-540-5990,crm_v2,cancelled,0
992,EU, US,50829.0,2024-03-25,"5,568.25",3.0,user992@corp-example.com,+1-555-266-6344,crm_v2,Active,0
993,APAC, US,64663.0,2023-03-10,626.23,2.0,user993@corp-example.com,+1-555-855-2016,crm_v2,ACTIVE,0
994,APAC,us,69558.0,2024-09-15,926.75,7.0,user994@corp-example.com,+1-555-216-5340,crm_v2,Active,0
995,APAC,DE,62214.0,2023-10-21,"1,417.25",3.0,user995@corp-example.com,+1-555-852-1153,crm_v2,active,0
996,APAC,United States,63951.0,2024-08-08,"2,615.29",7.0,user996@corp-example.com,+1-555-465-8524,crm_v2,cancelled,0
997,NA,United States,64187.0,2025-05-12,341.48,0.0,user997@corp-example.com,+1-555-391-5981,crm_v2,cancelled,0
998,APAC,US,51770.0,2023-02-25,121.56,7.0,user998@corp-example.com,+1-555-119-5879,crm_v2,cancelled,0
999,NA,IN,57082.0,2024-03-06,"1,223.52",1.0,user999@corp-example.com,+1-555-196-2102,crm_v2,active,0
1000,APAC, US,36446.0,2025-05-27,614.19,0.0,user1000@corp-example.com,+1-555-452-4064,crm_v2,active,0
1001,APAC,United States,55085.0,2025-02-25,533.52,1.0,user1001@corp-example.com,+1-555-647-8524,crm_v2,cancelled,0
1002,EU,DE,49157.0,2023-05-30,535.96,8.0,user1002@corp-example.com,+1-555-827-4174,crm_v2,ACTIVE,0
1003,EU,IN,56512.0,2023-02-08,530.46,5.0,user1003@corp-example.com,+1-555-254-5817,crm_v2,cancelled,0
1004,NA,IN,70699.0,2025-06-15,472.14,5.0,user1004@corp-example.com,+1-555-808-5977,crm_v2,Active,0
1005,EU,IN,65623.0,2024-12-11,"2,539.19",,user1005@corp-example.com,+1-555-899-8581,crm_v2,active,1
1006,NA,United States,66886.0,2024-03-01,"1,004.11",5.0,user1006@corp-example.com,+1-555-476-6504,crm_v2,cancelled,0
1007,NA,DE,75943.0,2024-10-03,181.75,2.0,user1007@corp-example.com,+1-555-862-6751,crm_v2,Active,0
1008,NA,DE,26002.0,2024-01-22,159.62,,user1008@corp-example.com,+1-555-345-4954,crm_v2,active,1
1009,APAC,us,66295.0,2025-05-28,802.71,6.0,user1009@corp-example.com,+1-555-333-2468,crm_v2,Active,0
1010,APAC,IN,59784.0,2024-09-13,790.01,6.0,user1010@corp-example.com,+1-555-886-9811,crm_v2,Active,0
1011,NA, US,58722.0,2023-06-16,25.02,3.0,user1011@corp-example.com,+1-555-949-6027,crm_v2,active,0
1012,NA,IN,41415.0,1900-01-01,"1,141.01",,user1012@corp-example.com,+1-555-484-8848,crm_v2,active,1
1013,NA,US,67988.0,2023-04-12,498.30,,user1013@corp-example.com,+1-555-481-1586,crm_v2,ACTIVE,1
1014,NA,us,76553.0,2024-03-15,955.80,1.0,user1014@corp-example.com,+1-555-484-2406,crm_v2,ACTIVE,0
1015,NA,DE,74827.0,2025-05-27,"2,133.36",9.0,user1015@corp-example.com,+1-555-427-8264,crm_v2,active,0
1016,EU,DE,58877.0,2023-11-17,"1,133.60",3.0,user1016@corp-example.com,+1-555-320-5197,crm_v2,Active,0
1017,NA,United States,69246.0,2025-04-21,598.53,9.0,user1017@corp-example.com,+1-555-751-1158,crm_v2,ACTIVE,0
1018,NA,us,73302.0,2023-02-27,441.52,3.0,user1018@corp-example.com,+1-555-350-7134,crm_v2,ACTIVE,0
1019,NA,DE,86198.0,2024-04-07,340.85,2.0,user1019@corp-example.com,+1-555-680-6078,crm_v2,Active,0
1020,EU,US,77660.0,2024-11-29,"1,968.54",,user1020@corp-example.com,+1-555-120-2901,crm_v2,cancelled,1
1021,NA,US,62125.0,2025-03-22,913.24,8.0,user1021@corp-example.com,+1-555-776-9135,crm_v2,Active,0
1022,NA,IN,61444.0,1900-01-01,"1,514.43",6.0,user1022@corp-example.com,+1-555-951-2153,crm_v2,cancelled,0
1023,NA,US,62478.0,1900-01-01,859.59,10.0,user1023@corp-example.com,+1-555-682-2409,crm_v2,ACTIVE,0
1024,APAC,IN,63337.0,2025-01-01,"1,344.57",0.0,user1024@corp-example.com,+1-555-180-7024,crm_v2,Active,0
1025,NA,United States,52975.0,2024-06-04,809.80,7.0,user1025@corp-example.com,+1-555-668-8100,crm_v2,active,0
1026,EU,US,71131.0,2024-10-10,491.58,2.0,user1026@corp-example.com,+1-555-840-5204,crm_v2,ACTIVE,0
1027,NA,DE,50172.0,2024-02-24,290.67,5.0,user1027@corp-example.com,+1-555-149-3810,crm_v2,cancelled,0
1028,APAC,United States,48603.0,2023-05-16,"3,987.84",2.0,user1028@corp-example.com,+1-555-402-9450,crm_v2,cancelled,0
1029,NA,US,-999.0,2023-01-23,"2,690.50",6.0,user1029@corp-example.com,+1-555-490-3175,crm_v2,ACTIVE,0
1030,EU, US,51860.0,2023-08-19,770.98,9.0,user1030@corp-example.com,+1-555-229-8010,crm_v2,cancelled,0
1031,APAC,US,56572.0,2024-08-30,"1,089.92",9.0,user1031@corp-example.com,+1-555-392-8572,crm_v2,active,0
1032,EU,US,30344.0,2025-02-28,528.82,8.0,user1032@corp-example.com,+1-555-917-6962,crm_v2,ACTIVE,0
1033,NA,us,71438.0,2024-11-03,443.20,1.0,user1033@corp-example.com,+1-555-728-5029,crm_v2,active,0
1034,NA,us,59973.0,2023-01-18,939.45,,user1034@corp-example.com,+1-555-687-7183,crm_v2,active,1
1035,APAC, US,58236.0,2024-06-12,454.01,0.0,user1035@corp-example.com,+1-555-165-1523,crm_v2,active,0
1036,NA, US,66685.0,2025-03-17,686.93,10.0,user1036@corp-example.com,+1-555-494-9100,crm_v2,Active,0
1037,NA,US,63066.0,2024-11-13,840.20,1.0,user1037@corp-example.com,+1-555-444-7467,crm_v2,Active,0
1038,APAC,DE,50041.0,2024-06-27,"3,923.93",4.0,user1038@corp-example.com,+1-555-787-1173,crm_v2,Active,0
1039,NA,US,-999.0,2024-03-08,503.82,9.0,user1039@corp-example.com,+1-555-951-8969,crm_v2,active,0
1040,NA,United States,53601.0,2023-11-26,967.15,5.0,user1040@corp-example.com,+1-555-174-6478,crm_v2,cancelled,0
1041,NA,us,73995.0,2023-08-01,801.23,1.0,user1041@corp-example.com,+1-555-253-6630,crm_v2,Active,0
1042,NA,United States,86248.0,2024-11-27,487.27,6.0,user1042@corp-example.com,+1-555-466-4498,crm_v2,ACTIVE,0
1043,NA,US,51167.0,2025-05-04,"4,488.27",10.0,user1043@corp-example.com,+1-555-199-7806,crm_v2,active,0
1044,EU,DE,61390.0,2024-05-06,"1,032.76",4.0,user1044@corp-example.com,+1-555-321-9605,crm_v2,cancelled,0
1045,NA,US,48334.0,2023-03-14,684.62,,user1045@corp-example.com,+1-555-145-7243,crm_v2,cancelled,1
1046,NA,IN,75076.0,2025-01-03,"1,320.26",9.0,user1046@corp-example.com,+1-555-382-6766,crm_v2,active,0
1047,APAC,US,-999.0,2023-09-01,"3,162.48",4.0,user1047@corp-example.com,+1-555-717-4748,crm_v2,Active,0
1048,APAC,DE,44297.0,2024-03-15,827.83,4.0,user1048@corp-example.com,+1-555-386-2360,crm_v2,Active,0
1049,EU, US,-999.0,1900-01-01,"1,522.77",5.0,user1049@corp-example.com,+1-555-860-1422,crm_v2,ACTIVE,0
1050,NA,US,73179.0,2024-06-07,443.54,7.0,user1050@corp-example.com,+1-555-998-2738,crm_v2,Active,0
1051,EU,DE,-999.0,2024-07-02,"2,082.95",,user1051@corp-example.com,+1-555-150-3167,crm_v2,ACTIVE,1
1052,EU,IN,76977.0,2023-02-05,445.23,6.0,user1052@corp-example.com,+1-555-326-9866,crm_v2,cancelled,0
1053,NA,United States,62836.0,2024-02-21,460.65,9.0,user1053@corp-example.com,+1-555-114-2170,crm_v2,cancelled,0
1054,APAC,IN,98901.0,2024-08-22,968.69,4.0,user1054@corp-example.com,+1-555-345-8676,crm_v2,active,0
1055,NA,United States,84588.0,2024-05-29,442.65,6.0,user1055@corp-example.com,+1-555-753-9024,crm_v2,ACTIVE,0
1056,EU,IN,52092.0,2023-04-10,"3,174.53",0.0,user1056@corp-example.com,+1-555-865-6532,crm_v2,Active,0
1057,NA, US,56177.0,2024-02-25,764.67,5.0,user1057@corp-example.com,+1-555-667-1116,crm_v2,ACTIVE,0
1058,EU,United States,-999.0,2025-02-06,266.71,1.0,user1058@corp-example.com,+1-555-241-4257,crm_v2,active,0
1059,EU,us,61938.0,2024-07-04,201.71,7.0,user1059@corp-example.com,+1-555-284-7641,crm_v2,ACTIVE,0
1060,EU,United States,60705.0,2023-11-06,350.02,1.0,user1060@corp-example.com,+1-555-511-3893,crm_v2,active,0
1061,NA,US,70563.0,2023-04-06,"1,183.26",5.0,user1061@corp-example.com,+1-555-954-7408,crm_v2,ACTIVE,0
1062,APAC,us,61263.0,2024-08-27,"1,339.57",8.0,user1062@corp-example.com,+1-555-376-4958,crm_v2,ACTIVE,0
1063,EU,us,38966.0,2023-11-30,"2,697.74",4.0,user1063@corp-example.com,+1-555-233-6261,crm_v2,Active,0
1064,NA,US,48408.0,2024-09-09,"1,453.44",,user1064@corp-example.com,+1-555-879-4462,crm_v2,ACTIVE,1
1065,NA,IN,80264.0,2024-05-07,918.71,0.0,user1065@corp-example.com,+1-555-700-3233,crm_v2,Active,0
1066,EU,us,76551.0,2025-03-04,"1,604.93",,user1066@corp-example.com,+1-555-241-1668,crm_v2,Active,1
1067,NA,DE,-999.0,2024-06-30,"1,664.76",5.0,user1067@corp-example.com,+1-555-684-9284,crm_v2,active,0
1068,EU,DE,58069.0,2024-01-16,"1,483.50",1.0,user1068@corp-example.com,+1-555-314-6915,crm_v2,ACTIVE,0
1069,EU,United States,57602.0,2024-01-29,"2,726.59",3.0,user1069@corp-example.com,+1-555-660-8250,crm_v2,active,0
1070,EU,IN,60336.0,2024-09-12,643.57,7.0,user1070@corp-example.com,+1-555-232-7678,crm_v2,active,0
1071,APAC,United States,35985.0,2023-02-16,966.14,10.0,user1071@corp-example.com,+1-555-504-2244,crm_v2,cancelled,0
1072,NA,IN,72823.0,2023-04-06,804.18,4.0,user1072@corp-example.com,+1-555-985-2044,crm_v2,cancelled,0
1073,NA,DE,50590.0,2024-09-21,"1,028.16",0.0,user1073@corp-example.com,+1-555-887-3165,crm_v2,ACTIVE,0
1074,NA,US,62112.0,2024-06-25,"2,642.67",5.0,user1074@corp-example.com,+1-555-961-1295,crm_v2,ACTIVE,0
1075,APAC,DE,23822.0,2024-03-27,916.18,0.0,user1075@corp-example.com,+1-555-825-6522,crm_v2,cancelled,0
1076,NA,United States,63359.0,2025-03-26,"1,570.94",6.0,user1076@corp-example.com,+1-555-808-3277,crm_v2,ACTIVE,0
1077,EU,us,79165.0,2025-05-17,248.24,2.0,user1077@corp-example.com,+1-555-327-8071,crm_v2,ACTIVE,0
1078,NA,US,28002.0,2024-11-22,455.82,3.0,user1078@corp-example.com,+1-555-186-3502,crm_v2,Active,0
1079,APAC,DE,81757.0,2023-11-06,896.97,7.0,user1079@corp-example.com,+1-555-727-1337,crm_v2,Active,0
1080,APAC,DE,66769.0,2023-03-02,446.96,1.0,user1080@corp-example.com,+1-555-401-9172,crm_v2,active,0
1081,NA,United States,49507.0,2024-09-04,"1,545.79",2.0,user1081@corp-example.com,+1-555-900-3552,crm_v2,Active,0
1082,APAC, US,37300.0,2024-11-21,757.39,3.0,user1082@corp-example.com,+1-555-193-5933,crm_v2,Active,0
1083,EU,us,76655.0,2023-02-08,576.69,10.0,user1083@corp-example.com,+1-555-337-7896,crm_v2,cancelled,0
1084,NA,United States,63740.0,2024-08-03,663.56,9.0,user1084@corp-example.com,+1-555-375-3704,crm_v2,ACTIVE,0
1085,NA,us,68496.0,2024-09-09,"1,722.67",7.0,user1085@corp-example.com,+1-555-707-7119,crm_v2,ACTIVE,0
1086,NA,United States,56114.0,2024-11-07,"1,327.13",7.0,user1086@corp-example.com,+1-555-880-4328,crm_v2,Active,0
1087,EU,us,48587.0,2023-03-02,148.81,5.0,user1087@corp-example.com,+1-555-837-8267,crm_v2,ACTIVE,0
1088,NA,DE,72469.0,2023-10-02,"1,194.80",5.0,user1088@corp-example.com,+1-555-952-6525,crm_v2,Active,0
1089,NA,United States,46327.0,2024-07-06,90.92,3.0,user1089@corp-example.com,+1-555-106-2633,crm_v2,active,0
1090,NA,us,72911.0,2025-02-17,"2,054.09",3.0,user1090@corp-example.com,+1-555-810-8622,crm_v2,ACTIVE,0
1091,EU,IN,36065.0,2024-07-25,"2,342.89",6.0,user1091@corp-example.com,+1-555-348-8544,crm_v2,Active,0
1092,APAC,United States,46745.0,2023-03-25,989.00,0.0,user1092@corp-example.com,+1-555-573-3394,crm_v2,active,0
1093,APAC,DE,39198.0,2024-10-03,371.25,4.0,user1093@corp-example.com,+1-555-461-6897,crm_v2,active,0
1094,NA,IN,78769.0,2025-06-10,753.07,7.0,user1094@corp-example.com,+1-555-953-8293,crm_v2,ACTIVE,0
1095,EU,US,34912.0,2024-03-26,702.29,10.0,user1095@corp-example.com,+1-555-734-9710,crm_v2,cancelled,0
1096,NA,United States,-999.0,2025-05-14,"1,768.72",7.0,user1096@corp-example.com,+1-555-144-7780,crm_v2,ACTIVE,0
1097,NA,US,69465.0,2024-03-12,"1,974.20",9.0,user1097@corp-example.com,+1-555-787-2804,crm_v2,cancelled,0
1098,APAC,United States,63283.0,2024-04-11,"1,178.67",4.0,user1098@corp-example.com,+1-555-785-2324,crm_v2,cancelled,0
1099,NA,us,91423.0,2023-04-17,453.81,4.0,user1099@corp-example.com,+1-555-278-8243,crm_v2,Active,0
1100,APAC,IN,86393.0,2024-07-06,"2,942.27",4.0,user1100@corp-example.com,+1-555-428-9047,crm_v2,ACTIVE,0
1101,EU,US,68850.0,2023-08-15,"1,463.70",8.0,user1101@corp-example.com,+1-555-224-8944,crm_v2,active,0
1102,NA,United States,-999.0,2024-05-03,322.31,3.0,user1102@corp-example.com,+1-555-997-5281,crm_v2,Active,0
1103,EU,US,33831.0,2024-12-26,604.73,5.0,user1103@corp-example.com,+1-555-337-7850,crm_v2,active,0
1104,NA,IN,47358.0,2025-03-12,"2,723.35",3.0,user1104@corp-example.com,+1-555-144-7217,crm_v2,active,0
1105,APAC,DE,55291.0,2025-05-10,436.60,,user1105@corp-example.com,+1-555-237-5122,crm_v2,cancelled,1
1106,NA,United States,57452.0,1900-01-01,"1,696.83",9.0,user1106@corp-example.com,+1-555-596-4675,crm_v2,Active,0
1107,NA,us,40275.0,2023-10-29,601.26,4.0,user1107@corp-example.com,+1-555-307-9611,crm_v2,cancelled,0
1108,EU,us,46644.0,2024-09-01,"1,839.41",9.0,user1108@corp-example.com,+1-555-421-5106,crm_v2,active,0
1109,NA,United States,47849.0,2024-04-29,877.01,9.0,user1109@corp-example.com,+1-555-628-7287,crm_v2,active,0
1110,NA,US,75237.0,2024-09-27,"1,609.48",7.0,user1110@corp-example.com,+1-555-934-8209,crm_v2,active,0
1111,EU,us,66103.0,2023-09-13,243.45,8.0,user1111@corp-example.com,+1-555-437-6036,crm_v2,cancelled,0
1112,NA,US,55236.0,2025-03-23,596.76,6.0,user1112@corp-example.com,+1-555-467-4752,crm_v2,active,0
1113,EU,IN,56043.0,2023-09-11,"1,348.31",3.0,user1113@corp-example.com,+1-555-485-5148,crm_v2,Active,0
1114,EU,DE,-999.0,2023-07-29,"1,170.06",3.0,user1114@corp-example.com,+1-555-588-3835,crm_v2,active,0
1115,APAC,United States,49988.0,2024-12-14,"3,191.87",2.0,user1115@corp-example.com,+1-555-503-3164,crm_v2,cancelled,0
1116,NA,DE,56217.0,2023-03-28,"1,023.48",9.0,user1116@corp-example.com,+1-555-129-8868,crm_v2,Active,0
1117,EU,US,35298.0,2025-01-21,567.09,7.0,user1117@corp-example.com,+1-555-869-2965,crm_v2,ACTIVE,0
1118,APAC,DE,69605.0,2024-07-16,837.36,0.0,user1118@corp-example.com,+1-555-771-8197,crm_v2,ACTIVE,0
1119,NA,DE,73785.0,2024-07-09,58.45,3.0,user1119@corp-example.com,+1-555-333-7155,crm_v2,active,0
1120,EU,DE,65193.0,2024-03-08,693.05,1.0,user1120@corp-example.com,+1-555-741-4327,crm_v2,cancelled,0
1121,NA,us,66847.0,2025-02-21,"1,279.67",5.0,user1121@corp-example.com,+1-555-167-2730,crm_v2,cancelled,0
1122,APAC, US,65235.0,2024-06-08,"1,513.26",0.0,user1122@corp-example.com,+1-555-613-8318,crm_v2,Active,0
1123,EU, US,89283.0,2023-01-05,"1,640.94",4.0,user1123@corp-example.com,+1-555-285-8862,crm_v2,ACTIVE,0
1124,APAC,IN,62915.0,2023-11-14,794.00,2.0,user1124@corp-example.com,+1-555-322-7534,crm_v2,Active,0
1125,EU,us,41012.0,2025-03-27,"1,374.95",6.0,user1125@corp-example.com,+1-555-912-9178,crm_v2,ACTIVE,0
1126,APAC,DE,44947.0,2023-10-31,987.12,8.0,user1126@corp-example.com,+1-555-228-6032,crm_v2,Active,0
1127,NA, US,70204.0,2023-04-03,410.22,4.0,user1127@corp-example.com,+1-555-274-8767,crm_v2,Active,0
1128,EU,DE,75297.0,2023-07-14,576.80,1.0,user1128@corp-example.com,+1-555-490-6749,crm_v2,active,0
1129,NA,us,71051.0,2023-01-20,901.25,1.0,user1129@corp-example.com,+1-555-547-7975,crm_v2,cancelled,0
1130,NA, US,72044.0,2025-06-16,407.22,2.0,user1130@corp-example.com,+1-555-702-8850,crm_v2,cancelled,0
1131,NA,us,62665.0,2023-04-15,"1,376.35",4.0,user1131@corp-example.com,+1-555-664-3346,crm_v2,ACTIVE,0
1132,EU,us,-999.0,2023-12-26,690.64,1.0,user1132@corp-example.com,+1-555-196-4763,crm_v2,active,0
1133,EU,US,49801.0,2023-08-16,595.72,9.0,user1133@corp-example.com,+1-555-790-4621,crm_v2,ACTIVE,0
1134,APAC,us,33988.0,2023-02-01,603.39,7.0,user1134@corp-example.com,+1-555-546-7700,crm_v2,cancelled,0
1135,NA,IN,54416.0,2024-05-01,"3,089.08",8.0,user1135@corp-example.com,+1-555-672-7239,crm_v2,cancelled,0
1136,NA,US,40393.0,2023-04-07,"1,813.88",8.0,user1136@corp-example.com,+1-555-147-6016,crm_v2,cancelled,0
1137,NA,us,61355.0,2023-02-22,855.42,7.0,user1137@corp-example.com,+1-555-608-6361,crm_v2,Active,0
1138,APAC,us,57521.0,2023-02-19,"1,069.36",4.0,user1138@corp-example.com,+1-555-600-7906,crm_v2,active,0
1139,EU,us,31963.0,2025-04-01,453.63,4.0,user1139@corp-example.com,+1-555-386-9286,crm_v2,cancelled,0
1140,EU,IN,70486.0,2023-09-08,"1,014.04",6.0,user1140@corp-example.com,+1-555-676-4348,crm_v2,Active,0
1141,EU, US,70888.0,2024-01-29,479.41,4.0,user1141@corp-example.com,+1-555-588-2663,crm_v2,ACTIVE,0
1142,EU,IN,39960.0,2024-02-14,931.28,2.0,user1142@corp-example.com,+1-555-268-1775,crm_v2,active,0
1143,NA,US,62022.0,2025-06-03,452.06,3.0,user1143@corp-example.com,+1-555-990-1765,crm_v2,ACTIVE,0
1144,NA,DE,70254.0,2025-06-01,554.12,2.0,user1144@corp-example.com,+1-555-427-9862,crm_v2,ACTIVE,0
1145,NA,us,55756.0,2024-10-02,"1,070.12",4.0,user1145@corp-example.com,+1-555-697-1755,crm_v2,Active,0
1146,APAC,IN,72245.0,2025-02-02,"1,154.81",4.0,user1146@corp-example.com,+1-555-681-4748,crm_v2,ACTIVE,0
1147,EU, US,62640.0,2023-08-20,"1,439.23",0.0,user1147@corp-example.com,+1-555-811-5931,crm_v2,ACTIVE,0
1148,NA,DE,75363.0,2031-05-01,"1,093.95",,user1148@corp-example.com,+1-555-722-7932,crm_v2,ACTIVE,1
1149,NA,United States,62587.0,2023-07-02,"1,559.87",9.0,user1149@corp-example.com,+1-555-945-1387,crm_v2,active,0
1150,NA, US,57531.0,2023-02-24,"2,433.10",4.0,user1150@corp-example.com,+1-555-537-5497,crm_v2,Active,0
1151,EU,United States,67261.0,2025-01-05,993.02,3.0,user1151@corp-example.com,+1-555-522-1317,crm_v2,active,0
1152,EU,DE,71179.0,2023-08-23,360.20,8.0,user1152@corp-example.com,+1-555-582-2606,crm_v2,Active,0
1153,APAC, US,63483.0,2024-06-01,"1,665.35",10.0,user1153@corp-example.com,+1-555-640-3704,crm_v2,cancelled,0
1154,NA,United States,53413.0,2023-11-25,783.62,4.0,user1154@corp-example.com,+1-555-254-1100,crm_v2,Active,0
1155,NA,DE,48496.0,1900-01-01,260.33,1.0,user1155@corp-example.com,+1-555-496-3693,crm_v2,cancelled,0
1156,EU,DE,54488.0,2023-04-09,"1,747.63",1.0,user1156@corp-example.com,+1-555-187-8061,crm_v2,ACTIVE,0
1157,APAC,DE,51600.0,2023-08-31,446.92,0.0,user1157@corp-example.com,+1-555-244-6832,crm_v2,active,0
1158,EU, US,62809.0,2025-01-09,"2,045.97",9.0,user1158@corp-example.com,+1-555-438-9781,crm_v2,ACTIVE,0
1159,NA,us,62293.0,2023-04-22,804.76,5.0,user1159@corp-example.com,+1-555-789-8763,crm_v2,Active,0
1160,APAC, US,58612.0,2025-05-18,875.16,3.0,user1160@corp-example.com,+1-555-618-8320,crm_v2,ACTIVE,0
1161,NA,us,59800.0,2024-06-17,356.55,1.0,user1161@corp-example.com,+1-555-227-5451,crm_v2,active,0
1162,APAC,US,62308.0,2025-02-10,"1,013.18",,user1162@corp-example.com,+1-555-486-7198,crm_v2,cancelled,1
1163,NA,United States,82416.0,2025-03-13,90.70,3.0,user1163@corp-example.com,+1-555-918-8113,crm_v2,ACTIVE,0
1164,NA,DE,77188.0,2023-10-24,218.19,3.0,user1164@corp-example.com,+1-555-662-4123,crm_v2,ACTIVE,0
1165,APAC, US,-999.0,2023-11-28,"1,310.76",6.0,user1165@corp-example.com,+1-555-473-5924,crm_v2,cancelled,0
1166,NA,IN,65897.0,2024-07-10,"1,118.58",9.0,user1166@corp-example.com,+1-555-215-6073,crm_v2,active,0
1167,APAC,DE,55059.0,2023-01-25,486.43,1.0,user1167@corp-example.com,+1-555-391-2892,crm_v2,ACTIVE,0
1168,EU,US,58395.0,2023-01-11,328.36,9.0,user1168@corp-example.com,+1-555-124-6213,crm_v2,active,0
1169,EU,US,56274.0,1900-01-01,590.12,,user1169@corp-example.com,+1-555-471-2312,crm_v2,ACTIVE,1
1170,NA,IN,50769.0,2023-08-04,355.67,7.0,user1170@corp-example.com,+1-555-777-7171,crm_v2,cancelled,0
1171,EU,United States,40131.0,2025-01-17,937.48,9.0,user1171@corp-example.com,+1-555-206-6256,crm_v2,Active,0
1172,NA, US,24221.0,2025-03-21,85.24,8.0,user1172@corp-example.com,+1-555-128-6351,crm_v2,Active,0
1173,APAC, US,62674.0,2023-01-31,"1,024.24",6.0,user1173@corp-example.com,+1-555-267-6217,crm_v2,active,0
1174,APAC,us,76859.0,2023-04-15,"1,163.99",3.0,user1174@corp-example.com,+1-555-294-3305,crm_v2,cancelled,0
1175,NA,us,46679.0,2023-09-10,498.13,6.0,user1175@corp-example.com,+1-555-482-4051,crm_v2,active,0
1176,NA,United States,67077.0,2023-04-09,"1,454.43",9.0,user1176@corp-example.com,+1-555-163-1526,crm_v2,active,0
1177,APAC,IN,54178.0,2023-12-11,"1,080.96",4.0,user1177@corp-example.com,+1-555-529-8580,crm_v2,cancelled,0
1178,NA,us,63794.0,2024-11-28,"2,753.30",4.0,user1178@corp-example.com,+1-555-454-5576,crm_v2,ACTIVE,0
1179,NA,us,48093.0,2025-06-05,"1,115.65",1.0,user1179@corp-example.com,+1-555-742-2178,crm_v2,active,0
1180,NA, US,56400.0,2024-03-14,377.32,8.0,user1180@corp-example.com,+1-555-222-2987,crm_v2,cancelled,0
1181,NA,DE,58144.0,2023-01-30,"1,073.79",5.0,user1181@corp-example.com,+1-555-687-8507,crm_v2,Active,0
1182,NA,DE,25350.0,2024-12-02,296.35,,user1182@corp-example.com,+1-555-630-3495,crm_v2,Active,1
1183,EU,IN,62852.0,2025-06-15,795.46,10.0,user1183@corp-example.com,+1-555-801-3388,crm_v2,cancelled,0
1184,APAC,United States,57740.0,2025-03-10,237.27,3.0,user1184@corp-example.com,+1-555-966-2134,crm_v2,active,0
1185,APAC,IN,23833.0,2031-05-01,"2,112.98",1.0,user1185@corp-example.com,+1-555-401-8183,crm_v2,ACTIVE,0
1186,NA,United States,-999.0,2023-03-23,"2,523.30",8.0,user1186@corp-example.com,+1-555-471-3190,crm_v2,ACTIVE,0
1187,NA,US,59227.0,2023-12-26,665.83,7.0,user1187@corp-example.com,+1-555-936-3101,crm_v2,ACTIVE,0
1188,NA,United States,62665.0,2025-04-24,306.00,7.0,user1188@corp-example.com,+1-555-892-6885,crm_v2,active,0
1189,APAC,US,-999.0,2023-12-31,830.24,7.0,user1189@corp-example.com,+1-555-479-5472,crm_v2,Active,0
1190,NA,IN,53669.0,2024-11-10,773.82,9.0,user1190@corp-example.com,+1-555-352-8228,crm_v2,ACTIVE,0
1191,EU,US,44119.0,2024-08-20,114.20,4.0,user1191@corp-example.com,+1-555-747-6331,crm_v2,Active,0
1192,APAC,DE,53241.0,2023-11-04,"1,083.51",9.0,user1192@corp-example.com,+1-555-559-4877,crm_v2,active,0
1193,NA,us,53495.0,2023-10-08,"1,235.37",8.0,user1193@corp-example.com,+1-555-734-9761,crm_v2,cancelled,0
1194,NA,us,-999.0,2024-08-23,728.29,3.0,user1194@corp-example.com,+1-555-674-3760,crm_v2,Active,0
1195,EU,IN,86386.0,2023-09-27,433.95,2.0,user1195@corp-example.com,+1-555-724-2323,crm_v2,cancelled,0
1196,NA,United States,52599.0,2024-06-18,"1,039.01",6.0,user1196@corp-example.com,+1-555-744-1644,crm_v2,cancelled,0
1197,APAC,United States,53667.0,2024-12-13,"1,106.14",8.0,user1197@corp-example.com,+1-555-141-9911,crm_v2,active,0
1198,NA,DE,64331.0,2023-04-13,313.99,5.0,user1198@corp-example.com,+1-555-939-3914,crm_v2,Active,0
1199,NA,US,67844.0,2023-10-19,"1,404.66",7.0,user1199@corp-example.com,+1-555-358-5549,crm_v2,active,0
1200,NA,IN,49609.0,2024-05-17,"1,171.88",,user1200@corp-example.com,+1-555-301-5397,crm_v2,active,1
1201,EU,US,45123.0,2024-12-30,"1,970.30",3.0,user1201@corp-example.com,+1-555-646-9557,crm_v2,active,0
1202,NA,US,87689.0,2023-02-19,939.14,,user1202@corp-example.com,+1-555-618-4669,crm_v2,ACTIVE,1
1203,APAC,DE,74958.0,2023-11-02,"1,795.62",2.0,user1203@corp-example.com,+1-555-468-7973,crm_v2,active,0
1204,APAC,US,37079.0,1900-01-01,992.48,2.0,user1204@corp-example.com,+1-555-270-8647,crm_v2,active,0
1205,APAC,United States,33995.0,2024-09-06,442.79,,user1205@corp-example.com,+1-555-687-1254,crm_v2,active,1
1206,NA,DE,47623.0,2024-09-09,"2,139.60",7.0,user1206@corp-example.com,+1-555-912-4534,crm_v2,active,0
1207,NA,US,62809.0,2023-01-01,946.11,,user1207@corp-example.com,+1-555-846-4138,crm_v2,active,1
1208,NA,us,67562.0,2024-08-24,"1,130.94",4.0,user1208@corp-example.com,+1-555-481-5252,crm_v2,Active,0
1209,APAC,United States,54655.0,2031-05-01,"2,173.99",6.0,user1209@corp-example.com,+1-555-613-9894,crm_v2,active,0
1210,EU, US,36125.0,2023-03-03,406.06,9.0,user1210@corp-example.com,+1-555-257-7960,crm_v2,Active,0
1211,NA,us,62783.0,2024-02-02,"2,072.37",4.0,user1211@corp-example.com,+1-555-864-3309,crm_v2,Active,0
1212,EU,United States,-999.0,2024-07-13,433.52,10.0,user1212@corp-example.com,+1-555-917-1429,crm_v2,Active,0
1213,APAC,us,59570.0,2024-12-05,"2,348.43",7.0,user1213@corp-example.com,+1-555-656-7034,crm_v2,cancelled,0
1214,APAC,United States,52377.0,2025-05-01,534.06,2.0,user1214@corp-example.com,+1-555-666-8030,crm_v2,cancelled,0
1215,EU,US,67944.0,2024-07-02,974.52,9.0,user1215@corp-example.com,+1-555-884-5159,crm_v2,cancelled,0
1216,APAC,United States,58751.0,2025-01-29,"2,091.54",9.0,user1216@corp-example.com,+1-555-955-7723,crm_v2,cancelled,0
1217,APAC,IN,43259.0,2024-08-12,"1,230.99",5.0,user1217@corp-example.com,+1-555-836-1843,crm_v2,Active,0
1218,NA,US,60940.0,2023-04-02,"1,571.82",2.0,user1218@corp-example.com,+1-555-629-2613,crm_v2,ACTIVE,0
1219,NA, US,40715.0,2023-06-05,"1,279.39",5.0,user1219@corp-example.com,+1-555-899-2869,crm_v2,cancelled,0
1220,EU,US,73596.0,2025-01-03,"1,015.59",4.0,user1220@corp-example.com,+1-555-703-4228,crm_v2,Active,0
1221,NA,United States,66389.0,1900-01-01,"1,087.13",5.0,user1221@corp-example.com,+1-555-561-9364,crm_v2,ACTIVE,0
1222,NA, US,-999.0,2023-03-22,923.53,9.0,user1222@corp-example.com,+1-555-506-7537,crm_v2,Active,0
1223,APAC,us,-999.0,2025-01-12,775.87,9.0,user1223@corp-example.com,+1-555-252-5951,crm_v2,Active,0
1224,EU,us,77787.0,2025-01-09,429.41,6.0,user1224@corp-example.com,+1-555-715-9665,crm_v2,ACTIVE,0
1225,EU, US,28296.0,2024-04-11,887.36,6.0,user1225@corp-example.com,+1-555-385-5882,crm_v2,ACTIVE,0
1226,APAC,US,57516.0,2023-12-24,"2,568.41",,user1226@corp-example.com,+1-555-745-3231,crm_v2,Active,1
1227,NA,United States,83569.0,2024-08-14,406.37,6.0,user1227@corp-example.com,+1-555-162-6140,crm_v2,cancelled,0
1228,APAC,us,36909.0,2023-03-20,"1,934.45",,user1228@corp-example.com,+1-555-441-6064,crm_v2,cancelled,1
1229,APAC,DE,57108.0,2023-09-01,"2,235.77",,user1229@corp-example.com,+1-555-591-4989,crm_v2,active,1
1230,NA,IN,-999.0,2023-12-20,686.83,10.0,user1230@corp-example.com,+1-555-104-1361,crm_v2,cancelled,0
1231,NA,IN,58562.0,2023-09-05,436.62,6.0,user1231@corp-example.com,+1-555-287-1619,crm_v2,ACTIVE,0
1232,NA, US,-999.0,2023-09-27,575.98,8.0,user1232@corp-example.com,+1-555-828-7625,crm_v2,ACTIVE,0
1233,APAC,us,35837.0,2024-05-10,"1,718.07",10.0,user1233@corp-example.com,+1-555-862-4072,crm_v2,cancelled,0
1234,NA, US,51691.0,2023-07-29,616.20,9.0,user1234@corp-example.com,+1-555-515-8299,crm_v2,active,0
1235,NA,us,61567.0,2024-02-02,"1,306.46",5.0,user1235@corp-example.com,+1-555-235-3133,crm_v2,Active,0
1236,APAC,DE,65080.0,2024-09-15,667.53,10.0,user1236@corp-example.com,+1-555-687-4692,crm_v2,ACTIVE,0
1237,EU, US,65766.0,2023-04-24,"2,342.49",3.0,user1237@corp-example.com,+1-555-182-2724,crm_v2,ACTIVE,0
1238,EU,IN,76353.0,2023-03-26,"2,272.31",9.0,user1238@corp-example.com,+1-555-698-5900,crm_v2,active,0
1239,EU,us,69763.0,2025-02-27,818.79,7.0,user1239@corp-example.com,+1-555-177-8686,crm_v2,Active,0
1240,NA,us,70353.0,2024-08-31,594.24,7.0,user1240@corp-example.com,+1-555-792-9329,crm_v2,active,0
1241,NA,DE,45206.0,2024-10-06,"2,341.61",4.0,user1241@corp-example.com,+1-555-422-9333,crm_v2,Active,0
1242,NA,US,-999.0,2023-11-15,275.28,5.0,user1242@corp-example.com,+1-555-620-6350,crm_v2,active,0
1243,NA, US,-999.0,2023-06-23,"1,214.27",8.0,user1243@corp-example.com,+1-555-236-7956,crm_v2,active,0
1244,EU,DE,92779.0,2023-06-08,"1,031.78",7.0,user1244@corp-example.com,+1-555-818-2649,crm_v2,Active,0
1245,EU, US,71701.0,2025-04-19,635.19,10.0,user1245@corp-example.com,+1-555-484-5789,crm_v2,active,0
1246,EU,DE,70397.0,2024-03-16,"1,307.76",9.0,user1246@corp-example.com,+1-555-228-2842,crm_v2,ACTIVE,0
1247,EU,United States,74051.0,2024-05-29,921.10,,user1247@corp-example.com,+1-555-120-3657,crm_v2,cancelled,1
1248,NA,us,53626.0,2023-07-29,"1,521.14",4.0,user1248@corp-example.com,+1-555-553-2830,crm_v2,ACTIVE,0
1249,NA,United States,88311.0,2024-02-27,328.50,,user1249@corp-example.com,+1-555-588-6485,crm_v2,cancelled,1
1250,APAC,us,54035.0,2023-10-19,"1,537.55",7.0,user1250@corp-example.com,+1-555-185-5123,crm_v2,cancelled,0
1251,NA, US,58346.0,2025-02-16,"1,405.29",9.0,user1251@corp-example.com,+1-555-120-3398,crm_v2,active,0
1252,EU,US,91531.0,2023-09-06,393.21,7.0,user1252@corp-example.com,+1-555-867-5659,crm_v2,cancelled,0
1253,NA,US,28970.0,2023-04-04,"2,171.81",4.0,user1253@corp-example.com,+1-555-119-4658,crm_v2,ACTIVE,0
1254,APAC,US,64874.0,2024-08-27,"1,163.84",,user1254@corp-example.com,+1-555-880-1074,crm_v2,ACTIVE,1
1255,NA,DE,34217.0,2023-03-24,546.61,7.0,user1255@corp-example.com,+1-555-925-1355,crm_v2,cancelled,0
1256,NA,US,49943.0,2023-05-22,711.65,,user1256@corp-example.com,+1-555-836-5908,crm_v2,Active,1
1257,EU,US,58202.0,1900-01-01,"1,823.68",6.0,user1257@corp-example.com,+1-555-449-5282,crm_v2,Active,0
1258,EU,US,54367.0,2024-10-16,260.22,9.0,user1258@corp-example.com,+1-555-599-7423,crm_v2,active,0
1259,APAC,IN,62108.0,1900-01-01,"1,450.99",,user1259@corp-example.com,+1-555-609-4243,crm_v2,ACTIVE,1
1260,EU,IN,48245.0,2024-09-04,"1,757.41",1.0,user1260@corp-example.com,+1-555-310-2009,crm_v2,ACTIVE,0
1261,NA,us,58027.0,2024-02-08,"3,867.78",3.0,user1261@corp-example.com,+1-555-832-8938,crm_v2,cancelled,0
1262,NA,United States,42061.0,2025-02-23,540.26,1.0,user1262@corp-example.com,+1-555-101-3160,crm_v2,ACTIVE,0
1263,EU,us,53839.0,2025-05-28,574.09,3.0,user1263@corp-example.com,+1-555-989-1446,crm_v2,active,0
1264,APAC,us,39093.0,2023-03-09,358.87,3.0,user1264@corp-example.com,+1-555-956-4467,crm_v2,ACTIVE,0
1265,NA,United States,69227.0,2023-10-11,"1,775.35",10.0,user1265@corp-example.com,+1-555-291-1774,crm_v2,active,0
1266,EU,IN,40450.0,2025-03-21,"1,337.57",2.0,user1266@corp-example.com,+1-555-525-9419,crm_v2,cancelled,0
1267,NA,IN,69786.0,1900-01-01,"3,922.69",2.0,user1267@corp-example.com,+1-555-605-4857,crm_v2,Active,0
1268,NA,US,53440.0,2023-09-21,"1,729.25",,user1268@corp-example.com,+1-555-557-9443,crm_v2,cancelled,1
1269,EU, US,55071.0,2023-05-27,"1,435.95",10.0,user1269@corp-example.com,+1-555-943-6364,crm_v2,active,0
1270,EU,DE,76985.0,2025-04-27,513.98,2.0,user1270@corp-example.com,+1-555-577-7952,crm_v2,active,0
1271,APAC, US,61151.0,2025-03-07,"2,571.49",7.0,user1271@corp-example.com,+1-555-671-7704,crm_v2,cancelled,0
1272,EU,us,31548.0,1900-01-01,396.22,0.0,user1272@corp-example.com,+1-555-759-7737,crm_v2,active,0
1273,NA, US,66937.0,2023-01-02,"1,666.17",10.0,user1273@corp-example.com,+1-555-192-7022,crm_v2,cancelled,0
1274,EU, US,16652.0,2024-07-02,163.88,1.0,user1274@corp-example.com,+1-555-964-2057,crm_v2,active,0
1275,NA,US,63500.0,2024-03-31,283.44,9.0,user1275@corp-example.com,+1-555-510-6629,crm_v2,active,0
1276,NA,United States,53622.0,2023-08-07,"1,494.26",4.0,user1276@corp-example.com,+1-555-872-2879,crm_v2,ACTIVE,0
1277,NA,us,38842.0,2025-04-21,"2,181.32",,user1277@corp-example.com,+1-555-748-1324,crm_v2,ACTIVE,1
1278,NA,us,60718.0,1900-01-01,667.13,2.0,user1278@corp-example.com,+1-555-990-2253,crm_v2,cancelled,0
1279,NA,IN,54988.0,2024-12-02,717.25,0.0,user1279@corp-example.com,+1-555-346-7721,crm_v2,Active,0
1280,NA,United States,89261.0,2023-01-01,513.80,,user1280@corp-example.com,+1-555-441-3756,crm_v2,ACTIVE,1
1281,NA,IN,-999.0,2024-09-05,369.77,3.0,user1281@corp-example.com,+1-555-867-8116,crm_v2,active,0
1282,NA, US,-999.0,2023-01-25,"1,000.99",0.0,user1282@corp-example.com,+1-555-773-2640,crm_v2,Active,0
1283,NA,us,80053.0,2024-03-04,"2,246.85",10.0,user1283@corp-example.com,+1-555-179-7192,crm_v2,Active,0
1284,APAC,DE,50493.0,2025-02-10,625.28,9.0,user1284@corp-example.com,+1-555-307-3411,crm_v2,Active,0
1285,APAC,IN,47445.0,2024-11-28,"2,595.93",,user1285@corp-example.com,+1-555-943-1018,crm_v2,cancelled,1
1286,NA,us,-999.0,2024-06-24,803.40,2.0,user1286@corp-example.com,+1-555-787-2089,crm_v2,Active,0
1287,EU,US,57531.0,2024-10-06,"1,290.91",5.0,user1287@corp-example.com,+1-555-898-1816,crm_v2,Active,0
1288,APAC,IN,61923.0,2023-05-16,904.47,9.0,user1288@corp-example.com,+1-555-571-1127,crm_v2,Active,0
1289,NA,DE,55771.0,2023-05-25,"1,260.30",3.0,user1289@corp-example.com,+1-555-662-3805,crm_v2,ACTIVE,0
1290,EU, US,41582.0,2024-08-09,89.21,9.0,user1290@corp-example.com,+1-555-163-7632,crm_v2,ACTIVE,0
1291,NA,US,54016.0,2024-10-07,"1,064.39",4.0,user1291@corp-example.com,+1-555-274-1841,crm_v2,ACTIVE,0
1292,EU,United States,45292.0,2024-11-29,"1,205.21",,user1292@corp-example.com,+1-555-665-3654,crm_v2,cancelled,1
1293,APAC, US,36798.0,2024-12-30,"1,467.15",7.0,user1293@corp-example.com,+1-555-539-9364,crm_v2,cancelled,0
1294,NA, US,55190.0,2031-05-01,877.71,0.0,user1294@corp-example.com,+1-555-920-8776,crm_v2,active,0
1295,APAC, US,-999.0,2024-08-30,220.80,1.0,user1295@corp-example.com,+1-555-123-4607,crm_v2,cancelled,0
1296,EU,United States,83598.0,2023-08-11,467.15,6.0,user1296@corp-example.com,+1-555-615-2823,crm_v2,ACTIVE,0
1297,EU, US,58631.0,2023-08-01,"3,595.45",6.0,user1297@corp-example.com,+1-555-262-7722,crm_v2,ACTIVE,0
1298,EU,IN,61570.0,2024-10-24,113.95,1.0,user1298@corp-example.com,+1-555-511-2705,crm_v2,ACTIVE,0
1299,APAC,IN,67183.0,2023-12-18,171.08,1.0,user1299@corp-example.com,+1-555-416-9010,crm_v2,cancelled,0
1300,NA,US,79795.0,2024-05-05,"1,781.96",3.0,user1300@corp-example.com,+1-555-790-1303,crm_v2,active,0
1301,EU, US,64293.0,2023-07-10,633.56,6.0,user1301@corp-example.com,+1-555-612-9739,crm_v2,Active,0
1302,NA,IN,-999.0,2023-12-09,248.54,9.0,user1302@corp-example.com,+1-555-125-3622,crm_v2,active,0
1303,EU,US,-999.0,2023-12-02,"2,120.79",0.0,user1303@corp-example.com,+1-555-190-7763,crm_v2,ACTIVE,0
1304,EU,us,-999.0,2023-01-19,551.69,4.0,user1304@corp-example.com,+1-555-719-7971,crm_v2,ACTIVE,0
1305,NA,US,98348.0,2024-01-02,"1,169.69",,user1305@corp-example.com,+1-555-298-1405,crm_v2,active,1
1306,NA, US,50225.0,2023-04-02,"1,216.39",7.0,user1306@corp-example.com,+1-555-978-1366,crm_v2,cancelled,0
1307,EU,DE,28981.0,2024-12-24,"1,722.16",1.0,user1307@corp-example.com,+1-555-488-2998,crm_v2,Active,0
1308,APAC,us,71637.0,2023-01-26,"2,895.37",4.0,user1308@corp-example.com,+1-555-973-1404,crm_v2,ACTIVE,0
1309,EU,US,58413.0,2024-11-03,"1,649.63",5.0,user1309@corp-example.com,+1-555-174-5975,crm_v2,active,0
1310,NA,US,61627.0,2023-03-12,825.58,5.0,user1310@corp-example.com,+1-555-318-6717,crm_v2,active,0
1311,EU,US,78006.0,2023-06-08,857.18,8.0,user1311@corp-example.com,+1-555-519-1460,crm_v2,ACTIVE,0
1312,NA,DE,60568.0,2023-10-02,"1,660.09",1.0,user1312@corp-example.com,+1-555-916-6659,crm_v2,active,0
1313,EU,us,39768.0,2024-12-28,"1,053.77",2.0,user1313@corp-example.com,+1-555-194-1837,crm_v2,active,0
1314,EU,US,30266.0,2024-12-23,537.56,6.0,user1314@corp-example.com,+1-555-637-2079,crm_v2,cancelled,0
1315,EU,IN,58851.0,2024-09-22,712.47,3.0,user1315@corp-example.com,+1-555-970-3577,crm_v2,cancelled,0
1316,NA, US,42276.0,2025-06-12,662.28,6.0,user1316@corp-example.com,+1-555-450-5171,crm_v2,Active,0
1317,NA, US,-999.0,2023-10-27,962.20,4.0,user1317@corp-example.com,+1-555-589-6283,crm_v2,Active,0
1318,EU,us,40536.0,2024-10-31,"1,716.43",,user1318@corp-example.com,+1-555-493-4775,crm_v2,Active,1
1319,NA,US,54300.0,2024-06-08,"1,558.80",3.0,user1319@corp-example.com,+1-555-273-4517,crm_v2,active,0
1320,EU,DE,37597.0,2025-01-24,"1,178.26",7.0,user1320@corp-example.com,+1-555-953-4166,crm_v2,Active,0
1321,NA,United States,54145.0,2023-04-08,369.61,10.0,user1321@corp-example.com,+1-555-819-4978,crm_v2,active,0
1322,NA, US,52897.0,1900-01-01,489.48,10.0,user1322@corp-example.com,+1-555-960-6595,crm_v2,ACTIVE,0
1323,EU, US,68456.0,2023-05-30,"1,383.48",5.0,user1323@corp-example.com,+1-555-617-3593,crm_v2,active,0
1324,EU,US,79639.0,2025-02-06,"3,745.29",,user1324@corp-example.com,+1-555-714-2291,crm_v2,cancelled,1
1325,APAC,United States,-999.0,2023-08-27,654.45,7.0,user1325@corp-example.com,+1-555-273-7601,crm_v2,ACTIVE,0
1326,APAC, US,46684.0,2023-01-06,"1,022.65",10.0,user1326@corp-example.com,+1-555-399-8007,crm_v2,ACTIVE,0
1327,NA,IN,88812.0,2024-11-28,453.69,5.0,user1327@corp-example.com,+1-555-653-1447,crm_v2,ACTIVE,0
1328,EU,us,65002.0,2023-06-23,"2,781.73",10.0,user1328@corp-example.com,+1-555-904-4478,crm_v2,Active,0
1329,NA,DE,68719.0,2023-06-16,"2,931.37",,user1329@corp-example.com,+1-555-351-1020,crm_v2,cancelled,1
1330,EU, US,68680.0,2025-03-09,"1,797.87",5.0,user1330@corp-example.com,+1-555-807-1573,crm_v2,Active,0
1331,NA,United States,81333.0,2023-09-06,"2,545.16",3.0,user1331@corp-example.com,+1-555-645-9376,crm_v2,active,0
1332,NA,us,74681.0,2025-05-29,"1,055.42",5.0,user1332@corp-example.com,+1-555-114-7782,crm_v2,active,0
1333,NA,IN,69725.0,2024-04-08,"1,218.02",1.0,user1333@corp-example.com,+1-555-152-9105,crm_v2,Active,0
1334,EU, US,71061.0,2023-08-27,"1,900.05",7.0,user1334@corp-example.com,+1-555-905-7779,crm_v2,Active,0
1335,EU,United States,46751.0,2024-01-09,991.32,10.0,user1335@corp-example.com,+1-555-394-4551,crm_v2,cancelled,0
1336,EU,US,50494.0,2024-08-26,103.70,6.0,user1336@corp-example.com,+1-555-973-1043,crm_v2,active,0
1337,EU, US,58005.0,2023-07-07,329.22,5.0,user1337@corp-example.com,+1-555-247-6176,crm_v2,Active,0
1338,NA,IN,60996.0,2023-09-27,627.57,,user1338@corp-example.com,+1-555-728-6458,crm_v2,ACTIVE,1
1339,EU,IN,59882.0,2024-04-16,955.94,2.0,user1339@corp-example.com,+1-555-610-3194,crm_v2,active,0
1340,NA,United States,64226.0,1900-01-01,"1,015.94",3.0,user1340@corp-example.com,+1-555-815-4700,crm_v2,active,0
1341,EU,IN,-999.0,2025-06-17,"2,248.22",10.0,user1341@corp-example.com,+1-555-314-8526,crm_v2,active,0
1342,NA,US,53211.0,2024-07-31,"3,459.46",8.0,user1342@corp-example.com,+1-555-204-9779,crm_v2,ACTIVE,0
1343,EU,DE,35318.0,2024-04-01,"1,943.06",5.0,user1343@corp-example.com,+1-555-614-5753,crm_v2,Active,0
1344,NA, US,72120.0,2023-07-26,"1,196.81",6.0,user1344@corp-example.com,+1-555-701-6366,crm_v2,ACTIVE,0
1345,NA, US,68405.0,2025-02-15,"1,306.44",8.0,user1345@corp-example.com,+1-555-391-6782,crm_v2,active,0
1346,NA,IN,46464.0,2025-01-28,"1,348.06",5.0,user1346@corp-example.com,+1-555-842-9682,crm_v2,ACTIVE,0
1347,NA, US,67059.0,2025-01-25,"1,228.10",10.0,user1347@corp-example.com,+1-555-677-1881,crm_v2,ACTIVE,0
1348,NA,United States,65520.0,2023-08-15,992.86,1.0,user1348@corp-example.com,+1-555-628-5487,crm_v2,active,0
1349,EU,US,-999.0,2031-05-01,"1,765.26",5.0,user1349@corp-example.com,+1-555-166-6398,crm_v2,cancelled,0
1350,APAC,us,32093.0,2024-11-09,920.76,4.0,user1350@corp-example.com,+1-555-104-4163,crm_v2,Active,0
1351,NA,us,41567.0,2024-03-23,215.75,,user1351@corp-example.com,+1-555-658-3215,crm_v2,ACTIVE,1
1352,NA,DE,50622.0,2024-05-16,"3,103.92",6.0,user1352@corp-example.com,+1-555-124-4586,crm_v2,active,0
1353,EU,DE,83778.0,2024-01-29,731.64,2.0,user1353@corp-example.com,+1-555-377-7519,crm_v2,active,0
1354,NA, US,46764.0,2024-05-15,"1,434.90",9.0,user1354@corp-example.com,+1-555-644-1438,crm_v2,active,0
1355,APAC, US,54425.0,2025-01-04,"1,407.51",10.0,user1355@corp-example.com,+1-555-925-1057,crm_v2,cancelled,0
1356,NA,United States,42989.0,2023-04-14,"1,767.78",,user1356@corp-example.com,+1-555-729-6449,crm_v2,active,1
1357,NA,IN,52245.0,2024-09-23,247.92,1.0,user1357@corp-example.com,+1-555-863-6209,crm_v2,cancelled,0
1358,NA,DE,64741.0,2023-10-14,317.06,3.0,user1358@corp-example.com,+1-555-468-3404,crm_v2,cancelled,0
1359,NA,DE,28568.0,2024-07-21,"2,792.05",6.0,user1359@corp-example.com,+1-555-881-7562,crm_v2,cancelled,0
1360,NA,US,-999.0,2024-04-10,675.33,9.0,user1360@corp-example.com,+1-555-364-3351,crm_v2,Active,0
1361,NA,United States,69527.0,2025-03-17,340.24,0.0,user1361@corp-example.com,+1-555-402-6290,crm_v2,cancelled,0
1362,EU,US,60136.0,2024-12-12,938.76,7.0,user1362@corp-example.com,+1-555-980-3175,crm_v2,ACTIVE,0
1363,APAC,DE,50555.0,2023-04-09,"1,761.15",4.0,user1363@corp-example.com,+1-555-945-7263,crm_v2,cancelled,0
2548,NA,United States,74121.0,2023-02-04,725.62,3.0,user1364@corp-example.com,+1-555-765-3179,crm_v2,Active,0
1365,EU, US,74149.0,2023-04-17,416.17,,user1365@corp-example.com,+1-555-873-9093,crm_v2,Active,1
1366,NA,US,28219.0,2023-05-14,640.43,0.0,user1366@corp-example.com,+1-555-295-1222,crm_v2,active,0
1367,EU,DE,57099.0,2024-03-12,120.10,,user1367@corp-example.com,+1-555-343-2265,crm_v2,active,1
1554,NA,United States,76208.0,2024-12-31,967.38,9.0,user1368@corp-example.com,+1-555-572-6307,crm_v2,active,0
1369,NA, US,49593.0,2024-08-12,"1,078.40",10.0,user1369@corp-example.com,+1-555-535-6690,crm_v2,ACTIVE,0
1370,APAC,us,54913.0,2024-02-18,"2,170.00",,user1370@corp-example.com,+1-555-165-4822,crm_v2,Active,1
1371,EU, US,73895.0,2024-08-22,"2,573.21",1.0,user1371@corp-example.com,+1-555-802-7412,crm_v2,cancelled,0
1372,NA,DE,55595.0,2025-06-14,830.11,7.0,user1372@corp-example.com,+1-555-687-8133,crm_v2,cancelled,0
1373,NA,DE,41679.0,2025-02-13,357.31,1.0,user1373@corp-example.com,+1-555-522-7227,crm_v2,Active,0
1374,APAC,IN,49326.0,2023-02-26,450.43,5.0,user1374@corp-example.com,+1-555-919-1666,crm_v2,ACTIVE,0
1375,APAC,US,39748.0,2023-06-08,650.68,5.0,user1375@corp-example.com,+1-555-597-3127,crm_v2,cancelled,0
1376,EU,us,67909.0,2023-08-16,"1,973.96",,user1376@corp-example.com,+1-555-419-5629,crm_v2,cancelled,1
1377,APAC,IN,-999.0,2023-04-05,"2,248.52",1.0,user1377@corp-example.com,+1-555-152-9739,crm_v2,ACTIVE,0
1378,APAC,US,74619.0,2025-02-01,"2,226.58",7.0,user1378@corp-example.com,+1-555-825-5389,crm_v2,active,0
1379,EU,IN,34953.0,2023-11-11,551.98,4.0,user1379@corp-example.com,+1-555-194-9610,crm_v2,active,0
1380,EU,DE,-999.0,2023-05-27,"2,324.18",3.0,user1380@corp-example.com,+1-555-690-9592,crm_v2,Active,0
1381,NA,DE,37629.0,2024-09-16,286.74,6.0,user1381@corp-example.com,+1-555-680-2879,crm_v2,Active,0
1382,NA, US,54871.0,2023-01-25,949.71,2.0,user1382@corp-example.com,+1-555-585-7909,crm_v2,active,0
1383,EU, US,74926.0,2023-09-28,"2,450.71",5.0,user1383@corp-example.com,+1-555-130-3438,crm_v2,active,0
1384,APAC,us,76427.0,2024-11-17,"1,243.52",7.0,user1384@corp-example.com,+1-555-608-8743,crm_v2,cancelled,0
1385,NA, US,79161.0,2024-10-14,851.42,2.0,user1385@corp-example.com,+1-555-190-8910,crm_v2,ACTIVE,0
1386,NA,IN,58272.0,2024-02-26,223.84,6.0,user1386@corp-example.com,+1-555-297-5316,crm_v2,cancelled,0
1387,NA, US,61214.0,2024-05-05,927.52,,user1387@corp-example.com,+1-555-394-8911,crm_v2,active,1
1388,EU,US,63088.0,2025-02-16,558.68,5.0,user1388@corp-example.com,+1-555-415-2844,crm_v2,active,0
1389,NA, US,68836.0,2023-09-18,"3,461.80",8.0,user1389@corp-example.com,+1-555-911-6236,crm_v2,ACTIVE,0
1390,EU,US,53620.0,2025-01-18,"2,063.21",5.0,user1390@corp-example.com,+1-555-626-5347,crm_v2,Active,0
1391,NA,us,-999.0,2024-05-17,"1,255.99",9.0,user1391@corp-example.com,+1-555-368-3619,crm_v2,ACTIVE,0
1392,EU,us,64486.0,2023-08-30,"1,780.09",8.0,user1392@corp-example.com,+1-555-276-4530,crm_v2,ACTIVE,0
1393,EU,DE,76755.0,2024-02-22,"1,521.64",10.0,user1393@corp-example.com,+1-555-314-4426,crm_v2,ACTIVE,0
1394,NA, US,66767.0,2023-04-13,693.78,,user1394@corp-example.com,+1-555-384-6108,crm_v2,ACTIVE,1
1395,NA,IN,69769.0,2025-01-30,"2,156.41",3.0,user1395@corp-example.com,+1-555-337-2124,crm_v2,cancelled,0
1396,NA,DE,48658.0,2023-03-08,"2,414.27",10.0,user1396@corp-example.com,+1-555-803-9386,crm_v2,ACTIVE,0
1397,EU,United States,53365.0,2024-12-23,394.14,1.0,user1397@corp-example.com,+1-555-500-3263,crm_v2,cancelled,0
1398,NA,us,40237.0,2024-03-08,418.79,,user1398@corp-example.com,+1-555-635-5123,crm_v2,ACTIVE,1
1399,NA,IN,-999.0,2023-07-28,787.48,6.0,user1399@corp-example.com,+1-555-588-9943,crm_v2,Active,0
1400,NA,United States,56964.0,2023-04-26,595.34,,user1400@corp-example.com,+1-555-917-7162,crm_v2,Active,1
1401,NA,us,72139.0,2023-07-15,875.57,10.0,user1401@corp-example.com,+1-555-240-7436,crm_v2,Active,0
1402,APAC,us,40724.0,2024-03-25,617.71,2.0,user1402@corp-example.com,+1-555-734-1345,crm_v2,cancelled,0
1403,APAC,IN,108111.0,2025-01-31,729.51,3.0,user1403@corp-example.com,+1-555-281-8217,crm_v2,ACTIVE,0
1404,APAC,United States,57775.0,2023-06-15,457.32,6.0,user1404@corp-example.com,+1-555-211-4378,crm_v2,Active,0
1405,APAC,IN,78473.0,2025-02-02,456.99,,user1405@corp-example.com,+1-555-748-8533,crm_v2,cancelled,1
1406,EU,United States,75195.0,2024-12-04,"1,260.79",,user1406@corp-example.com,+1-555-594-4434,crm_v2,Active,1
1407,NA,DE,21805.0,2025-02-15,"1,743.94",4.0,user1407@corp-example.com,+1-555-706-2184,crm_v2,ACTIVE,0
1408,APAC,DE,55669.0,2023-12-21,647.60,,user1408@corp-example.com,+1-555-812-3441,crm_v2,cancelled,1
1409,EU,IN,81702.0,2023-12-02,"1,188.65",10.0,user1409@corp-example.com,+1-555-292-7656,crm_v2,ACTIVE,0
1410,EU,us,23236.0,2023-04-23,"2,875.37",9.0,user1410@corp-example.com,+1-555-168-3716,crm_v2,Active,0
1411,EU,DE,71133.0,2023-04-25,219.19,6.0,user1411@corp-example.com,+1-555-175-2489,crm_v2,cancelled,0
1412,APAC, US,45866.0,2024-07-09,"1,866.78",,user1412@corp-example.com,+1-555-570-8455,crm_v2,Active,1
1413,NA,DE,52603.0,2024-05-06,548.58,7.0,user1413@corp-example.com,+1-555-621-5883,crm_v2,ACTIVE,0
1414,EU,US,62960.0,2024-04-05,884.16,,user1414@corp-example.com,+1-555-811-4245,crm_v2,Active,1
1415,EU, US,31610.0,2031-05-01,"2,297.37",10.0,user1415@corp-example.com,+1-555-571-3223,crm_v2,cancelled,0
1416,NA,IN,62531.0,2023-11-02,28.81,,user1416@corp-example.com,+1-555-731-4137,crm_v2,ACTIVE,1
1417,NA,US,-999.0,2024-06-11,"1,352.16",6.0,user1417@corp-example.com,+1-555-603-5699,crm_v2,active,0
1418,NA,us,48354.0,2024-06-25,"2,571.85",0.0,user1418@corp-example.com,+1-555-518-4554,crm_v2,Active,0
1419,NA,US,70115.0,2024-09-07,"2,294.06",10.0,user1419@corp-example.com,+1-555-163-1361,crm_v2,Active,0
1420,NA,DE,112204.0,2025-05-16,"2,591.26",,user1420@corp-example.com,+1-555-677-8973,crm_v2,Active,1
1421,NA,DE,64736.0,2023-01-27,"3,047.21",3.0,user1421@corp-example.com,+1-555-488-5487,crm_v2,Active,0
1422,APAC,United States,67889.0,2025-04-05,"1,588.18",2.0,user1422@corp-example.com,+1-555-933-5543,crm_v2,Active,0
1423,EU,us,58826.0,2024-01-05,"1,618.59",2.0,user1423@corp-example.com,+1-555-110-2805,crm_v2,active,0
1424,EU,IN,48737.0,2023-05-13,299.06,10.0,user1424@corp-example.com,+1-555-793-7321,crm_v2,Active,0
1425,APAC,DE,63461.0,2023-06-08,"1,603.27",7.0,user1425@corp-example.com,+1-555-978-1957,crm_v2,ACTIVE,0
1426,NA, US,82355.0,2023-02-12,850.94,9.0,user1426@corp-example.com,+1-555-986-4588,crm_v2,Active,0
1427,EU,US,62418.0,2023-03-15,636.13,1.0,user1427@corp-example.com,+1-555-263-6435,crm_v2,active,0
1428,NA,United States,72937.0,2024-03-10,"2,217.46",1.0,user1428@corp-example.com,+1-555-759-2750,crm_v2,Active,0
1429,NA,DE,56170.0,2023-07-17,618.80,2.0,user1429@corp-example.com,+1-555-863-4617,crm_v2,ACTIVE,0
1430,APAC,us,97375.0,2023-07-08,"2,869.17",5.0,user1430@corp-example.com,+1-555-851-2642,crm_v2,cancelled,0
1431,NA,IN,34838.0,2023-09-17,727.44,8.0,user1431@corp-example.com,+1-555-984-7043,crm_v2,cancelled,0
1432,EU,DE,68342.0,2024-02-17,499.47,,user1432@corp-example.com,+1-555-304-8893,crm_v2,active,1
1433,APAC,United States,67687.0,2024-03-26,248.73,9.0,user1433@corp-example.com,+1-555-123-1611,crm_v2,cancelled,0
1434,EU,United States,63550.0,2024-01-21,804.17,6.0,user1434@corp-example.com,+1-555-775-4046,crm_v2,cancelled,0
1435,EU,US,42804.0,2024-07-05,745.26,,user1435@corp-example.com,+1-555-426-7313,crm_v2,cancelled,1
1436,NA,US,42475.0,2023-07-21,"1,100.47",,user1436@corp-example.com,+1-555-269-2907,crm_v2,active,1
1437,NA,DE,56011.0,2024-05-02,"3,249.11",3.0,user1437@corp-example.com,+1-555-735-1949,crm_v2,active,0
1438,EU,US,61024.0,2024-07-07,926.37,0.0,user1438@corp-example.com,+1-555-320-4004,crm_v2,Active,0
1439,NA, US,41335.0,2023-11-18,771.61,10.0,user1439@corp-example.com,+1-555-803-3509,crm_v2,active,0
1440,NA,us,43533.0,2023-08-30,555.58,10.0,user1440@corp-example.com,+1-555-241-7985,crm_v2,ACTIVE,0
1441,NA,IN,67923.0,2023-05-18,365.41,9.0,user1441@corp-example.com,+1-555-265-9561,crm_v2,ACTIVE,0
1442,APAC,IN,74997.0,2024-09-13,968.28,0.0,user1442@corp-example.com,+1-555-660-1143,crm_v2,active,0
1443,NA,US,51090.0,2024-03-21,"2,817.60",7.0,user1443@corp-example.com,+1-555-379-8790,crm_v2,cancelled,0
1444,NA, US,49026.0,2025-02-12,"3,002.92",,user1444@corp-example.com,+1-555-257-4489,crm_v2,Active,1
1445,APAC,us,48592.0,1900-01-01,"1,197.79",8.0,user1445@corp-example.com,+1-555-602-1486,crm_v2,active,0
1446,NA,US,96671.0,2025-01-17,824.07,6.0,user1446@corp-example.com,+1-555-811-4962,crm_v2,cancelled,0
1447,APAC,IN,66836.0,2025-03-19,293.54,6.0,user1447@corp-example.com,+1-555-972-1553,crm_v2,cancelled,0
1448,APAC,DE,58498.0,2023-03-09,"1,659.19",7.0,user1448@corp-example.com,+1-555-719-4225,crm_v2,Active,0
1449,EU,IN,74577.0,2025-04-03,"1,802.50",3.0,user1449@corp-example.com,+1-555-364-9359,crm_v2,Active,0
1450,NA,us,-999.0,2025-06-16,"2,607.39",,user1450@corp-example.com,+1-555-975-4772,crm_v2,cancelled,1
1451,NA,IN,77043.0,2025-03-12,416.22,4.0,user1451@corp-example.com,+1-555-945-3897,crm_v2,Active,0
1452,NA,US,38049.0,2025-04-22,903.15,3.0,user1452@corp-example.com,+1-555-488-2938,crm_v2,active,0
1453,NA,United States,58183.0,2024-05-31,106.29,8.0,user1453@corp-example.com,+1-555-672-7123,crm_v2,ACTIVE,0
1454,NA,US,53394.0,2023-03-02,"1,545.56",10.0,user1454@corp-example.com,+1-555-529-2725,crm_v2,ACTIVE,0
1455,NA,DE,54310.0,2024-04-11,420.97,9.0,user1455@corp-example.com,+1-555-799-5764,crm_v2,ACTIVE,0
1456,APAC,United States,41184.0,2025-01-22,"1,863.42",9.0,user1456@corp-example.com,+1-555-399-2602,crm_v2,cancelled,0
1457,EU,IN,53567.0,2023-07-19,769.30,0.0,user1457@corp-example.com,+1-555-730-8395,crm_v2,active,0
1458,APAC,DE,43164.0,2023-11-25,351.67,2.0,user1458@corp-example.com,+1-555-636-5177,crm_v2,Active,0
1459,EU,United States,64533.0,2024-11-01,"1,011.21",9.0,user1459@corp-example.com,+1-555-146-2810,crm_v2,Active,0
1460,NA, US,60110.0,2024-01-03,364.90,3.0,user1460@corp-example.com,+1-555-387-1296,crm_v2,ACTIVE,0
1461,EU,US,38190.0,1900-01-01,669.12,2.0,user1461@corp-example.com,+1-555-864-5790,crm_v2,cancelled,0
1462,NA,IN,33782.0,2023-04-16,"2,478.25",3.0,user1462@corp-example.com,+1-555-459-4649,crm_v2,Active,0
1463,NA,US,52218.0,2023-12-28,"1,253.58",9.0,user1463@corp-example.com,+1-555-312-4906,crm_v2,ACTIVE,0
1464,APAC,US,69204.0,2023-10-24,"1,236.96",1.0,user1464@corp-example.com,+1-555-149-6363,crm_v2,Active,0
1465,NA,US,66852.0,1900-01-01,"2,079.86",2.0,user1465@corp-example.com,+1-555-215-6832,crm_v2,ACTIVE,0
1466,NA,IN,58419.0,1900-01-01,"1,733.15",6.0,user1466@corp-example.com,+1-555-558-8471,crm_v2,Active,0
1467,NA,US,9757.0,2023-06-12,778.68,,user1467@corp-example.com,+1-555-304-4009,crm_v2,Active,1
1468,EU,us,51978.0,2023-10-15,"1,237.76",9.0,user1468@corp-example.com,+1-555-380-7159,crm_v2,Active,0
1469,NA,US,48283.0,2024-09-10,316.97,7.0,user1469@corp-example.com,+1-555-771-4938,crm_v2,Active,0
1470,NA,IN,54369.0,2023-02-02,813.22,6.0,user1470@corp-example.com,+1-555-632-3436,crm_v2,cancelled,0
2666,EU, US,41067.0,2024-04-09,502.48,0.0,user1471@corp-example.com,+1-555-539-2275,crm_v2,cancelled,0
1472,NA,DE,52899.0,2023-01-14,"2,922.87",6.0,user1472@corp-example.com,+1-555-628-9453,crm_v2,cancelled,0
1473,EU,United States,49407.0,2024-11-29,419.56,1.0,user1473@corp-example.com,+1-555-945-7951,crm_v2,cancelled,0
1474,NA,United States,-999.0,2023-11-07,562.71,0.0,user1474@corp-example.com,+1-555-173-6565,crm_v2,ACTIVE,0
1475,EU,IN,69985.0,2023-04-14,"1,404.39",0.0,user1475@corp-example.com,+1-555-842-9007,crm_v2,cancelled,0
1476,NA,IN,56497.0,2023-03-16,"1,312.21",,user1476@corp-example.com,+1-555-984-2022,crm_v2,ACTIVE,1
1477,EU, US,58678.0,2024-09-01,144.92,9.0,user1477@corp-example.com,+1-555-990-5091,crm_v2,cancelled,0
1478,APAC,us,57613.0,2023-04-17,"1,134.80",1.0,user1478@corp-example.com,+1-555-295-7453,crm_v2,cancelled,0
1479,EU,US,62232.0,2025-03-02,329.14,,user1479@corp-example.com,+1-555-543-3318,crm_v2,active,1
1480,NA,US,53307.0,2023-01-21,648.69,2.0,user1480@corp-example.com,+1-555-652-6792,crm_v2,ACTIVE,0
1481,NA,IN,-999.0,2023-01-28,454.73,0.0,user1481@corp-example.com,+1-555-572-6715,crm_v2,Active,0
1482,NA,us,74839.0,2024-12-05,581.55,7.0,user1482@corp-example.com,+1-555-666-9312,crm_v2,Active,0
1483,NA,IN,71904.0,2025-05-29,"1,050.52",0.0,user1483@corp-example.com,+1-555-229-3185,crm_v2,ACTIVE,0
1484,NA,United States,64046.0,2024-09-28,"1,728.79",1.0,user1484@corp-example.com,+1-555-910-3741,crm_v2,Active,0
1485,NA,IN,79434.0,2023-02-24,695.21,2.0,user1485@corp-example.com,+1-555-333-5140,crm_v2,active,0
1486,APAC,United States,-999.0,2024-05-14,"3,592.24",10.0,user1486@corp-example.com,+1-555-697-2905,crm_v2,active,0
1487,EU,US,44632.0,2024-10-17,"1,510.68",9.0,user1487@corp-example.com,+1-555-241-6101,crm_v2,cancelled,0
1488,APAC,DE,33109.0,2023-11-05,384.65,8.0,user1488@corp-example.com,+1-555-863-7529,crm_v2,cancelled,0
3135,EU,United States,48933.0,2024-04-25,"1,336.08",8.0,user1489@corp-example.com,+1-555-991-3834,crm_v2,ACTIVE,0
1490,NA,us,58453.0,2025-05-05,208.31,5.0,user1490@corp-example.com,+1-555-118-4022,crm_v2,active,0
1491,NA,United States,65388.0,2023-10-07,626.68,0.0,user1491@corp-example.com,+1-555-292-3102,crm_v2,active,0
1492,NA,US,75604.0,2025-04-24,433.67,,user1492@corp-example.com,+1-555-562-3309,crm_v2,Active,1
1493,NA,United States,50760.0,2023-11-13,483.01,9.0,user1493@corp-example.com,+1-555-612-4769,crm_v2,active,0
1494,NA,IN,47280.0,2024-08-07,"1,058.47",8.0,user1494@corp-example.com,+1-555-399-5431,crm_v2,cancelled,0
1495,EU,us,71000.0,2023-02-02,365.00,,user1495@corp-example.com,+1-555-980-1519,crm_v2,Active,1
1496,NA,United States,77109.0,2023-09-04,"2,379.46",,user1496@corp-example.com,+1-555-356-5021,crm_v2,Active,1
1497,NA,IN,52212.0,2024-11-13,741.41,5.0,user1497@corp-example.com,+1-555-211-3357,crm_v2,cancelled,0
1498,NA,DE,64475.0,2025-03-16,869.00,,user1498@corp-example.com,+1-555-768-6556,crm_v2,Active,1
1499,EU,United States,80091.0,2023-01-20,978.94,9.0,user1499@corp-example.com,+1-555-956-6665,crm_v2,ACTIVE,0
1500,EU,US,64223.0,2024-07-10,512.97,8.0,user1500@corp-example.com,+1-555-822-3260,crm_v2,ACTIVE,0
1501,EU,US,58574.0,2025-05-14,628.30,3.0,user1501@corp-example.com,+1-555-485-4892,crm_v2,ACTIVE,0
1502,NA,us,28127.0,2024-09-10,"1,190.33",2.0,user1502@corp-example.com,+1-555-452-3809,crm_v2,active,0
1503,NA, US,-999.0,2025-05-23,888.51,,user1503@corp-example.com,+1-555-365-3419,crm_v2,active,1
1504,NA,United States,69086.0,2025-01-06,"2,243.10",0.0,user1504@corp-example.com,+1-555-658-3857,crm_v2,ACTIVE,0
1505,NA,DE,61291.0,2025-01-22,475.76,10.0,user1505@corp-example.com,+1-555-190-4802,crm_v2,Active,0
1506,EU,DE,52403.0,2024-02-19,"3,467.81",6.0,user1506@corp-example.com,+1-555-451-4899,crm_v2,active,0
1507,APAC,us,40649.0,2023-04-25,"2,467.97",6.0,user1507@corp-example.com,+1-555-360-1210,crm_v2,Active,0
1508,EU, US,57899.0,2031-05-01,"3,397.24",7.0,user1508@corp-example.com,+1-555-544-5968,crm_v2,cancelled,0
1509,NA,DE,-999.0,2024-07-12,"1,244.65",6.0,user1509@corp-example.com,+1-555-691-4270,crm_v2,active,0
1510,NA,DE,75907.0,2023-02-16,"1,460.53",1.0,user1510@corp-example.com,+1-555-751-9856,crm_v2,Active,0
1511,APAC,us,41171.0,2024-12-31,"1,967.75",2.0,user1511@corp-example.com,+1-555-110-6760,crm_v2,cancelled,0
1512,APAC,us,81080.0,2025-06-12,"2,945.56",4.0,user1512@corp-example.com,+1-555-404-5106,crm_v2,active,0
1513,EU, US,59926.0,2023-12-31,"1,057.19",10.0,user1513@corp-example.com,+1-555-548-1597,crm_v2,ACTIVE,0
1514,NA,us,77251.0,2024-11-06,398.34,10.0,user1514@corp-example.com,+1-555-536-1520,crm_v2,Active,0
1515,NA,us,44810.0,2024-01-17,"2,691.53",4.0,user1515@corp-example.com,+1-555-466-7893,crm_v2,cancelled,0
1516,EU, US,64612.0,2024-08-08,"1,071.70",1.0,user1516@corp-example.com,+1-555-923-5681,crm_v2,Active,0
1517,APAC,US,77754.0,2024-12-14,"2,729.59",6.0,user1517@corp-example.com,+1-555-399-7478,crm_v2,Active,0
1518,NA,US,61124.0,2025-06-10,555.37,6.0,user1518@corp-example.com,+1-555-335-3876,crm_v2,cancelled,0
1519,NA,IN,37290.0,1900-01-01,580.67,3.0,user1519@corp-example.com,+1-555-801-1877,crm_v2,cancelled,0
1520,NA,United States,54434.0,2025-05-29,176.24,8.0,user1520@corp-example.com,+1-555-136-5471,crm_v2,ACTIVE,0
1521,NA, US,-999.0,2023-12-04,"1,444.48",7.0,user1521@corp-example.com,+1-555-175-6731,crm_v2,active,0
1522,APAC, US,38359.0,2023-01-07,"1,426.70",5.0,user1522@corp-example.com,+1-555-615-2939,crm_v2,Active,0
1523,EU,DE,37678.0,2025-01-29,"1,603.41",10.0,user1523@corp-example.com,+1-555-828-1505,crm_v2,active,0
1524,APAC, US,62936.0,2025-04-03,"2,053.47",5.0,user1524@corp-example.com,+1-555-650-5089,crm_v2,Active,0
1525,NA,IN,45107.0,2024-12-21,732.47,1.0,user1525@corp-example.com,+1-555-492-6066,crm_v2,Active,0
1526,NA,DE,69637.0,2024-06-22,340.33,0.0,user1526@corp-example.com,+1-555-506-6999,crm_v2,Active,0
1527,EU,us,41723.0,2025-04-13,290.75,1.0,user1527@corp-example.com,+1-555-532-8481,crm_v2,active,0
1528,EU,United States,31795.0,2023-05-09,"2,254.15",5.0,user1528@corp-example.com,+1-555-714-9065,crm_v2,ACTIVE,0
1529,NA,US,47728.0,2025-02-19,670.26,7.0,user1529@corp-example.com,+1-555-288-3072,crm_v2,Active,0
1530,NA, US,81839.0,2024-02-06,499.07,0.0,user1530@corp-example.com,+1-555-100-8672,crm_v2,active,0
1531,EU,United States,-999.0,2023-06-30,"2,724.87",8.0,user1531@corp-example.com,+1-555-729-3115,crm_v2,active,0
1532,EU,IN,59319.0,2024-12-17,"1,888.45",4.0,user1532@corp-example.com,+1-555-232-5151,crm_v2,active,0
1533,NA,us,63110.0,2025-04-12,236.90,,user1533@corp-example.com,+1-555-437-1084,crm_v2,Active,1
1534,NA,DE,45128.0,2025-04-04,"2,355.99",4.0,user1534@corp-example.com,+1-555-198-1179,crm_v2,active,0
1535,APAC,IN,75812.0,2023-08-12,919.68,8.0,user1535@corp-example.com,+1-555-715-5103,crm_v2,Active,0
1536,NA, US,62071.0,1900-01-01,"1,495.81",0.0,user1536@corp-example.com,+1-555-555-2384,crm_v2,cancelled,0
1537,EU,US,66104.0,2024-05-10,"1,382.82",1.0,user1537@corp-example.com,+1-555-961-5113,crm_v2,active,0
1538,EU,United States,-999.0,2023-12-04,418.95,9.0,user1538@corp-example.com,+1-555-457-2215,crm_v2,cancelled,0
1539,NA,DE,33111.0,2024-06-02,668.40,,user1539@corp-example.com,+1-555-714-1427,crm_v2,cancelled,1
1540,NA, US,18006.0,2023-04-01,"1,122.05",8.0,user1540@corp-example.com,+1-555-196-3856,crm_v2,cancelled,0
1541,NA,US,56565.0,1900-01-01,"1,206.64",4.0,user1541@corp-example.com,+1-555-994-3989,crm_v2,ACTIVE,0
1542,NA,United States,55972.0,2024-01-25,"2,346.88",4.0,user1542@corp-example.com,+1-555-406-3769,crm_v2,Active,0
1543,NA,us,70289.0,2024-07-12,964.45,1.0,user1543@corp-example.com,+1-555-422-2265,crm_v2,ACTIVE,0
1544,NA,United States,81745.0,2023-06-08,772.63,,user1544@corp-example.com,+1-555-756-7407,crm_v2,ACTIVE,1
1545,NA,us,55616.0,2023-07-26,"1,374.30",5.0,user1545@corp-example.com,+1-555-354-6129,crm_v2,active,0
1546,NA,United States,55390.0,2023-07-03,132.82,2.0,user1546@corp-example.com,+1-555-747-8615,crm_v2,Active,0
1547,APAC,IN,66197.0,2025-02-20,"2,095.66",8.0,user1547@corp-example.com,+1-555-242-7158,crm_v2,Active,0
1548,NA,US,82403.0,2023-07-16,438.00,1.0,user1548@corp-example.com,+1-555-341-8985,crm_v2,Active,0
1549,NA,United States,-999.0,2023-05-14,245.95,,user1549@corp-example.com,+1-555-521-2597,crm_v2,cancelled,1
1550,APAC,DE,68837.0,2024-12-04,"1,118.45",6.0,user1550@corp-example.com,+1-555-640-8216,crm_v2,Active,0
4747,EU,United States,55726.0,2024-10-31,477.62,3.0,user1551@corp-example.com,+1-555-764-1821,crm_v2,Active,0
1552,NA,United States,54411.0,2023-03-09,677.12,7.0,user1552@corp-example.com,+1-555-250-4083,crm_v2,ACTIVE,0
1553,NA,US,71681.0,2023-01-04,836.33,8.0,user1553@corp-example.com,+1-555-160-1098,crm_v2,Active,0
1554,EU, US,47566.0,2025-04-08,"1,450.41",10.0,user1554@corp-example.com,+1-555-980-4346,crm_v2,ACTIVE,0
1555,NA,us,43392.0,2025-03-16,771.10,9.0,user1555@corp-example.com,+1-555-691-9595,crm_v2,cancelled,0
1556,APAC, US,69438.0,1900-01-01,"2,330.30",6.0,user1556@corp-example.com,+1-555-973-2272,crm_v2,active,0
1557,APAC,IN,59067.0,2025-03-01,"2,927.98",7.0,user1557@corp-example.com,+1-555-171-1601,crm_v2,active,0
1558,NA,US,55489.0,2025-05-02,"1,497.00",0.0,user1558@corp-example.com,+1-555-145-2920,crm_v2,Active,0
1559,NA,United States,57445.0,2023-08-24,"1,000.41",4.0,user1559@corp-example.com,+1-555-415-3367,crm_v2,ACTIVE,0
1560,APAC,United States,66910.0,2023-11-19,439.23,4.0,user1560@corp-example.com,+1-555-644-8722,crm_v2,active,0
1561,NA,DE,53894.0,2024-05-12,514.07,2.0,user1561@corp-example.com,+1-555-759-1038,crm_v2,ACTIVE,0
1562,EU, US,70948.0,2024-05-28,"1,168.77",0.0,user1562@corp-example.com,+1-555-471-4328,crm_v2,cancelled,0
1563,APAC,United States,65673.0,2024-03-11,376.03,10.0,user1563@corp-example.com,+1-555-213-1026,crm_v2,Active,0
1564,EU,United States,-999.0,2024-09-04,711.96,7.0,user1564@corp-example.com,+1-555-471-4814,crm_v2,ACTIVE,0
1565,APAC,us,78465.0,2025-04-18,905.69,0.0,user1565@corp-example.com,+1-555-195-3676,crm_v2,cancelled,0
1566,NA,US,72331.0,2023-01-02,"2,995.95",2.0,user1566@corp-example.com,+1-555-153-2413,crm_v2,Active,0
1567,APAC,IN,56417.0,2023-09-20,"1,812.54",8.0,user1567@corp-example.com,+1-555-657-7073,crm_v2,active,0
1568,NA,DE,61239.0,2024-11-14,"1,508.01",7.0,user1568@corp-example.com,+1-555-838-5602,crm_v2,cancelled,0
1569,NA,us,50563.0,2023-03-10,"1,240.56",,user1569@corp-example.com,+1-555-333-1500,crm_v2,Active,1
1570,NA, US,102273.0,2023-05-03,"1,196.96",3.0,user1570@corp-example.com,+1-555-653-4302,crm_v2,Active,0
1571,NA,us,56141.0,2023-12-24,274.10,0.0,user1571@corp-example.com,+1-555-202-8391,crm_v2,cancelled,0
1572,EU,US,67816.0,2024-10-25,"2,644.24",8.0,user1572@corp-example.com,+1-555-438-7465,crm_v2,active,0
1573,APAC,United States,-999.0,2023-10-06,485.11,7.0,user1573@corp-example.com,+1-555-281-6162,crm_v2,ACTIVE,0
1574,NA,United States,39019.0,2024-06-18,"2,051.97",7.0,user1574@corp-example.com,+1-555-580-4199,crm_v2,ACTIVE,0
1575,NA,US,47082.0,2023-08-24,"1,063.93",8.0,user1575@corp-example.com,+1-555-475-5746,crm_v2,Active,0
1576,NA,IN,53555.0,2025-01-10,"1,506.93",7.0,user1576@corp-example.com,+1-555-161-5861,crm_v2,cancelled,0
1577,NA,DE,44556.0,2024-11-29,"2,385.77",10.0,user1577@corp-example.com,+1-555-982-1644,crm_v2,ACTIVE,0
1578,APAC,US,40451.0,2023-10-21,592.98,,user1578@corp-example.com,+1-555-627-4366,crm_v2,Active,1
1579,APAC,DE,51735.0,1900-01-01,"1,702.25",4.0,user1579@corp-example.com,+1-555-262-6617,crm_v2,active,0
1580,APAC,DE,78893.0,2024-10-19,483.63,1.0,user1580@corp-example.com,+1-555-497-8197,crm_v2,Active,0
1581,EU, US,70367.0,2023-05-07,302.85,7.0,user1581@corp-example.com,+1-555-860-8439,crm_v2,ACTIVE,0
1582,EU,DE,60025.0,2024-10-25,"1,284.13",8.0,user1582@corp-example.com,+1-555-362-7410,crm_v2,cancelled,0
1583,NA,United States,59930.0,2023-06-16,"1,527.80",9.0,user1583@corp-example.com,+1-555-732-2316,crm_v2,active,0
1584,NA, US,34578.0,2024-08-25,"1,746.63",6.0,user1584@corp-example.com,+1-555-615-3929,crm_v2,Active,0
1585,NA, US,69962.0,2025-02-21,573.02,7.0,user1585@corp-example.com,+1-555-520-1284,crm_v2,cancelled,0
1586,APAC, US,65907.0,2023-12-12,281.40,0.0,user1586@corp-example.com,+1-555-668-9167,crm_v2,active,0
1587,NA,US,43274.0,2024-02-22,380.03,5.0,user1587@corp-example.com,+1-555-498-4662,crm_v2,cancelled,0
1588,NA, US,62622.0,2023-04-23,222.90,3.0,user1588@corp-example.com,+1-555-901-9140,crm_v2,ACTIVE,0
1589,NA,US,56628.0,2023-07-01,146.27,5.0,user1589@corp-example.com,+1-555-108-4362,crm_v2,cancelled,0
1590,NA, US,51744.0,2024-07-24,"1,392.37",1.0,user1590@corp-example.com,+1-555-143-7463,crm_v2,Active,0
1591,EU, US,44684.0,2024-03-05,"1,569.07",5.0,user1591@corp-example.com,+1-555-554-9277,crm_v2,cancelled,0
1592,NA,IN,-999.0,2024-09-22,"1,210.43",9.0,user1592@corp-example.com,+1-555-210-3114,crm_v2,Active,0
1593,NA,US,45379.0,2023-04-09,"1,447.49",4.0,user1593@corp-example.com,+1-555-106-1416,crm_v2,ACTIVE,0
1594,APAC, US,66450.0,2024-02-17,"3,800.41",,user1594@corp-example.com,+1-555-310-8556,crm_v2,Active,1
1595,APAC,us,65010.0,2024-03-07,110.61,7.0,user1595@corp-example.com,+1-555-755-4886,crm_v2,Active,0
1596,EU,IN,64369.0,2024-05-25,176.25,4.0,user1596@corp-example.com,+1-555-449-3803,crm_v2,cancelled,0
1597,EU, US,56796.0,2023-08-04,"1,984.87",0.0,user1597@corp-example.com,+1-555-894-5335,crm_v2,active,0
1598,NA, US,53417.0,2024-08-08,721.11,6.0,user1598@corp-example.com,+1-555-950-8108,crm_v2,cancelled,0
1599,APAC,United States,90181.0,2023-12-12,"1,766.33",,user1599@corp-example.com,+1-555-882-4952,crm_v2,Active,1
1600,EU,DE,31600.0,2024-07-01,"2,669.61",2.0,user1600@corp-example.com,+1-555-775-9895,crm_v2,active,0
1601,EU,United States,77492.0,2025-04-17,"1,615.11",5.0,user1601@corp-example.com,+1-555-499-9766,crm_v2,active,0
1602,NA,DE,64848.0,2023-01-02,876.01,7.0,user1602@corp-example.com,+1-555-565-4983,crm_v2,Active,0
1603,NA,us,60580.0,2024-03-11,"2,020.29",6.0,user1603@corp-example.com,+1-555-987-6192,crm_v2,ACTIVE,0
1604,NA,United States,51908.0,2023-02-07,"1,008.37",4.0,user1604@corp-example.com,+1-555-451-5029,crm_v2,ACTIVE,0
1605,NA,DE,56263.0,2024-10-26,267.61,3.0,user1605@corp-example.com,+1-555-666-1105,crm_v2,ACTIVE,0
1606,NA, US,41753.0,2023-10-03,270.24,1.0,user1606@corp-example.com,+1-555-951-5717,crm_v2,cancelled,0
1607,NA,DE,38733.0,2023-10-20,188.65,9.0,user1607@corp-example.com,+1-555-163-7683,crm_v2,active,0
1608,NA,IN,57874.0,2023-06-08,894.91,9.0,user1608@corp-example.com,+1-555-320-4263,crm_v2,ACTIVE,0
1609,NA,United States,-999.0,2023-06-23,450.93,9.0,user1609@corp-example.com,+1-555-731-1379,crm_v2,cancelled,0
49,NA,IN,72145.0,2024-05-05,322.48,8.0,user1610@corp-example.com,+1-555-335-2135,crm_v2,cancelled,0
1611,NA,DE,76279.0,2023-11-09,"1,128.77",4.0,user1611@corp-example.com,+1-555-326-9380,crm_v2,active,0
1612,NA,us,7946.0,1900-01-01,933.50,2.0,user1612@corp-example.com,+1-555-351-6687,crm_v2,Active,0
1613,EU,us,36263.0,2023-07-10,"1,057.81",8.0,user1613@corp-example.com,+1-555-625-3054,crm_v2,cancelled,0
1614,NA, US,-999.0,2024-06-18,467.70,,user1614@corp-example.com,+1-555-239-9511,crm_v2,active,1
1615,NA,IN,62741.0,2024-04-03,"2,102.54",7.0,user1615@corp-example.com,+1-555-885-9778,crm_v2,Active,0
1616,EU,IN,61235.0,2023-08-02,502.75,2.0,user1616@corp-example.com,+1-555-964-9650,crm_v2,ACTIVE,0
1617,EU,United States,65895.0,2024-08-29,"1,262.59",6.0,user1617@corp-example.com,+1-555-440-9658,crm_v2,cancelled,0
1618,NA,IN,70767.0,2024-12-16,657.29,7.0,user1618@corp-example.com,+1-555-800-3527,crm_v2,ACTIVE,0
1619,EU,us,72562.0,2023-08-27,"2,837.30",0.0,user1619@corp-example.com,+1-555-189-9239,crm_v2,Active,0
1620,EU, US,86425.0,2023-10-10,"2,718.64",10.0,user1620@corp-example.com,+1-555-202-9945,crm_v2,Active,0
1621,APAC,DE,59981.0,2024-09-24,990.28,3.0,user1621@corp-example.com,+1-555-958-5516,crm_v2,Active,0
1622,APAC,us,72538.0,2023-09-15,829.29,,user1622@corp-example.com,+1-555-516-8878,crm_v2,ACTIVE,1
1623,EU,United States,35241.0,2031-05-01,"2,308.49",6.0,user1623@corp-example.com,+1-555-598-9171,crm_v2,Active,0
1624,EU,us,57617.0,2024-11-29,"1,936.84",10.0,user1624@corp-example.com,+1-555-291-2206,crm_v2,Active,0
1625,NA,United States,41298.0,2024-12-15,789.68,1.0,user1625@corp-example.com,+1-555-546-2383,crm_v2,Active,0
1626,EU,us,80495.0,2023-08-15,"1,237.71",8.0,user1626@corp-example.com,+1-555-560-2388,crm_v2,active,0
1627,NA, US,94624.0,2024-11-16,"1,157.11",10.0,user1627@corp-example.com,+1-555-283-6959,crm_v2,active,0
1628,NA, US,67725.0,2023-05-10,"1,712.61",,user1628@corp-example.com,+1-555-370-5861,crm_v2,Active,1
1629,NA,DE,40097.0,2025-04-27,612.98,0.0,user1629@corp-example.com,+1-555-550-6457,crm_v2,active,0
1630,NA,IN,57917.0,2024-09-18,"1,541.19",,user1630@corp-example.com,+1-555-987-4282,crm_v2,active,1
1631,NA,DE,60051.0,2024-09-09,"2,176.64",4.0,user1631@corp-example.com,+1-555-418-9927,crm_v2,cancelled,0
1632,EU,us,62591.0,2025-04-22,962.48,3.0,user1632@corp-example.com,+1-555-158-3511,crm_v2,cancelled,0
1633,EU,United States,75954.0,2023-02-27,"1,341.67",9.0,user1633@corp-example.com,+1-555-360-2437,crm_v2,Active,0
1634,EU,US,73931.0,2024-02-26,"2,371.70",10.0,user1634@corp-example.com,+1-555-790-6337,crm_v2,Active,0
1635,NA,US,19880.0,2023-11-06,"2,547.88",2.0,user1635@corp-example.com,+1-555-202-8764,crm_v2,Active,0
1636,EU,United States,80123.0,2024-03-21,270.14,9.0,user1636@corp-example.com,+1-555-512-1637,crm_v2,active,0
1637,APAC,us,52181.0,2023-12-24,"1,519.60",,user1637@corp-example.com,+1-555-422-6205,crm_v2,ACTIVE,1
1638,NA,IN,51244.0,2023-05-17,"1,531.92",,user1638@corp-example.com,+1-555-885-4818,crm_v2,active,1
1639,NA,IN,80883.0,2025-02-24,"1,969.10",10.0,user1639@corp-example.com,+1-555-772-2916,crm_v2,ACTIVE,0
1640,NA,us,55630.0,2024-02-13,842.54,3.0,user1640@corp-example.com,+1-555-171-9630,crm_v2,Active,0
1641,NA, US,39078.0,2025-02-19,"1,766.70",,user1641@corp-example.com,+1-555-329-7555,crm_v2,cancelled,1
1642,NA,United States,39753.0,2024-08-16,283.14,9.0,user1642@corp-example.com,+1-555-209-9562,crm_v2,Active,0
1643,EU,United States,60504.0,2023-07-15,"1,371.14",10.0,user1643@corp-example.com,+1-555-920-7855,crm_v2,Active,0
1644,NA,DE,73252.0,2024-05-04,"1,200.41",2.0,user1644@corp-example.com,+1-555-153-8051,crm_v2,active,0
1645,EU,US,82157.0,2025-03-19,"1,135.47",0.0,user1645@corp-example.com,+1-555-320-6013,crm_v2,active,0
1646,EU,United States,57082.0,2024-03-29,"1,483.36",4.0,user1646@corp-example.com,+1-555-627-5031,crm_v2,cancelled,0
1647,EU,United States,52619.0,1900-01-01,"2,522.31",9.0,user1647@corp-example.com,+1-555-646-9587,crm_v2,active,0
1648,NA,US,83992.0,2023-04-20,995.57,6.0,user1648@corp-example.com,+1-555-710-1487,crm_v2,Active,0
1649,EU,United States,52784.0,2024-08-28,"2,651.64",6.0,user1649@corp-example.com,+1-555-144-8356,crm_v2,ACTIVE,0
1650,EU,us,81519.0,2024-04-23,851.15,0.0,user1650@corp-example.com,+1-555-764-6143,crm_v2,ACTIVE,0
1651,EU,DE,63168.0,2024-08-24,769.32,2.0,user1651@corp-example.com,+1-555-234-5745,crm_v2,ACTIVE,0
1652,NA,United States,63210.0,2023-07-16,167.44,,user1652@corp-example.com,+1-555-857-9703,crm_v2,Active,1
1653,APAC,IN,56123.0,2024-01-23,"4,957.26",0.0,user1653@corp-example.com,+1-555-142-9674,crm_v2,Active,0
1654,EU,us,64105.0,2023-08-11,286.16,3.0,user1654@corp-example.com,+1-555-767-8845,crm_v2,ACTIVE,0
1655,NA, US,52688.0,2024-05-20,516.37,1.0,user1655@corp-example.com,+1-555-360-6400,crm_v2,Active,0
1656,NA,United States,49469.0,2023-07-28,"3,011.48",1.0,user1656@corp-example.com,+1-555-606-1216,crm_v2,ACTIVE,0
1657,EU,us,57627.0,2024-02-29,623.54,10.0,user1657@corp-example.com,+1-555-605-1468,crm_v2,active,0
1658,EU, US,49903.0,2023-07-06,"1,541.26",,user1658@corp-example.com,+1-555-470-3906,crm_v2,ACTIVE,1
1659,NA,US,64219.0,2024-09-06,873.97,7.0,user1659@corp-example.com,+1-555-684-3583,crm_v2,active,0
1660,NA,United States,60937.0,2024-11-29,592.47,1.0,user1660@corp-example.com,+1-555-103-1274,crm_v2,ACTIVE,0
1661,NA, US,-999.0,2025-01-13,400.30,2.0,user1661@corp-example.com,+1-555-189-9624,crm_v2,ACTIVE,0
1662,EU,United States,56663.0,2025-03-28,"2,883.64",4.0,user1662@corp-example.com,+1-555-763-2931,crm_v2,Active,0
1663,NA, US,56230.0,2024-05-03,"1,103.61",4.0,user1663@corp-example.com,+1-555-120-3569,crm_v2,Active,0
1664,NA,United States,85741.0,2023-07-31,895.58,5.0,user1664@corp-example.com,+1-555-350-9188,crm_v2,ACTIVE,0
1665,NA,IN,59520.0,2025-03-01,999.92,5.0,user1665@corp-example.com,+1-555-287-1758,crm_v2,ACTIVE,0
1666,NA,IN,50749.0,2023-09-15,901.51,2.0,user1666@corp-example.com,+1-555-696-4993,crm_v2,ACTIVE,0
1667,NA,United States,55221.0,2024-03-28,667.36,1.0,user1667@corp-example.com,+1-555-347-8218,crm_v2,active,0
1668,APAC,United States,69591.0,2023-03-18,152.68,8.0,user1668@corp-example.com,+1-555-384-2770,crm_v2,cancelled,0
1669,NA,DE,56648.0,2023-02-18,982.92,,user1669@corp-example.com,+1-555-475-7272,crm_v2,Active,1
1670,EU, US,57394.0,2031-05-01,"1,400.31",,user1670@corp-example.com,+1-555-400-3092,crm_v2,ACTIVE,1
1671,NA,DE,55811.0,2024-06-20,428.21,6.0,user1671@corp-example.com,+1-555-244-7959,crm_v2,active,0
1672,NA,US,62123.0,2023-05-26,"1,936.54",,user1672@corp-example.com,+1-555-647-4804,crm_v2,active,1
1673,APAC,US,65511.0,2023-10-19,"1,046.45",5.0,user1673@corp-example.com,+1-555-703-6750,crm_v2,Active,0
1674,APAC,US,66305.0,2024-02-22,"1,601.50",1.0,user1674@corp-example.com,+1-555-270-9054,crm_v2,cancelled,0
1675,NA,us,35121.0,2024-10-25,619.86,9.0,user1675@corp-example.com,+1-555-307-3679,crm_v2,Active,0
1676,NA,US,43645.0,2025-04-19,630.61,10.0,user1676@corp-example.com,+1-555-918-8408,crm_v2,ACTIVE,0
1677,NA,United States,20237.0,2023-09-13,"2,388.58",5.0,user1677@corp-example.com,+1-555-717-3748,crm_v2,ACTIVE,0
1678,NA,IN,71663.0,2023-05-26,"1,151.20",2.0,user1678@corp-example.com,+1-555-942-1023,crm_v2,Active,0
1679,EU,US,76262.0,2024-08-02,259.28,5.0,user1679@corp-example.com,+1-555-842-2520,crm_v2,cancelled,0
1680,EU,United States,79140.0,2023-12-19,823.42,7.0,user1680@corp-example.com,+1-555-261-2626,crm_v2,cancelled,0
1681,EU,US,61796.0,2023-06-23,178.30,0.0,user1681@corp-example.com,+1-555-762-4171,crm_v2,cancelled,0
1682,EU,DE,76868.0,2023-03-12,225.31,3.0,user1682@corp-example.com,+1-555-694-4244,crm_v2,Active,0
1683,NA,DE,59085.0,2024-08-06,919.48,1.0,user1683@corp-example.com,+1-555-290-3040,crm_v2,ACTIVE,0
1684,NA,IN,57829.0,2024-11-29,"1,805.22",9.0,user1684@corp-example.com,+1-555-284-3374,crm_v2,ACTIVE,0
1685,EU,DE,36540.0,2024-06-25,420.42,8.0,user1685@corp-example.com,+1-555-510-8779,crm_v2,cancelled,0
1686,EU,DE,47910.0,2025-02-03,783.32,2.0,user1686@corp-example.com,+1-555-961-9052,crm_v2,active,0
1687,NA,US,50767.0,2024-09-14,"2,383.19",9.0,user1687@corp-example.com,+1-555-258-7350,crm_v2,cancelled,0
1688,NA,US,73407.0,2024-12-22,"1,637.67",2.0,user1688@corp-example.com,+1-555-101-8161,crm_v2,Active,0
1689,APAC,US,84505.0,2023-01-30,"1,745.86",2.0,user1689@corp-example.com,+1-555-144-2946,crm_v2,cancelled,0
1690,NA,IN,52612.0,2024-10-29,"1,306.67",4.0,user1690@corp-example.com,+1-555-322-1779,crm_v2,ACTIVE,0
1691,NA,IN,65223.0,2024-02-10,739.04,5.0,user1691@corp-example.com,+1-555-831-2692,crm_v2,active,0
1692,NA, US,63774.0,2023-12-29,"2,409.88",2.0,user1692@corp-example.com,+1-555-566-7504,crm_v2,active,0
1693,APAC, US,48042.0,2024-11-02,134.78,0.0,user1693@corp-example.com,+1-555-818-8232,crm_v2,active,0
1694,NA,US,33835.0,2023-01-16,"2,012.58",,user1694@corp-example.com,+1-555-238-2728,crm_v2,cancelled,1
1695,NA,us,48348.0,2024-02-07,"1,779.74",0.0,user1695@corp-example.com,+1-555-426-6022,crm_v2,cancelled,0
1696,NA,US,38095.0,2024-11-29,923.71,6.0,user1696@corp-example.com,+1-555-611-8958,crm_v2,active,0
1697,EU,DE,54898.0,2023-09-20,448.48,4.0,user1697@corp-example.com,+1-555-488-6270,crm_v2,cancelled,0
1698,NA,us,57506.0,2025-02-06,368.57,3.0,user1698@corp-example.com,+1-555-557-5676,crm_v2,ACTIVE,0
1699,APAC,DE,56915.0,2024-11-08,"2,567.22",5.0,user1699@corp-example.com,+1-555-199-7588,crm_v2,Active,0
1700,NA,IN,57103.0,2031-05-01,854.83,0.0,user1700@corp-example.com,+1-555-592-1215,crm_v2,active,0
1701,EU,IN,66864.0,2024-09-01,296.82,8.0,user1701@corp-example.com,+1-555-271-2486,crm_v2,Active,0
1702,NA,United States,45660.0,2023-10-12,"2,174.13",7.0,user1702@corp-example.com,+1-555-490-4939,crm_v2,ACTIVE,0
1703,APAC,US,-999.0,2024-02-03,499.80,,user1703@corp-example.com,+1-555-965-8954,crm_v2,cancelled,1
1704,NA,DE,34568.0,2024-11-08,681.88,1.0,user1704@corp-example.com,+1-555-983-9646,crm_v2,cancelled,0
1705,EU,DE,60546.0,2025-01-27,390.99,1.0,user1705@corp-example.com,+1-555-105-1663,crm_v2,cancelled,0
1706,APAC,DE,65432.0,2023-12-20,"2,713.40",8.0,user1706@corp-example.com,+1-555-209-8335,crm_v2,cancelled,0
1707,NA, US,47747.0,2024-09-03,832.24,6.0,user1707@corp-example.com,+1-555-166-1482,crm_v2,cancelled,0
1708,NA,United States,35717.0,2024-06-11,624.81,0.0,user1708@corp-example.com,+1-555-726-1678,crm_v2,cancelled,0
1709,EU,us,69164.0,2025-06-14,"1,407.45",5.0,user1709@corp-example.com,+1-555-978-8637,crm_v2,cancelled,0
1710,NA,US,49511.0,2024-09-23,123.39,4.0,user1710@corp-example.com,+1-555-742-6746,crm_v2,active,0
1711,NA, US,71305.0,2024-08-15,"1,328.64",6.0,user1711@corp-example.com,+1-555-800-1190,crm_v2,Active,0
1712,EU, US,71103.0,2023-05-16,668.51,0.0,user1712@corp-example.com,+1-555-906-7698,crm_v2,Active,0
1713,NA,US,59507.0,2025-05-19,576.53,7.0,user1713@corp-example.com,+1-555-160-1603,crm_v2,ACTIVE,0
1714,NA,IN,59570.0,2023-07-24,114.61,4.0,user1714@corp-example.com,+1-555-969-1742,crm_v2,active,0
1715,NA,US,74376.0,2024-10-25,710.57,4.0,user1715@corp-example.com,+1-555-591-5173,crm_v2,ACTIVE,0
1716,NA,us,65227.0,2025-04-04,175.43,9.0,user1716@corp-example.com,+1-555-751-3192,crm_v2,cancelled,0
1717,NA,US,45620.0,2024-02-10,574.41,3.0,user1717@corp-example.com,+1-555-611-9766,crm_v2,cancelled,0
1718,NA,United States,62102.0,2024-09-20,250.57,6.0,user1718@corp-example.com,+1-555-948-9273,crm_v2,active,0
1719,NA,DE,67879.0,2023-01-08,"1,874.07",10.0,user1719@corp-example.com,+1-555-906-7111,crm_v2,active,0
1720,NA,DE,62622.0,2024-06-16,"1,364.06",1.0,user1720@corp-example.com,+1-555-873-8724,crm_v2,Active,0
1721,NA,DE,-999.0,2024-10-24,"1,721.57",10.0,user1721@corp-example.com,+1-555-749-1732,crm_v2,ACTIVE,0
1722,EU,US,57385.0,2025-05-13,"1,971.79",1.0,user1722@corp-example.com,+1-555-354-6463,crm_v2,active,0
1723,NA,us,57818.0,2024-01-21,538.87,2.0,user1723@corp-example.com,+1-555-769-7170,crm_v2,ACTIVE,0
1724,NA,DE,45603.0,2025-01-30,534.42,0.0,user1724@corp-example.com,+1-555-262-3127,crm_v2,ACTIVE,0
1725,EU,us,38194.0,2025-02-16,"1,377.42",2.0,user1725@corp-example.com,+1-555-665-8310,crm_v2,cancelled,0
1726,NA,DE,76419.0,2023-03-20,186.85,6.0,user1726@corp-example.com,+1-555-205-6170,crm_v2,cancelled,0
1727,NA,DE,50073.0,2025-03-06,506.00,6.0,user1727@corp-example.com,+1-555-332-5102,crm_v2,cancelled,0
1728,NA,US,62911.0,2023-12-03,"1,055.10",10.0,user1728@corp-example.com,+1-555-553-5294,crm_v2,Active,0
1729,EU, US,37157.0,2031-05-01,910.71,3.0,user1729@corp-example.com,+1-555-428-4132,crm_v2,active,0
1730,EU, US,61955.0,1900-01-01,191.16,,user1730@corp-example.com,+1-555-658-8325,crm_v2,active,1
1731,APAC, US,-999.0,2024-05-08,"1,143.77",9.0,user1731@corp-example.com,+1-555-884-1278,crm_v2,Active,0
1732,APAC,DE,103924.0,2023-01-08,"2,267.81",7.0,user1732@corp-example.com,+1-555-111-1863,crm_v2,cancelled,0
1733,NA,IN,44374.0,2024-07-22,"1,068.19",,user1733@corp-example.com,+1-555-754-9379,crm_v2,ACTIVE,1
1734,NA,US,45168.0,1900-01-01,698.13,5.0,user1734@corp-example.com,+1-555-919-3183,crm_v2,cancelled,0
1735,NA,United States,73666.0,2024-07-31,"1,788.58",9.0,user1735@corp-example.com,+1-555-640-5411,crm_v2,cancelled,0
1736,NA,US,-999.0,2023-05-22,604.49,5.0,user1736@corp-example.com,+1-555-199-3447,crm_v2,Active,0
1737,APAC,United States,-999.0,2024-02-06,"1,208.07",6.0,user1737@corp-example.com,+1-555-744-8842,crm_v2,Active,0
1738,NA,DE,63388.0,2023-03-06,"1,673.27",0.0,user1738@corp-example.com,+1-555-686-8530,crm_v2,ACTIVE,0
1739,NA,United States,72697.0,2023-12-28,652.40,8.0,user1739@corp-example.com,+1-555-570-6870,crm_v2,active,0
1740,EU,US,-999.0,2023-05-31,"1,255.55",0.0,user1740@corp-example.com,+1-555-754-7556,crm_v2,ACTIVE,0
1741,EU,US,69784.0,2025-05-30,593.18,2.0,user1741@corp-example.com,+1-555-898-6685,crm_v2,Active,0
1742,NA,IN,51711.0,2024-03-12,"1,642.56",4.0,user1742@corp-example.com,+1-555-736-8943,crm_v2,active,0
1743,APAC, US,44684.0,2023-01-02,929.40,3.0,user1743@corp-example.com,+1-555-472-4708,crm_v2,active,0
1744,NA,United States,54344.0,2024-07-19,479.72,5.0,user1744@corp-example.com,+1-555-749-6813,crm_v2,ACTIVE,0
1745,EU,DE,52689.0,2025-02-20,"1,172.55",5.0,user1745@corp-example.com,+1-555-809-1788,crm_v2,Active,0
1746,NA,US,38842.0,2023-05-03,"2,340.17",9.0,user1746@corp-example.com,+1-555-522-9813,crm_v2,cancelled,0
1747,APAC,United States,92947.0,2023-04-28,499.01,7.0,user1747@corp-example.com,+1-555-332-6850,crm_v2,ACTIVE,0
1748,NA,IN,-999.0,1900-01-01,"2,158.71",4.0,user1748@corp-example.com,+1-555-800-8480,crm_v2,Active,0
1749,NA,IN,-999.0,1900-01-01,644.02,8.0,user1749@corp-example.com,+1-555-201-6652,crm_v2,active,0
1750,APAC,DE,72308.0,2025-02-24,"2,058.59",8.0,user1750@corp-example.com,+1-555-743-2998,crm_v2,active,0
1751,APAC,us,58490.0,2024-11-24,866.89,10.0,user1751@corp-example.com,+1-555-343-5444,crm_v2,cancelled,0
1752,APAC,United States,79455.0,2023-10-06,"2,020.77",2.0,user1752@corp-example.com,+1-555-116-2651,crm_v2,ACTIVE,0
1753,APAC, US,55587.0,2023-01-14,894.56,0.0,user1753@corp-example.com,+1-555-899-4824,crm_v2,cancelled,0
1754,NA,US,64808.0,2023-03-22,"1,193.09",7.0,user1754@corp-example.com,+1-555-455-8797,crm_v2,cancelled,0
1755,NA,us,60957.0,2024-08-18,601.47,10.0,user1755@corp-example.com,+1-555-575-7509,crm_v2,cancelled,0
1756,NA,United States,62051.0,2023-06-01,"1,427.37",4.0,user1756@corp-example.com,+1-555-510-9691,crm_v2,ACTIVE,0
1757,NA,us,56464.0,2023-08-05,998.41,6.0,user1757@corp-example.com,+1-555-783-4896,crm_v2,active,0
1758,APAC,us,58012.0,2024-11-05,"1,296.94",2.0,user1758@corp-example.com,+1-555-228-5017,crm_v2,active,0
1759,NA,US,84542.0,2025-02-11,"1,537.14",0.0,user1759@corp-example.com,+1-555-654-7921,crm_v2,cancelled,0
1760,NA,DE,49429.0,2023-09-15,"1,803.24",7.0,user1760@corp-example.com,+1-555-294-7592,crm_v2,cancelled,0
1761,NA,us,51427.0,2024-05-23,"2,044.68",0.0,user1761@corp-example.com,+1-555-404-7921,crm_v2,ACTIVE,0
1762,NA,DE,54446.0,2023-09-18,645.77,10.0,user1762@corp-example.com,+1-555-531-5878,crm_v2,active,0
1763,NA,US,68063.0,2023-07-26,689.33,6.0,user1763@corp-example.com,+1-555-937-9293,crm_v2,cancelled,0
1764,NA,us,65540.0,2023-09-12,535.95,8.0,user1764@corp-example.com,+1-555-423-5872,crm_v2,ACTIVE,0
1765,APAC, US,73493.0,2024-06-09,"1,163.97",4.0,user1765@corp-example.com,+1-555-655-7894,crm_v2,Active,0
1766,EU,United States,39610.0,2023-06-12,618.25,5.0,user1766@corp-example.com,+1-555-464-3547,crm_v2,active,0
1767,NA, US,63427.0,2024-10-21,491.92,3.0,user1767@corp-example.com,+1-555-112-9171,crm_v2,Active,0
1768,APAC,United States,56941.0,2023-12-08,912.38,1.0,user1768@corp-example.com,+1-555-993-8344,crm_v2,active,0
1769,EU,DE,55302.0,2025-02-02,622.39,8.0,user1769@corp-example.com,+1-555-912-4298,crm_v2,active,0
1770,NA, US,-999.0,2024-10-01,852.44,6.0,user1770@corp-example.com,+1-555-735-1316,crm_v2,active,0
1771,APAC,DE,30260.0,2023-01-18,647.17,2.0,user1771@corp-example.com,+1-555-128-2315,crm_v2,cancelled,0
1772,APAC,IN,63630.0,2024-11-20,236.68,0.0,user1772@corp-example.com,+1-555-510-2221,crm_v2,active,0
1773,EU,United States,61716.0,2025-04-12,"2,096.33",4.0,user1773@corp-example.com,+1-555-713-7589,crm_v2,Active,0
1774,NA,DE,38310.0,2023-08-23,248.34,2.0,user1774@corp-example.com,+1-555-697-3339,crm_v2,ACTIVE,0
1775,APAC,United States,58150.0,2025-01-12,"1,440.80",10.0,user1775@corp-example.com,+1-555-458-7606,crm_v2,cancelled,0
1776,APAC,IN,82618.0,2024-07-25,"1,572.89",3.0,user1776@corp-example.com,+1-555-210-2272,crm_v2,ACTIVE,0
1777,NA, US,53794.0,2023-07-29,937.11,6.0,user1777@corp-example.com,+1-555-467-7056,crm_v2,Active,0
1778,NA,IN,68387.0,2023-04-09,"1,688.27",4.0,user1778@corp-example.com,+1-555-963-7730,crm_v2,cancelled,0
1779,APAC,us,56212.0,2024-06-25,167.90,1.0,user1779@corp-example.com,+1-555-866-7828,crm_v2,ACTIVE,0
1780,EU,IN,47496.0,2023-02-28,683.27,4.0,user1780@corp-example.com,+1-555-420-2659,crm_v2,cancelled,0
1781,NA,United States,45876.0,2024-04-16,"1,513.25",4.0,user1781@corp-example.com,+1-555-215-5862,crm_v2,ACTIVE,0
1782,EU,US,-999.0,2023-08-25,650.42,1.0,user1782@corp-example.com,+1-555-984-8972,crm_v2,Active,0
1783,NA,United States,78900.0,2024-06-29,211.36,7.0,user1783@corp-example.com,+1-555-734-7697,crm_v2,ACTIVE,0
1784,APAC,us,71704.0,2024-05-04,"1,873.83",10.0,user1784@corp-example.com,+1-555-279-3628,crm_v2,Active,0
1785,NA,IN,49071.0,2023-08-08,"1,118.14",7.0,user1785@corp-example.com,+1-555-436-7243,crm_v2,cancelled,0
1786,NA,United States,74412.0,2025-02-16,"1,356.74",5.0,user1786@corp-example.com,+1-555-794-6855,crm_v2,cancelled,0
243,NA,DE,57669.0,2025-04-10,849.70,10.0,user1787@corp-example.com,+1-555-674-2507,crm_v2,Active,0
1788,NA, US,49298.0,2024-05-21,749.12,8.0,user1788@corp-example.com,+1-555-238-2190,crm_v2,cancelled,0
1789,APAC,US,65967.0,2024-09-27,438.97,1.0,user1789@corp-example.com,+1-555-580-8723,crm_v2,cancelled,0
1790,NA,United States,46020.0,2024-07-05,35.73,7.0,user1790@corp-example.com,+1-555-712-7989,crm_v2,ACTIVE,0
1791,NA,United States,36243.0,2024-05-24,"2,921.08",4.0,user1791@corp-example.com,+1-555-620-2890,crm_v2,Active,0
1792,APAC,United States,78800.0,2024-05-08,"1,552.36",5.0,user1792@corp-example.com,+1-555-379-9324,crm_v2,ACTIVE,0
1793,NA,US,32431.0,2025-05-02,"5,001.17",2.0,user1793@corp-example.com,+1-555-643-7851,crm_v2,cancelled,0
1794,NA,US,67620.0,2023-04-03,"2,655.40",1.0,user1794@corp-example.com,+1-555-723-4319,crm_v2,active,0
1795,APAC,United States,36930.0,2031-05-01,"1,055.31",9.0,user1795@corp-example.com,+1-555-891-6148,crm_v2,cancelled,0
1796,NA, US,59141.0,2024-03-05,749.67,5.0,user1796@corp-example.com,+1-555-874-6209,crm_v2,active,0
1797,APAC,IN,56639.0,2024-04-28,"1,092.89",,user1797@corp-example.com,+1-555-432-3910,crm_v2,active,1
1798,APAC,us,53053.0,2023-04-09,"1,764.87",,user1798@corp-example.com,+1-555-650-5697,crm_v2,active,1
1799,NA,DE,-999.0,2024-07-23,"1,609.08",9.0,user1799@corp-example.com,+1-555-249-9889,crm_v2,active,0
1800,EU,us,57965.0,2023-11-13,"1,364.03",8.0,user1800@corp-example.com,+1-555-710-3805,crm_v2,Active,0
1801,EU,US,59034.0,2024-07-09,"1,913.26",7.0,user1801@corp-example.com,+1-555-742-8157,crm_v2,cancelled,0
1802,EU,United States,46263.0,2023-03-16,"1,865.55",7.0,user1802@corp-example.com,+1-555-501-9146,crm_v2,ACTIVE,0
1803,NA, US,58580.0,2023-10-29,"2,519.09",10.0,user1803@corp-example.com,+1-555-962-5591,crm_v2,cancelled,0
1804,NA, US,74319.0,2023-12-25,741.27,,user1804@corp-example.com,+1-555-630-2054,crm_v2,ACTIVE,1
1805,NA,us,48936.0,2024-06-19,"2,738.70",5.0,user1805@corp-example.com,+1-555-884-2200,crm_v2,ACTIVE,0
1806,NA,us,63406.0,2023-10-08,717.85,6.0,user1806@corp-example.com,+1-555-146-8455,crm_v2,cancelled,0
1807,NA,United States,42540.0,2024-01-21,"1,526.16",4.0,user1807@corp-example.com,+1-555-209-9734,crm_v2,cancelled,0
1808,APAC, US,65263.0,2024-03-13,615.31,2.0,user1808@corp-example.com,+1-555-689-2575,crm_v2,Active,0
1809,APAC,DE,69081.0,2024-10-16,251.81,8.0,user1809@corp-example.com,+1-555-827-7850,crm_v2,cancelled,0
1810,NA, US,96369.0,2025-06-12,"2,997.18",,user1810@corp-example.com,+1-555-147-9444,crm_v2,cancelled,1
1811,EU,DE,73024.0,2023-11-23,"2,085.38",9.0,user1811@corp-example.com,+1-555-269-7382,crm_v2,Active,0
1812,NA, US,66023.0,2024-11-04,892.84,8.0,user1812@corp-example.com,+1-555-918-5969,crm_v2,cancelled,0
1813,NA, US,80486.0,2024-02-10,931.09,2.0,user1813@corp-example.com,+1-555-708-4062,crm_v2,Active,0
1814,NA,us,44883.0,2023-08-10,"1,257.66",3.0,user1814@corp-example.com,+1-555-802-8004,crm_v2,cancelled,0
1815,APAC,United States,75493.0,2024-06-14,680.95,1.0,user1815@corp-example.com,+1-555-934-7786,crm_v2,cancelled,0
1816,NA, US,51548.0,2023-08-05,749.17,5.0,user1816@corp-example.com,+1-555-139-3831,crm_v2,active,0
1817,EU,us,50451.0,2023-06-16,765.75,8.0,user1817@corp-example.com,+1-555-393-7209,crm_v2,cancelled,0
1818,APAC,US,-999.0,2023-07-09,"1,063.70",,user1818@corp-example.com,+1-555-320-4116,crm_v2,Active,1
1819,NA,IN,-999.0,2024-05-06,"1,430.80",6.0,user1819@corp-example.com,+1-555-368-8764,crm_v2,cancelled,0
1820,APAC, US,79257.0,2024-01-24,586.95,,user1820@corp-example.com,+1-555-667-1296,crm_v2,active,1
1821,NA,IN,38194.0,2025-03-01,"1,186.03",6.0,user1821@corp-example.com,+1-555-500-6932,crm_v2,Active,0
1822,EU, US,63674.0,2025-06-16,"2,244.15",3.0,user1822@corp-example.com,+1-555-517-5461,crm_v2,ACTIVE,0
1823,APAC,US,51868.0,2024-09-17,"1,821.77",10.0,user1823@corp-example.com,+1-555-746-6099,crm_v2,Active,0
1824,APAC,IN,55652.0,2025-03-15,902.50,10.0,user1824@corp-example.com,+1-555-205-1211,crm_v2,active,0
1825,APAC,United States,31449.0,2024-03-26,641.93,9.0,user1825@corp-example.com,+1-555-300-4011,crm_v2,active,0
1826,EU,IN,73521.0,2024-04-24,"2,124.43",,user1826@corp-example.com,+1-555-130-8206,crm_v2,Active,1
1827,APAC,DE,62773.0,2023-04-27,"2,505.01",2.0,user1827@corp-example.com,+1-555-950-6456,crm_v2,Active,0
1828,NA,us,45096.0,2024-03-28,495.62,3.0,user1828@corp-example.com,+1-555-803-7816,crm_v2,active,0
1829,EU,us,39773.0,2024-06-01,"2,488.26",4.0,user1829@corp-example.com,+1-555-906-1045,crm_v2,cancelled,0
1830,NA, US,46829.0,2023-09-07,550.42,6.0,user1830@corp-example.com,+1-555-314-2451,crm_v2,Active,0
1831,NA,US,80339.0,2024-01-06,"1,788.15",5.0,user1831@corp-example.com,+1-555-454-7185,crm_v2,cancelled,0
1832,NA,us,58212.0,2023-08-07,"1,354.85",,user1832@corp-example.com,+1-555-796-7241,crm_v2,Active,1
1833,EU,US,54770.0,2023-12-05,"1,392.99",,user1833@corp-example.com,+1-555-177-8635,crm_v2,active,1
1834,EU,United States,66991.0,2023-12-30,451.48,1.0,user1834@corp-example.com,+1-555-788-2060,crm_v2,cancelled,0
1835,NA,DE,59889.0,2024-10-07,670.51,7.0,user1835@corp-example.com,+1-555-803-1720,crm_v2,cancelled,0
1836,APAC,us,63147.0,2023-08-27,538.72,9.0,user1836@corp-example.com,+1-555-987-3678,crm_v2,active,0
1837,NA,US,70706.0,2025-05-27,500.25,0.0,user1837@corp-example.com,+1-555-463-7673,crm_v2,active,0
1838,NA,us,64627.0,2024-11-16,"1,252.58",0.0,user1838@corp-example.com,+1-555-266-5635,crm_v2,Active,0
1839,APAC, US,72709.0,2024-04-11,858.63,10.0,user1839@corp-example.com,+1-555-945-5991,crm_v2,ACTIVE,0
1840,APAC, US,-999.0,2024-01-14,947.49,9.0,user1840@corp-example.com,+1-555-269-8754,crm_v2,cancelled,0
1841,EU,DE,60689.0,2023-06-17,"2,452.87",7.0,user1841@corp-example.com,+1-555-263-2990,crm_v2,ACTIVE,0
1842,NA,DE,54538.0,2024-01-19,869.10,5.0,user1842@corp-example.com,+1-555-300-1158,crm_v2,ACTIVE,0
1843,NA,US,-999.0,2024-09-02,"2,922.34",5.0,user1843@corp-example.com,+1-555-439-8660,crm_v2,Active,0
1844,APAC, US,59198.0,2025-04-28,852.74,,user1844@corp-example.com,+1-555-120-4912,crm_v2,ACTIVE,1
1845,NA,DE,50429.0,2024-02-10,405.22,0.0,user1845@corp-example.com,+1-555-618-6068,crm_v2,active,0
1846,APAC,IN,-999.0,2024-01-20,676.78,1.0,user1846@corp-example.com,+1-555-344-6562,crm_v2,cancelled,0
1847,EU, US,73773.0,1900-01-01,835.71,8.0,user1847@corp-example.com,+1-555-258-9227,crm_v2,Active,0
1848,NA, US,51682.0,2024-04-27,"1,154.09",8.0,user1848@corp-example.com,+1-555-316-2183,crm_v2,active,0
1849,APAC, US,41496.0,2024-11-10,"1,567.64",0.0,user1849@corp-example.com,+1-555-730-7334,crm_v2,active,0
1850,NA,IN,68593.0,2024-10-19,"1,681.43",7.0,user1850@corp-example.com,+1-555-660-2340,crm_v2,ACTIVE,0
1851,EU, US,74165.0,2023-11-17,"1,283.13",6.0,user1851@corp-example.com,+1-555-889-3988,crm_v2,active,0
1852,EU, US,55882.0,1900-01-01,475.97,8.0,user1852@corp-example.com,+1-555-234-9861,crm_v2,Active,0
1853,NA, US,61744.0,2025-01-10,"1,248.30",7.0,user1853@corp-example.com,+1-555-922-3698,crm_v2,Active,0
1854,EU,United States,47539.0,2023-10-11,"1,030.26",6.0,user1854@corp-example.com,+1-555-150-8177,crm_v2,ACTIVE,0
1855,EU,IN,56897.0,2024-04-25,770.98,4.0,user1855@corp-example.com,+1-555-877-1555,crm_v2,Active,0
1856,EU, US,76177.0,2023-08-14,624.18,8.0,user1856@corp-example.com,+1-555-253-7658,crm_v2,active,0
1857,NA,DE,71695.0,2024-09-28,"2,089.72",,user1857@corp-example.com,+1-555-182-1153,crm_v2,active,1
1858,APAC, US,62084.0,2024-12-27,"1,414.19",2.0,user1858@corp-example.com,+1-555-342-3157,crm_v2,active,0
1859,APAC, US,55866.0,2023-02-25,427.59,0.0,user1859@corp-example.com,+1-555-929-3052,crm_v2,active,0
1860,NA,us,35954.0,2025-04-29,"3,211.86",10.0,user1860@corp-example.com,+1-555-697-2920,crm_v2,ACTIVE,0
1861,APAC,US,64561.0,2023-09-07,821.35,7.0,user1861@corp-example.com,+1-555-948-3568,crm_v2,Active,0
1862,EU,US,66668.0,2025-05-24,"1,047.25",0.0,user1862@corp-example.com,+1-555-347-3290,crm_v2,ACTIVE,0
1863,NA,United States,75441.0,2025-02-09,377.89,0.0,user1863@corp-example.com,+1-555-911-7138,crm_v2,Active,0
1864,APAC,United States,89569.0,2024-11-26,246.99,9.0,user1864@corp-example.com,+1-555-905-2755,crm_v2,cancelled,0
1865,NA,IN,65486.0,2023-01-20,252.69,9.0,user1865@corp-example.com,+1-555-764-4409,crm_v2,active,0
1866,EU,us,74021.0,2023-05-01,"1,131.85",3.0,user1866@corp-example.com,+1-555-170-2244,crm_v2,cancelled,0
1867,APAC,IN,43555.0,2024-09-10,101.46,0.0,user1867@corp-example.com,+1-555-332-1521,crm_v2,active,0
1868,EU, US,77675.0,2025-01-30,"2,748.89",0.0,user1868@corp-example.com,+1-555-831-3632,crm_v2,ACTIVE,0
1869,NA,US,72723.0,2025-04-13,272.89,9.0,user1869@corp-example.com,+1-555-527-5853,crm_v2,ACTIVE,0
1870,APAC,IN,80002.0,2023-08-09,800.74,4.0,user1870@corp-example.com,+1-555-887-9096,crm_v2,active,0
1871,EU, US,69900.0,2025-01-28,"1,272.05",9.0,user1871@corp-example.com,+1-555-431-3923,crm_v2,cancelled,0
1872,APAC,IN,66638.0,2023-01-01,"3,913.04",10.0,user1872@corp-example.com,+1-555-592-9076,crm_v2,Active,0
1873,NA, US,81704.0,2023-05-18,476.13,3.0,user1873@corp-example.com,+1-555-417-2743,crm_v2,Active,0
1874,EU,IN,50259.0,2025-03-29,"1,772.21",5.0,user1874@corp-example.com,+1-555-345-8054,crm_v2,active,0
1875,APAC, US,69466.0,2023-04-25,332.60,9.0,user1875@corp-example.com,+1-555-656-6712,crm_v2,Active,0
1876,NA,DE,75914.0,2024-11-19,547.42,9.0,user1876@corp-example.com,+1-555-218-9419,crm_v2,active,0
1877,NA,US,48511.0,2023-12-05,831.68,0.0,user1877@corp-example.com,+1-555-321-6416,crm_v2,cancelled,0
1878,NA,us,43141.0,2024-07-12,394.84,1.0,user1878@corp-example.com,+1-555-636-7664,crm_v2,active,0
1879,NA,us,66405.0,2023-02-24,687.02,5.0,user1879@corp-example.com,+1-555-765-3839,crm_v2,cancelled,0
1880,NA,United States,61876.0,2023-09-24,907.37,2.0,user1880@corp-example.com,+1-555-617-8714,crm_v2,ACTIVE,0
1881,NA,United States,68985.0,2024-07-06,"1,690.82",5.0,user1881@corp-example.com,+1-555-521-4104,crm_v2,ACTIVE,0
1882,NA,us,69517.0,2023-11-19,"1,833.57",,user1882@corp-example.com,+1-555-553-9811,crm_v2,cancelled,1
1883,EU,DE,48858.0,2024-08-15,"1,323.73",10.0,user1883@corp-example.com,+1-555-608-8168,crm_v2,active,0
1884,NA,DE,65045.0,2023-01-18,543.98,10.0,user1884@corp-example.com,+1-555-568-1979,crm_v2,active,0
1885,EU,DE,76618.0,2024-09-05,474.93,7.0,user1885@corp-example.com,+1-555-424-4371,crm_v2,Active,0
1886,NA,United States,54917.0,2024-08-16,647.94,0.0,user1886@corp-example.com,+1-555-656-4660,crm_v2,active,0
1887,NA,DE,55954.0,2025-01-12,398.83,6.0,user1887@corp-example.com,+1-555-230-9700,crm_v2,active,0
1888,EU,IN,43630.0,2023-06-03,"1,354.65",8.0,user1888@corp-example.com,+1-555-854-1231,crm_v2,Active,0
1889,NA,DE,72092.0,2023-10-15,"1,016.70",0.0,user1889@corp-example.com,+1-555-559-5550,crm_v2,Active,0
1890,EU,United States,88703.0,2023-05-14,"1,610.46",8.0,user1890@corp-example.com,+1-555-542-1200,crm_v2,active,0
1891,NA,US,40120.0,2023-01-14,544.70,1.0,user1891@corp-example.com,+1-555-930-9364,crm_v2,Active,0
1892,EU, US,71308.0,2025-01-25,"1,149.13",8.0,user1892@corp-example.com,+1-555-778-1738,crm_v2,Active,0
1893,APAC,us,73373.0,2023-06-11,"2,737.00",3.0,user1893@corp-example.com,+1-555-246-7745,crm_v2,Active,0
1894,NA,us,51981.0,2024-02-16,"1,513.48",,user1894@corp-example.com,+1-555-981-9323,crm_v2,Active,1
1895,EU, US,54732.0,2025-01-09,"1,041.43",6.0,user1895@corp-example.com,+1-555-899-7620,crm_v2,ACTIVE,0
1896,EU,DE,44896.0,2024-06-06,511.65,7.0,user1896@corp-example.com,+1-555-289-7125,crm_v2,active,0
1897,NA,us,48734.0,2023-05-14,"1,734.26",1.0,user1897@corp-example.com,+1-555-710-6625,crm_v2,active,0
1898,APAC,us,62620.0,2024-01-20,"5,044.25",4.0,user1898@corp-example.com,+1-555-603-5027,crm_v2,active,0
1899,NA, US,69742.0,2023-04-06,384.08,5.0,user1899@corp-example.com,+1-555-557-3183,crm_v2,cancelled,0
1900,NA,us,61917.0,2023-09-17,409.19,7.0,user1900@corp-example.com,+1-555-640-3077,crm_v2,Active,0
1901,EU, US,72721.0,2024-09-10,"1,249.04",7.0,user1901@corp-example.com,+1-555-746-9494,crm_v2,ACTIVE,0
1902,APAC,IN,63214.0,2024-03-09,442.24,8.0,user1902@corp-example.com,+1-555-496-6806,crm_v2,active,0
1903,EU, US,43134.0,1900-01-01,349.97,2.0,user1903@corp-example.com,+1-555-337-5145,crm_v2,ACTIVE,0
1904,APAC,us,81457.0,1900-01-01,"1,430.99",7.0,user1904@corp-example.com,+1-555-605-7492,crm_v2,ACTIVE,0
1905,NA,US,77559.0,2025-04-05,"1,678.75",5.0,user1905@corp-example.com,+1-555-863-5979,crm_v2,Active,0
1906,EU,IN,49860.0,2023-05-05,"1,195.21",4.0,user1906@corp-example.com,+1-555-214-6160,crm_v2,cancelled,0
1907,EU,IN,86167.0,2024-12-31,325.08,6.0,user1907@corp-example.com,+1-555-151-3824,crm_v2,active,0
1908,APAC,us,67122.0,1900-01-01,"1,126.60",3.0,user1908@corp-example.com,+1-555-170-3995,crm_v2,active,0
1909,EU,IN,62201.0,1900-01-01,"1,554.14",4.0,user1909@corp-example.com,+1-555-920-8078,crm_v2,Active,0
1910,EU, US,88312.0,2024-04-16,918.84,,user1910@corp-example.com,+1-555-966-2557,crm_v2,Active,1
1911,NA,United States,23755.0,2025-03-22,"1,770.22",1.0,user1911@corp-example.com,+1-555-258-2515,crm_v2,active,0
1912,EU,IN,36812.0,2024-05-20,881.87,2.0,user1912@corp-example.com,+1-555-160-6490,crm_v2,ACTIVE,0
1913,EU,us,70686.0,2023-01-12,130.10,2.0,user1913@corp-example.com,+1-555-967-9200,crm_v2,active,0
1914,APAC,IN,56709.0,2024-02-18,"1,112.44",6.0,user1914@corp-example.com,+1-555-608-2526,crm_v2,Active,0
1915,APAC, US,46469.0,2025-05-04,"2,019.87",10.0,user1915@corp-example.com,+1-555-458-7389,crm_v2,Active,0
1916,EU,US,82364.0,2025-02-06,641.10,3.0,user1916@corp-example.com,+1-555-773-7698,crm_v2,ACTIVE,0
1917,APAC,IN,67449.0,2023-08-26,825.55,9.0,user1917@corp-example.com,+1-555-887-9093,crm_v2,active,0
1918,NA,US,41669.0,2023-01-03,702.84,2.0,user1918@corp-example.com,+1-555-363-1239,crm_v2,ACTIVE,0
1919,EU,United States,50683.0,2023-03-26,"1,384.78",4.0,user1919@corp-example.com,+1-555-731-9854,crm_v2,ACTIVE,0
1920,NA,United States,72707.0,2024-08-20,915.49,10.0,user1920@corp-example.com,+1-555-518-5494,crm_v2,active,0
1921,EU,DE,86461.0,2025-03-23,"1,973.17",0.0,user1921@corp-example.com,+1-555-485-5944,crm_v2,active,0
1922,NA,DE,31068.0,2023-08-13,789.81,1.0,user1922@corp-example.com,+1-555-673-2009,crm_v2,active,0
1923,NA,DE,64023.0,2023-09-25,"2,490.24",4.0,user1923@corp-example.com,+1-555-387-5248,crm_v2,ACTIVE,0
1924,APAC,DE,-999.0,2024-09-04,466.69,5.0,user1924@corp-example.com,+1-555-820-8439,crm_v2,ACTIVE,0
1925,NA,IN,34832.0,2023-05-10,343.11,0.0,user1925@corp-example.com,+1-555-280-7917,crm_v2,active,0
1926,NA,IN,57956.0,2024-07-18,"1,203.53",,user1926@corp-example.com,+1-555-102-9323,crm_v2,cancelled,1
1927,NA,United States,36950.0,2024-05-24,"3,223.68",6.0,user1927@corp-example.com,+1-555-270-3741,crm_v2,active,0
1928,APAC,US,52546.0,2024-01-13,"2,029.72",5.0,user1928@corp-example.com,+1-555-948-6875,crm_v2,Active,0
1929,NA,US,84071.0,2025-01-14,652.56,9.0,user1929@corp-example.com,+1-555-370-3749,crm_v2,ACTIVE,0
1930,APAC,DE,67928.0,2023-02-28,125.25,3.0,user1930@corp-example.com,+1-555-582-2515,crm_v2,active,0
1931,NA,United States,71846.0,2023-10-20,409.45,7.0,user1931@corp-example.com,+1-555-160-7654,crm_v2,active,0
1932,NA,DE,69193.0,2024-05-17,960.03,10.0,user1932@corp-example.com,+1-555-632-3678,crm_v2,ACTIVE,0
1933,EU,IN,65617.0,2025-02-09,"3,309.47",7.0,user1933@corp-example.com,+1-555-825-4213,crm_v2,cancelled,0
1934,EU,DE,-999.0,2031-05-01,"1,089.82",5.0,user1934@corp-example.com,+1-555-465-9911,crm_v2,ACTIVE,0
1935,APAC,US,43395.0,2025-05-21,"1,608.42",9.0,user1935@corp-example.com,+1-555-732-4644,crm_v2,active,0
1936,APAC, US,55191.0,2023-07-09,634.25,1.0,user1936@corp-example.com,+1-555-967-5479,crm_v2,active,0
1937,NA,US,72941.0,2024-04-25,828.66,9.0,user1937@corp-example.com,+1-555-733-7808,crm_v2,cancelled,0
1938,EU,us,49815.0,2024-10-16,"1,561.74",10.0,user1938@corp-example.com,+1-555-987-6975,crm_v2,ACTIVE,0
1939,EU,US,54069.0,2023-07-27,"1,438.61",,user1939@corp-example.com,+1-555-634-6417,crm_v2,Active,1
1940,NA,IN,78145.0,2025-01-09,"1,039.71",8.0,user1940@corp-example.com,+1-555-997-4089,crm_v2,active,0
1941,EU,US,82940.0,2023-09-26,"1,888.09",4.0,user1941@corp-example.com,+1-555-133-1754,crm_v2,active,0
1942,APAC,US,51638.0,2023-02-28,"1,736.17",9.0,user1942@corp-example.com,+1-555-401-7433,crm_v2,active,0
1943,NA,US,48573.0,2023-06-01,"1,363.91",9.0,user1943@corp-example.com,+1-555-809-8729,crm_v2,cancelled,0
1944,APAC,US,69063.0,2024-08-05,652.14,,user1944@corp-example.com,+1-555-424-7391,crm_v2,ACTIVE,1
1945,NA,DE,64491.0,2024-02-02,271.45,10.0,user1945@corp-example.com,+1-555-695-7481,crm_v2,Active,0
1946,NA, US,50683.0,2024-07-20,290.14,6.0,user1946@corp-example.com,+1-555-286-5251,crm_v2,active,0
1947,EU,United States,69272.0,2023-12-24,"2,269.10",2.0,user1947@corp-example.com,+1-555-552-4944,crm_v2,Active,0
1948,NA,IN,68654.0,2023-07-25,"1,223.90",4.0,user1948@corp-example.com,+1-555-428-1668,crm_v2,active,0
1949,EU,DE,61740.0,2023-09-20,968.91,7.0,user1949@corp-example.com,+1-555-956-2674,crm_v2,Active,0
1950,NA, US,103577.0,2023-03-01,116.92,10.0,user1950@corp-example.com,+1-555-409-1427,crm_v2,Active,0
1951,NA,United States,80461.0,2023-12-30,"1,322.79",10.0,user1951@corp-example.com,+1-555-959-3184,crm_v2,Active,0
1952,EU,United States,72499.0,2023-02-06,427.54,3.0,user1952@corp-example.com,+1-555-611-2656,crm_v2,Active,0
1953,EU, US,75561.0,2023-08-24,"1,051.80",9.0,user1953@corp-example.com,+1-555-376-7051,crm_v2,Active,0
1954,NA,United States,-999.0,2031-05-01,"1,802.63",8.0,user1954@corp-example.com,+1-555-564-4657,crm_v2,cancelled,0
1955,NA,DE,76657.0,2025-02-11,"1,985.24",1.0,user1955@corp-example.com,+1-555-719-2139,crm_v2,Active,0
1956,APAC,IN,50063.0,2024-04-20,"1,047.07",8.0,user1956@corp-example.com,+1-555-348-1442,crm_v2,active,0
1957,APAC,us,65295.0,2025-04-04,"1,848.95",1.0,user1957@corp-example.com,+1-555-305-9258,crm_v2,active,0
1958,APAC,DE,61672.0,2025-06-17,"1,192.88",1.0,user1958@corp-example.com,+1-555-446-4183,crm_v2,ACTIVE,0
1959,EU, US,52287.0,2024-01-27,"1,520.90",1.0,user1959@corp-example.com,+1-555-691-8834,crm_v2,ACTIVE,0
1960,NA,DE,64412.0,1900-01-01,"1,623.67",4.0,user1960@corp-example.com,+1-555-824-9925,crm_v2,Active,0
1961,NA, US,64287.0,2023-04-15,"1,089.01",,user1961@corp-example.com,+1-555-409-3156,crm_v2,Active,1
1962,NA,US,59791.0,2024-11-01,272.78,3.0,user1962@corp-example.com,+1-555-819-3996,crm_v2,Active,0
1963,NA,DE,53485.0,2023-09-21,460.58,2.0,user1963@corp-example.com,+1-555-966-9961,crm_v2,ACTIVE,0
1964,NA,DE,72755.0,2023-10-16,"2,002.93",7.0,user1964@corp-example.com,+1-555-977-3169,crm_v2,cancelled,0
1965,NA,DE,37232.0,2024-09-07,395.17,0.0,user1965@corp-example.com,+1-555-255-7501,crm_v2,cancelled,0
1966,NA,US,72695.0,2023-02-13,"2,174.31",8.0,user1966@corp-example.com,+1-555-822-2237,crm_v2,ACTIVE,0
1967,NA,United States,60762.0,2025-05-31,"1,331.42",9.0,user1967@corp-example.com,+1-555-100-5586,crm_v2,cancelled,0
1968,NA,US,64650.0,2025-03-06,"1,450.51",1.0,user1968@corp-example.com,+1-555-918-1043,crm_v2,ACTIVE,0
1969,EU,United States,25805.0,2024-11-11,"1,068.77",,user1969@corp-example.com,+1-555-333-1615,crm_v2,active,1
1970,EU,US,85258.0,2025-04-05,182.65,7.0,user1970@corp-example.com,+1-555-637-4725,crm_v2,ACTIVE,0
1971,APAC,us,35258.0,2023-03-01,699.98,8.0,user1971@corp-example.com,+1-555-125-1285,crm_v2,ACTIVE,0
1972,APAC,United States,47954.0,2025-01-28,913.13,9.0,user1972@corp-example.com,+1-555-128-3567,crm_v2,ACTIVE,0
1973,EU,United States,70068.0,2023-11-10,"1,204.09",,user1973@corp-example.com,+1-555-875-2182,crm_v2,ACTIVE,1
1974,APAC,IN,51744.0,2024-08-23,84.43,10.0,user1974@corp-example.com,+1-555-818-1848,crm_v2,Active,0
1975,NA,IN,54657.0,2023-03-02,"2,562.75",,user1975@corp-example.com,+1-555-977-5133,crm_v2,ACTIVE,1
1976,EU,US,27876.0,2023-06-25,"1,651.60",9.0,user1976@corp-example.com,+1-555-747-2042,crm_v2,active,0
1977,NA, US,54234.0,2024-05-20,"3,215.07",,user1977@corp-example.com,+1-555-258-1257,crm_v2,Active,1
1978,EU,IN,63750.0,2023-06-14,513.51,7.0,user1978@corp-example.com,+1-555-135-7611,crm_v2,active,0
1979,APAC,DE,70599.0,2023-12-22,520.27,5.0,user1979@corp-example.com,+1-555-747-8238,crm_v2,ACTIVE,0
1980,EU,DE,56432.0,2025-03-04,352.42,10.0,user1980@corp-example.com,+1-555-536-2528,crm_v2,cancelled,0
1981,EU,United States,63860.0,2024-02-07,668.79,3.0,user1981@corp-example.com,+1-555-720-9384,crm_v2,ACTIVE,0
1982,EU,United States,67077.0,2024-06-07,"1,647.97",1.0,user1982@corp-example.com,+1-555-483-3459,crm_v2,cancelled,0
1983,NA,United States,50757.0,2023-09-14,"2,848.86",,user1983@corp-example.com,+1-555-222-6359,crm_v2,Active,1
1984,APAC,IN,49635.0,2023-03-06,"1,480.23",1.0,user1984@corp-example.com,+1-555-215-4784,crm_v2,ACTIVE,0
1985,NA,United States,89435.0,2023-03-22,131.25,6.0,user1985@corp-example.com,+1-555-949-2535,crm_v2,active,0
1986,NA, US,48166.0,2024-02-01,487.44,4.0,user1986@corp-example.com,+1-555-764-9457,crm_v2,ACTIVE,0
1987,NA,US,78755.0,2024-12-05,"1,251.52",8.0,user1987@corp-example.com,+1-555-329-3892,crm_v2,Active,0
1988,NA,IN,61702.0,2024-07-21,542.31,1.0,user1988@corp-example.com,+1-555-136-1197,crm_v2,cancelled,0
1989,APAC,us,82288.0,2023-11-06,371.01,,user1989@corp-example.com,+1-555-557-9529,crm_v2,Active,1
1990,NA,US,51283.0,2023-03-21,269.61,6.0,user1990@corp-example.com,+1-555-710-9977,crm_v2,active,0
1991,NA,us,68266.0,2023-03-05,"1,438.09",3.0,user1991@corp-example.com,+1-555-857-8745,crm_v2,active,0
1992,EU, US,65530.0,2023-06-02,"2,451.70",4.0,user1992@corp-example.com,+1-555-186-2491,crm_v2,active,0
1993,EU,United States,57334.0,2023-07-01,"1,781.98",0.0,user1993@corp-example.com,+1-555-798-4414,crm_v2,Active,0
1994,EU,us,65231.0,2024-01-29,946.01,1.0,user1994@corp-example.com,+1-555-926-5008,crm_v2,active,0
1995,NA,DE,49385.0,2023-02-14,422.08,3.0,user1995@corp-example.com,+1-555-353-8744,crm_v2,active,0
1996,NA,US,59492.0,2025-03-13,183.97,5.0,user1996@corp-example.com,+1-555-943-6307,crm_v2,ACTIVE,0
1997,APAC,DE,-999.0,2025-02-25,"1,832.15",3.0,user1997@corp-example.com,+1-555-199-6319,crm_v2,active,0
1998,NA,United States,71857.0,2023-02-06,"1,769.97",10.0,user1998@corp-example.com,+1-555-701-6326,crm_v2,cancelled,0
1999,NA,us,59338.0,2023-06-04,787.89,4.0,user1999@corp-example.com,+1-555-598-8950,crm_v2,Active,0
2000,NA,DE,40210.0,2023-07-20,"1,035.49",6.0,user2000@corp-example.com,+1-555-501-4847,crm_v2,cancelled,0
2001,NA, US,55211.0,2025-04-24,"2,295.80",4.0,user2001@corp-example.com,+1-555-273-9070,crm_v2,Active,0
2002,APAC,IN,59233.0,2024-08-03,446.97,6.0,user2002@corp-example.com,+1-555-588-7534,crm_v2,active,0
2003,EU,US,47403.0,1900-01-01,"1,566.52",,user2003@corp-example.com,+1-555-545-1393,crm_v2,Active,1
2004,EU,US,80235.0,2023-12-25,840.85,3.0,user2004@corp-example.com,+1-555-473-8585,crm_v2,cancelled,0
2005,EU,United States,66623.0,2023-04-21,794.23,1.0,user2005@corp-example.com,+1-555-741-8970,crm_v2,Active,0
2006,EU,US,73065.0,2024-11-16,"1,092.69",4.0,user2006@corp-example.com,+1-555-145-3661,crm_v2,active,0
2007,EU, US,49443.0,1900-01-01,429.57,,user2007@corp-example.com,+1-555-187-7158,crm_v2,cancelled,1
2008,NA,United States,54816.0,2024-08-18,"1,484.18",7.0,user2008@corp-example.com,+1-555-346-1713,crm_v2,Active,0
2009,NA,us,75501.0,2023-07-13,785.76,0.0,user2009@corp-example.com,+1-555-404-6005,crm_v2,cancelled,0
2010,NA,us,39616.0,2024-10-25,454.77,,user2010@corp-example.com,+1-555-679-3056,crm_v2,cancelled,1
2011,EU,us,66082.0,2024-10-03,"4,118.87",8.0,user2011@corp-example.com,+1-555-102-7654,crm_v2,active,0
2012,EU,US,61994.0,2024-03-25,424.02,0.0,user2012@corp-example.com,+1-555-634-6140,crm_v2,ACTIVE,0
2013,EU,IN,53322.0,2025-05-19,"1,724.11",6.0,user2013@corp-example.com,+1-555-677-5267,crm_v2,ACTIVE,0
2014,NA,DE,62008.0,2023-12-14,"1,300.56",3.0,user2014@corp-example.com,+1-555-308-3047,crm_v2,ACTIVE,0
2015,APAC, US,-999.0,2024-02-22,905.73,,user2015@corp-example.com,+1-555-774-7182,crm_v2,active,1
2016,NA,us,63981.0,2023-12-07,"3,111.68",0.0,user2016@corp-example.com,+1-555-767-5633,crm_v2,cancelled,0
2017,APAC,IN,42776.0,2023-07-13,783.64,,user2017@corp-example.com,+1-555-309-4895,crm_v2,cancelled,1
2018,EU,us,41895.0,2024-06-06,"1,513.11",3.0,user2018@corp-example.com,+1-555-707-5267,crm_v2,active,0
2019,EU,us,81259.0,2024-08-16,"1,864.54",9.0,user2019@corp-example.com,+1-555-381-4443,crm_v2,Active,0
2020,APAC, US,50354.0,2024-08-15,"2,221.70",0.0,user2020@corp-example.com,+1-555-936-1001,crm_v2,Active,0
2021,EU,us,29562.0,2024-07-01,678.06,10.0,user2021@corp-example.com,+1-555-804-9830,crm_v2,cancelled,0
2022,EU,United States,75020.0,2024-03-30,733.84,9.0,user2022@corp-example.com,+1-555-228-8840,crm_v2,active,0
2023,NA,DE,49308.0,2023-08-08,"1,032.55",1.0,user2023@corp-example.com,+1-555-950-6039,crm_v2,cancelled,0
2024,EU,US,8815.0,2023-02-09,"1,984.83",1.0,user2024@corp-example.com,+1-555-171-1327,crm_v2,ACTIVE,0
2025,NA,IN,59833.0,2024-04-29,635.80,5.0,user2025@corp-example.com,+1-555-719-5883,crm_v2,active,0
2026,NA, US,74339.0,2025-05-29,"1,638.69",7.0,user2026@corp-example.com,+1-555-532-8169,crm_v2,active,0
2027,NA,US,65863.0,2024-04-02,"2,284.60",7.0,user2027@corp-example.com,+1-555-668-7815,crm_v2,cancelled,0
2028,NA,US,86016.0,2023-07-31,559.97,5.0,user2028@corp-example.com,+1-555-747-1482,crm_v2,Active,0
2029,NA,IN,58837.0,2024-01-05,655.50,9.0,user2029@corp-example.com,+1-555-352-9145,crm_v2,Active,0
2030,EU, US,69505.0,2025-03-23,455.43,0.0,user2030@corp-example.com,+1-555-856-7518,crm_v2,ACTIVE,0
2031,NA,United States,45840.0,2023-12-02,768.72,6.0,user2031@corp-example.com,+1-555-330-7406,crm_v2,Active,0
2032,NA,US,-999.0,2023-12-20,"1,517.87",8.0,user2032@corp-example.com,+1-555-620-2513,crm_v2,active,0
2033,APAC,IN,83253.0,2025-04-10,"1,255.35",10.0,user2033@corp-example.com,+1-555-880-9041,crm_v2,Active,0
2034,NA,IN,68118.0,2023-10-08,"1,417.85",8.0,user2034@corp-example.com,+1-555-917-7700,crm_v2,Active,0
2035,EU,IN,63087.0,2024-08-17,"1,311.51",9.0,user2035@corp-example.com,+1-555-270-7224,crm_v2,Active,0
2036,NA,DE,31552.0,2024-10-22,"1,100.82",4.0,user2036@corp-example.com,+1-555-898-4725,crm_v2,cancelled,0
2037,NA, US,55135.0,2024-01-05,"2,073.60",7.0,user2037@corp-example.com,+1-555-746-9537,crm_v2,active,0
2038,NA,us,41692.0,2023-11-04,"1,409.06",10.0,user2038@corp-example.com,+1-555-415-9197,crm_v2,ACTIVE,0
2039,EU,IN,72152.0,2024-05-21,423.40,10.0,user2039@corp-example.com,+1-555-372-3330,crm_v2,active,0
2040,NA, US,49798.0,2024-06-03,109.03,7.0,user2040@corp-example.com,+1-555-579-2630,crm_v2,Active,0
2041,APAC,us,66027.0,2024-07-18,"1,534.07",3.0,user2041@corp-example.com,+1-555-901-7410,crm_v2,cancelled,0
2042,APAC,United States,45922.0,2024-01-30,"2,046.12",2.0,user2042@corp-example.com,+1-555-430-3415,crm_v2,Active,0
2043,EU, US,88521.0,2025-02-21,387.66,1.0,user2043@corp-example.com,+1-555-148-5475,crm_v2,cancelled,0
2044,NA,US,43397.0,2023-11-29,"1,656.71",9.0,user2044@corp-example.com,+1-555-922-1343,crm_v2,ACTIVE,0
2045,NA, US,62728.0,2024-02-10,"1,356.56",0.0,user2045@corp-example.com,+1-555-144-3522,crm_v2,ACTIVE,0
2046,NA,US,99491.0,2024-03-13,675.35,9.0,user2046@corp-example.com,+1-555-981-8605,crm_v2,Active,0
2047,NA,us,63872.0,2025-01-02,413.47,9.0,user2047@corp-example.com,+1-555-998-3458,crm_v2,Active,0
2048,APAC,IN,-999.0,2023-04-15,828.20,4.0,user2048@corp-example.com,+1-555-809-1017,crm_v2,ACTIVE,0
2049,NA, US,69773.0,2023-05-23,191.74,,user2049@corp-example.com,+1-555-369-5810,crm_v2,ACTIVE,1
2050,EU,us,-999.0,2025-06-11,677.87,3.0,user2050@corp-example.com,+1-555-745-4640,crm_v2,cancelled,0
2051,EU,DE,73557.0,2024-10-18,749.67,3.0,user2051@corp-example.com,+1-555-685-8918,crm_v2,ACTIVE,0
2052,NA,United States,31624.0,2024-09-17,"3,026.41",8.0,user2052@corp-example.com,+1-555-100-7993,crm_v2,active,0
2053,NA,US,63900.0,2024-09-23,"1,932.32",1.0,user2053@corp-example.com,+1-555-871-7288,crm_v2,active,0
2054,EU,US,29291.0,2024-10-08,343.92,2.0,user2054@corp-example.com,+1-555-293-9847,crm_v2,active,0
2055,EU, US,88744.0,2023-01-12,270.88,0.0,user2055@corp-example.com,+1-555-267-8938,crm_v2,ACTIVE,0
2056,NA, US,61765.0,2024-07-22,"2,758.04",7.0,user2056@corp-example.com,+1-555-860-1497,crm_v2,ACTIVE,0
2057,APAC,United States,53898.0,2024-08-02,"1,495.33",8.0,user2057@corp-example.com,+1-555-513-3396,crm_v2,Active,0
2058,NA,United States,70655.0,2024-06-28,652.81,1.0,user2058@corp-example.com,+1-555-933-5926,crm_v2,cancelled,0
2059,NA,us,67922.0,2023-03-08,795.45,9.0,user2059@corp-example.com,+1-555-947-4549,crm_v2,cancelled,0
2060,NA,United States,43193.0,2025-01-31,397.25,0.0,user2060@corp-example.com,+1-555-750-7253,crm_v2,Active,0
2061,EU,United States,84737.0,2025-03-29,"1,047.29",0.0,user2061@corp-example.com,+1-555-846-2031,crm_v2,ACTIVE,0
2062,NA,us,57126.0,2023-07-07,339.62,7.0,user2062@corp-example.com,+1-555-750-9801,crm_v2,ACTIVE,0
2063,NA,us,34709.0,2024-05-14,258.63,0.0,user2063@corp-example.com,+1-555-683-1526,crm_v2,cancelled,0
2064,EU,DE,-999.0,2024-02-06,309.30,3.0,user2064@corp-example.com,+1-555-809-3782,crm_v2,ACTIVE,0
2065,EU,United States,83412.0,2023-05-16,"1,052.68",1.0,user2065@corp-example.com,+1-555-162-6814,crm_v2,ACTIVE,0
2066,EU,DE,79300.0,1900-01-01,"2,223.09",9.0,user2066@corp-example.com,+1-555-104-6726,crm_v2,ACTIVE,0
2067,EU,United States,68847.0,2024-10-20,"1,745.17",6.0,user2067@corp-example.com,+1-555-655-5956,crm_v2,cancelled,0
2068,EU, US,47519.0,2025-06-07,552.72,2.0,user2068@corp-example.com,+1-555-959-5236,crm_v2,Active,0
2069,NA,DE,74611.0,2023-09-03,624.19,8.0,user2069@corp-example.com,+1-555-564-6873,crm_v2,cancelled,0
2070,EU,US,88274.0,2023-03-30,968.73,7.0,user2070@corp-example.com,+1-555-893-7800,crm_v2,Active,0
2071,NA,IN,72804.0,2031-05-01,"1,283.73",4.0,user2071@corp-example.com,+1-555-164-8126,crm_v2,ACTIVE,0
2072,NA,DE,84459.0,2024-04-25,"4,092.18",10.0,user2072@corp-example.com,+1-555-342-4519,crm_v2,ACTIVE,0
2073,NA,IN,49245.0,2024-05-20,632.47,0.0,user2073@corp-example.com,+1-555-916-5923,crm_v2,Active,0
2074,NA,US,75852.0,2023-05-18,313.80,5.0,user2074@corp-example.com,+1-555-514-9865,crm_v2,cancelled,0
2075,NA,United States,74637.0,1900-01-01,"2,538.57",7.0,user2075@corp-example.com,+1-555-191-3834,crm_v2,ACTIVE,0
2076,EU,United States,38648.0,2023-02-05,328.56,7.0,user2076@corp-example.com,+1-555-867-8771,crm_v2,cancelled,0
2077,EU,us,36626.0,2024-10-04,222.17,4.0,user2077@corp-example.com,+1-555-685-7987,crm_v2,ACTIVE,0
2078,NA,United States,50074.0,2024-12-06,659.54,9.0,user2078@corp-example.com,+1-555-438-3799,crm_v2,cancelled,0
2079,NA,us,61965.0,2024-12-23,"2,653.90",9.0,user2079@corp-example.com,+1-555-945-8935,crm_v2,active,0
2080,NA,United States,67483.0,2024-01-26,387.88,10.0,user2080@corp-example.com,+1-555-487-8475,crm_v2,cancelled,0
2081,EU,DE,57415.0,2024-10-01,333.81,3.0,user2081@corp-example.com,+1-555-684-6163,crm_v2,Active,0
2082,EU,IN,59798.0,2025-02-24,826.82,9.0,user2082@corp-example.com,+1-555-802-6853,crm_v2,Active,0
2083,APAC,DE,59091.0,2023-12-13,432.23,9.0,user2083@corp-example.com,+1-555-685-4420,crm_v2,Active,0
2084,NA, US,62075.0,2025-03-23,"1,283.43",,user2084@corp-example.com,+1-555-116-5559,crm_v2,Active,1
2085,APAC,DE,69448.0,2023-07-15,"3,382.87",,user2085@corp-example.com,+1-555-242-8091,crm_v2,ACTIVE,1
2086,APAC,United States,-999.0,1900-01-01,301.77,0.0,user2086@corp-example.com,+1-555-151-4538,crm_v2,cancelled,0
2087,NA,IN,59963.0,2023-11-02,"1,548.57",,user2087@corp-example.com,+1-555-570-5665,crm_v2,Active,1
2088,EU,DE,64629.0,2023-01-03,"2,348.75",2.0,user2088@corp-example.com,+1-555-618-4646,crm_v2,ACTIVE,0
2089,APAC,United States,54076.0,2025-01-19,277.73,5.0,user2089@corp-example.com,+1-555-319-4020,crm_v2,ACTIVE,0
2090,EU,United States,72622.0,2024-10-14,914.32,5.0,user2090@corp-example.com,+1-555-327-1169,crm_v2,active,0
2091,NA,IN,53286.0,2023-01-21,681.86,6.0,user2091@corp-example.com,+1-555-192-1161,crm_v2,active,0
2092,EU,IN,85186.0,2023-09-24,"1,245.64",4.0,user2092@corp-example.com,+1-555-296-7849,crm_v2,Active,0
2093,APAC,United States,60432.0,2023-03-11,294.74,9.0,user2093@corp-example.com,+1-555-409-7026,crm_v2,ACTIVE,0
2094,NA,US,64867.0,2024-01-11,270.21,10.0,user2094@corp-example.com,+1-555-769-4374,crm_v2,ACTIVE,0
2095,NA,United States,49483.0,2025-04-06,"1,603.66",8.0,user2095@corp-example.com,+1-555-833-1670,crm_v2,Active,0
2096,NA,United States,55661.0,2024-08-26,473.70,4.0,user2096@corp-example.com,+1-555-249-4006,crm_v2,ACTIVE,0
2097,APAC,IN,63243.0,2023-01-10,"1,694.47",10.0,user2097@corp-example.com,+1-555-355-9729,crm_v2,Active,0
2098,EU,DE,61076.0,2024-06-16,"1,417.70",,user2098@corp-example.com,+1-555-962-1928,crm_v2,cancelled,1
2099,NA,United States,51548.0,2024-05-14,"1,140.86",1.0,user2099@corp-example.com,+1-555-548-6481,crm_v2,active,0
2100,EU,us,43517.0,2023-10-21,"3,730.50",7.0,user2100@corp-example.com,+1-555-504-3310,crm_v2,ACTIVE,0
2101,EU,DE,61394.0,2025-03-17,"1,080.52",8.0,user2101@corp-example.com,+1-555-672-2884,crm_v2,ACTIVE,0
2102,NA,US,63088.0,2024-10-25,"1,694.50",3.0,user2102@corp-example.com,+1-555-599-6572,crm_v2,Active,0
2103,EU,IN,68971.0,2024-04-14,587.62,,user2103@corp-example.com,+1-555-404-9995,crm_v2,cancelled,1
2104,EU,us,79359.0,2023-04-19,"2,762.32",10.0,user2104@corp-example.com,+1-555-743-6075,crm_v2,active,0
2105,NA, US,56150.0,2024-10-31,774.31,3.0,user2105@corp-example.com,+1-555-954-2309,crm_v2,Active,0
2106,EU,United States,31101.0,2023-06-30,322.63,7.0,user2106@corp-example.com,+1-555-914-5835,crm_v2,ACTIVE,0
2107,APAC,DE,58672.0,2023-01-28,962.11,0.0,user2107@corp-example.com,+1-555-548-3150,crm_v2,ACTIVE,0
2108,EU,US,33318.0,2024-08-17,"2,531.40",1.0,user2108@corp-example.com,+1-555-157-3117,crm_v2,ACTIVE,0
2109,EU,us,41653.0,2024-10-26,"1,079.27",3.0,user2109@corp-example.com,+1-555-701-9242,crm_v2,active,0
2110,NA, US,-999.0,2023-05-07,"1,870.45",3.0,user2110@corp-example.com,+1-555-108-8640,crm_v2,ACTIVE,0
2111,NA, US,69248.0,2024-07-09,"2,081.63",10.0,user2111@corp-example.com,+1-555-566-6804,crm_v2,cancelled,0
2112,APAC, US,51209.0,2023-10-26,290.44,9.0,user2112@corp-example.com,+1-555-688-5820,crm_v2,ACTIVE,0
2113,EU,IN,51345.0,2024-07-23,311.36,0.0,user2113@corp-example.com,+1-555-377-2895,crm_v2,active,0
2114,APAC,United States,59485.0,2023-11-01,119.39,0.0,user2114@corp-example.com,+1-555-267-4065,crm_v2,active,0
2115,EU,IN,34655.0,1900-01-01,652.99,4.0,user2115@corp-example.com,+1-555-507-1548,crm_v2,Active,0
2116,EU,DE,67973.0,2025-04-19,578.54,0.0,user2116@corp-example.com,+1-555-916-2091,crm_v2,cancelled,0
2117,EU,IN,55615.0,2024-07-02,309.76,9.0,user2117@corp-example.com,+1-555-557-2512,crm_v2,Active,0
2118,EU,United States,88250.0,2023-12-27,352.78,3.0,user2118@corp-example.com,+1-555-792-2666,crm_v2,Active,0
2119,NA,DE,45022.0,2024-11-17,"2,497.22",6.0,user2119@corp-example.com,+1-555-598-9875,crm_v2,ACTIVE,0
2120,NA,United States,75782.0,2024-11-11,"1,255.53",0.0,user2120@corp-example.com,+1-555-257-6790,crm_v2,active,0
2121,NA,IN,50661.0,2025-01-29,648.70,5.0,user2121@corp-example.com,+1-555-475-5871,crm_v2,ACTIVE,0
2122,EU,us,76041.0,2024-06-18,355.60,2.0,user2122@corp-example.com,+1-555-256-2090,crm_v2,cancelled,0
2123,NA,IN,-999.0,2023-03-11,"2,218.75",0.0,user2123@corp-example.com,+1-555-773-2892,crm_v2,ACTIVE,0
2124,NA, US,71778.0,2024-07-15,661.15,4.0,user2124@corp-example.com,+1-555-878-6510,crm_v2,ACTIVE,0
2125,NA,United States,54264.0,2025-03-08,687.89,6.0,user2125@corp-example.com,+1-555-193-6887,crm_v2,active,0
2126,NA,us,-999.0,2023-02-12,"1,811.29",10.0,user2126@corp-example.com,+1-555-543-1509,crm_v2,ACTIVE,0
2127,APAC,us,58590.0,2024-10-03,499.56,4.0,user2127@corp-example.com,+1-555-519-5630,crm_v2,cancelled,0
2128,EU, US,67940.0,2023-03-25,314.15,,user2128@corp-example.com,+1-555-544-8908,crm_v2,active,1
2129,EU,US,66871.0,2024-05-05,769.33,10.0,user2129@corp-example.com,+1-555-433-7272,crm_v2,ACTIVE,0
2130,NA,IN,84397.0,2024-01-10,"1,815.15",1.0,user2130@corp-example.com,+1-555-367-5545,crm_v2,Active,0
2131,NA,DE,73100.0,2024-10-24,"1,223.09",8.0,user2131@corp-example.com,+1-555-628-1048,crm_v2,ACTIVE,0
2132,NA,United States,21487.0,2023-05-28,227.97,8.0,user2132@corp-example.com,+1-555-776-9169,crm_v2,cancelled,0
2133,APAC,DE,54858.0,2024-11-03,"1,237.22",2.0,user2133@corp-example.com,+1-555-492-8583,crm_v2,cancelled,0
2134,EU,DE,31092.0,2023-07-19,"1,549.08",1.0,user2134@corp-example.com,+1-555-426-9093,crm_v2,cancelled,0
2135,EU,DE,55106.0,2024-05-10,165.60,0.0,user2135@corp-example.com,+1-555-308-1085,crm_v2,cancelled,0
2136,NA, US,70154.0,2023-03-02,"3,305.65",7.0,user2136@corp-example.com,+1-555-380-4298,crm_v2,active,0
2137,NA,United States,40873.0,2025-02-12,971.05,10.0,user2137@corp-example.com,+1-555-306-6991,crm_v2,cancelled,0
2138,EU,US,43211.0,2023-06-15,"1,426.70",9.0,user2138@corp-example.com,+1-555-840-1836,crm_v2,Active,0
2139,NA,United States,62997.0,2025-02-25,"1,386.77",1.0,user2139@corp-example.com,+1-555-335-5575,crm_v2,ACTIVE,0
2140,NA,US,56538.0,2023-09-01,"1,559.03",7.0,user2140@corp-example.com,+1-555-630-2403,crm_v2,Active,0
2141,NA,DE,84496.0,2024-12-28,928.81,1.0,user2141@corp-example.com,+1-555-709-6584,crm_v2,active,0
2142,EU,DE,65663.0,2023-11-23,"1,971.05",7.0,user2142@corp-example.com,+1-555-780-1707,crm_v2,cancelled,0
2143,NA,United States,68801.0,2023-07-19,"1,310.38",2.0,user2143@corp-example.com,+1-555-691-8054,crm_v2,cancelled,0
2144,EU,us,86990.0,2023-08-07,942.11,6.0,user2144@corp-example.com,+1-555-183-2364,crm_v2,active,0
2145,NA,United States,53362.0,2023-12-15,"3,315.97",10.0,user2145@corp-example.com,+1-555-757-9502,crm_v2,cancelled,0
2146,EU,us,60831.0,2023-07-07,"1,103.49",4.0,user2146@corp-example.com,+1-555-226-9626,crm_v2,active,0
2147,NA,us,46024.0,2025-04-08,"1,520.91",,user2147@corp-example.com,+1-555-759-7261,crm_v2,Active,1
2148,NA,DE,64712.0,2024-04-28,"1,785.50",4.0,user2148@corp-example.com,+1-555-130-8412,crm_v2,cancelled,0
2149,APAC,United States,76325.0,2024-05-24,"2,933.17",5.0,user2149@corp-example.com,+1-555-970-5153,crm_v2,ACTIVE,0
2150,EU,US,81314.0,2023-04-09,827.10,3.0,user2150@corp-example.com,+1-555-717-2941,crm_v2,active,0
2151,EU,United States,60319.0,2023-06-02,"1,221.64",10.0,user2151@corp-example.com,+1-555-609-4853,crm_v2,Active,0
2152,NA,DE,50236.0,2025-05-28,"2,052.63",7.0,user2152@corp-example.com,+1-555-328-1778,crm_v2,cancelled,0
2153,APAC,United States,49414.0,2024-12-26,592.61,6.0,user2153@corp-example.com,+1-555-347-5847,crm_v2,ACTIVE,0
2154,NA, US,40019.0,2024-01-15,658.55,10.0,user2154@corp-example.com,+1-555-114-7578,crm_v2,ACTIVE,0
2155,APAC,us,62688.0,2023-06-08,"1,918.80",6.0,user2155@corp-example.com,+1-555-162-4300,crm_v2,ACTIVE,0
2156,APAC,US,-999.0,2023-02-02,668.16,5.0,user2156@corp-example.com,+1-555-645-6661,crm_v2,Active,0
2157,EU,US,-999.0,2025-05-17,"2,632.54",7.0,user2157@corp-example.com,+1-555-129-2278,crm_v2,active,0
2158,APAC,DE,-999.0,2023-10-28,906.25,10.0,user2158@corp-example.com,+1-555-405-4077,crm_v2,active,0
2159,EU,United States,81852.0,2024-08-17,203.04,7.0,user2159@corp-example.com,+1-555-932-7011,crm_v2,cancelled,0
2160,EU,DE,36807.0,2023-10-02,86.31,8.0,user2160@corp-example.com,+1-555-504-3956,crm_v2,active,0
2161,NA,US,65845.0,2025-05-03,428.03,2.0,user2161@corp-example.com,+1-555-906-7828,crm_v2,Active,0
2162,APAC,United States,-999.0,2023-11-11,"1,295.00",3.0,user2162@corp-example.com,+1-555-877-6343,crm_v2,cancelled,0
307,APAC,DE,72607.0,2023-10-09,489.28,1.0,user2163@corp-example.com,+1-555-716-8508,crm_v2,Active,0
2164,NA,us,72619.0,2023-11-04,"2,934.14",1.0,user2164@corp-example.com,+1-555-581-7763,crm_v2,ACTIVE,0
2165,NA,us,63441.0,1900-01-01,"1,048.32",4.0,user2165@corp-example.com,+1-555-709-6941,crm_v2,Active,0
2166,EU,United States,73272.0,2023-12-13,"2,679.06",8.0,user2166@corp-example.com,+1-555-987-7054,crm_v2,Active,0
2167,EU,DE,61678.0,2023-10-03,725.01,10.0,user2167@corp-example.com,+1-555-206-6888,crm_v2,ACTIVE,0
2168,NA,IN,-999.0,2025-04-20,"1,685.55",2.0,user2168@corp-example.com,+1-555-928-4977,crm_v2,cancelled,0
2169,APAC, US,88244.0,2023-03-10,"1,229.60",,user2169@corp-example.com,+1-555-576-3507,crm_v2,Active,1
2170,NA,us,-999.0,2024-08-01,495.14,,user2170@corp-example.com,+1-555-166-6751,crm_v2,Active,1
2171,APAC,IN,51090.0,2024-11-09,"1,137.38",8.0,user2171@corp-example.com,+1-555-120-8870,crm_v2,ACTIVE,0
2172,EU,United States,48924.0,2023-11-15,"2,109.05",2.0,user2172@corp-example.com,+1-555-511-4318,crm_v2,Active,0
2173,NA,us,57383.0,2025-04-18,594.61,8.0,user2173@corp-example.com,+1-555-570-9308,crm_v2,ACTIVE,0
2174,NA,US,57532.0,2023-02-22,"1,070.40",9.0,user2174@corp-example.com,+1-555-175-3911,crm_v2,Active,0
2175,NA,US,62039.0,2025-04-11,330.11,5.0,user2175@corp-example.com,+1-555-291-6699,crm_v2,ACTIVE,0
2260,NA,IN,51923.0,2025-05-13,"4,184.72",8.0,user2176@corp-example.com,+1-555-123-3821,crm_v2,Active,0
2177,EU,DE,70751.0,2023-05-01,"1,150.50",6.0,user2177@corp-example.com,+1-555-989-8914,crm_v2,active,0
2178,EU,DE,61550.0,2024-07-01,397.24,8.0,user2178@corp-example.com,+1-555-681-6326,crm_v2,active,0
2179,APAC,DE,66406.0,2024-05-15,979.82,0.0,user2179@corp-example.com,+1-555-480-3441,crm_v2,active,0
2180,NA,United States,61100.0,2023-11-11,"1,953.70",6.0,user2180@corp-example.com,+1-555-324-1498,crm_v2,active,0
2181,APAC, US,70213.0,1900-01-01,980.40,9.0,user2181@corp-example.com,+1-555-736-2200,crm_v2,cancelled,0
2182,NA,us,43081.0,2024-05-12,821.50,7.0,user2182@corp-example.com,+1-555-700-9675,crm_v2,ACTIVE,0
2183,APAC, US,84695.0,2023-10-10,407.36,9.0,user2183@corp-example.com,+1-555-291-9150,crm_v2,active,0
2184,APAC,DE,66212.0,2025-06-16,"1,473.78",10.0,user2184@corp-example.com,+1-555-204-6680,crm_v2,active,0
2185,NA,United States,67763.0,2024-10-19,"1,013.43",6.0,user2185@corp-example.com,+1-555-833-7557,crm_v2,Active,0
2186,APAC, US,70194.0,2024-02-03,"1,608.87",6.0,user2186@corp-example.com,+1-555-475-4280,crm_v2,cancelled,0
2187,EU,us,77253.0,2023-12-06,"1,585.69",6.0,user2187@corp-example.com,+1-555-173-6474,crm_v2,Active,0
2188,EU,DE,72082.0,1900-01-01,605.89,4.0,user2188@corp-example.com,+1-555-290-9847,crm_v2,cancelled,0
2189,APAC, US,64609.0,2025-02-18,347.37,,user2189@corp-example.com,+1-555-994-6615,crm_v2,ACTIVE,1
2190,EU,US,58342.0,2023-10-28,311.72,1.0,user2190@corp-example.com,+1-555-294-9423,crm_v2,active,0
2191,EU,United States,36424.0,2024-05-21,"2,034.19",8.0,user2191@corp-example.com,+1-555-926-3857,crm_v2,active,0
2192,NA,US,64286.0,2023-07-07,"1,146.09",10.0,user2192@corp-example.com,+1-555-367-1677,crm_v2,Active,0
2193,APAC,us,56398.0,2024-01-22,214.86,8.0,user2193@corp-example.com,+1-555-457-8269,crm_v2,cancelled,0
2194,APAC,us,56386.0,2024-02-20,"1,489.60",6.0,user2194@corp-example.com,+1-555-556-5205,crm_v2,active,0
2195,NA,US,97133.0,2024-03-26,681.53,6.0,user2195@corp-example.com,+1-555-399-9310,crm_v2,Active,0
2196,EU,United States,33224.0,2024-08-22,545.35,4.0,user2196@corp-example.com,+1-555-820-8550,crm_v2,ACTIVE,0
2197,NA,IN,61940.0,2024-01-08,597.23,9.0,user2197@corp-example.com,+1-555-786-7945,crm_v2,active,0
2198,NA,us,79283.0,2024-01-18,862.11,2.0,user2198@corp-example.com,+1-555-510-1360,crm_v2,Active,0
2199,NA,US,75521.0,2024-03-12,566.07,4.0,user2199@corp-example.com,+1-555-927-4320,crm_v2,cancelled,0
2200,EU,us,79707.0,2024-01-16,"1,185.71",8.0,user2200@corp-example.com,+1-555-796-9004,crm_v2,ACTIVE,0
2201,NA,IN,42117.0,2024-09-20,"1,261.89",5.0,user2201@corp-example.com,+1-555-583-6171,crm_v2,cancelled,0
2202,NA,DE,46722.0,2024-06-17,"1,314.95",6.0,user2202@corp-example.com,+1-555-550-2737,crm_v2,ACTIVE,0
2203,NA,IN,70418.0,2023-10-24,586.46,7.0,user2203@corp-example.com,+1-555-292-6967,crm_v2,cancelled,0
2204,NA,us,56704.0,2024-11-30,"1,270.76",,user2204@corp-example.com,+1-555-283-7285,crm_v2,Active,1
2205,EU, US,86814.0,2023-01-22,956.36,0.0,user2205@corp-example.com,+1-555-711-8419,crm_v2,ACTIVE,0
2206,NA,US,64582.0,2023-03-30,"1,026.40",8.0,user2206@corp-example.com,+1-555-402-3776,crm_v2,active,0
2207,NA,IN,64104.0,2024-09-04,286.73,,user2207@corp-example.com,+1-555-839-9312,crm_v2,cancelled,1
2208,EU,United States,67783.0,2023-09-12,570.67,8.0,user2208@corp-example.com,+1-555-342-2207,crm_v2,active,0
2209,NA,US,57106.0,2024-02-09,363.31,,user2209@corp-example.com,+1-555-712-9373,crm_v2,ACTIVE,1
2210,NA,DE,62975.0,2023-06-03,539.16,4.0,user2210@corp-example.com,+1-555-385-9598,crm_v2,ACTIVE,0
2211,APAC,United States,51078.0,2025-02-16,293.41,4.0,user2211@corp-example.com,+1-555-855-9822,crm_v2,Active,0
2212,APAC,US,60647.0,2025-05-01,"1,401.40",9.0,user2212@corp-example.com,+1-555-410-1097,crm_v2,cancelled,0
2213,APAC, US,53963.0,2023-01-21,"2,175.54",5.0,user2213@corp-example.com,+1-555-312-8197,crm_v2,active,0
2214,NA,United States,65059.0,1900-01-01,"1,139.42",10.0,user2214@corp-example.com,+1-555-614-3926,crm_v2,cancelled,0
2215,EU,us,39978.0,2024-11-20,"1,843.69",,user2215@corp-example.com,+1-555-792-4496,crm_v2,active,1
2216,NA,us,38857.0,2023-08-05,"1,017.76",7.0,user2216@corp-example.com,+1-555-332-8024,crm_v2,active,0
2217,NA,IN,68127.0,2023-09-29,501.48,,user2217@corp-example.com,+1-555-306-6548,crm_v2,cancelled,1
2218,NA,IN,64639.0,2023-02-04,327.48,2.0,user2218@corp-example.com,+1-555-707-2493,crm_v2,cancelled,0
2219,APAC,US,46792.0,2025-01-03,593.64,4.0,user2219@corp-example.com,+1-555-700-9178,crm_v2,cancelled,0
2220,APAC,US,57851.0,2025-03-18,811.71,2.0,user2220@corp-example.com,+1-555-189-2360,crm_v2,Active,0
2221,NA,IN,45528.0,2023-10-18,129.05,1.0,user2221@corp-example.com,+1-555-535-9206,crm_v2,cancelled,0
2222,NA,us,91859.0,2024-02-07,"1,567.03",4.0,user2222@corp-example.com,+1-555-741-9423,crm_v2,ACTIVE,0
2223,APAC,US,37828.0,2023-04-21,335.71,10.0,user2223@corp-example.com,+1-555-169-2171,crm_v2,cancelled,0
2224,APAC, US,86962.0,2025-06-01,"3,225.81",8.0,user2224@corp-example.com,+1-555-327-3093,crm_v2,active,0
2225,EU,DE,48930.0,2024-08-05,694.91,0.0,user2225@corp-example.com,+1-555-820-2860,crm_v2,Active,0
2226,NA, US,67595.0,2024-10-19,577.41,2.0,user2226@corp-example.com,+1-555-175-4548,crm_v2,cancelled,0
2227,EU,us,57346.0,2023-07-10,"3,631.04",9.0,user2227@corp-example.com,+1-555-729-7761,crm_v2,ACTIVE,0
2228,EU, US,55578.0,2025-01-03,"3,193.58",,user2228@corp-example.com,+1-555-733-1441,crm_v2,active,1
2229,NA,United States,75329.0,2024-12-19,726.82,,user2229@corp-example.com,+1-555-778-8109,crm_v2,cancelled,1
2230,NA, US,73529.0,2024-12-29,"1,526.41",9.0,user2230@corp-example.com,+1-555-350-1694,crm_v2,ACTIVE,0
2231,NA,IN,56960.0,2024-05-13,830.57,8.0,user2231@corp-example.com,+1-555-114-7305,crm_v2,Active,0
2232,NA,DE,47670.0,2024-03-27,"1,015.56",1.0,user2232@corp-example.com,+1-555-588-9156,crm_v2,active,0
2233,NA,DE,92391.0,2025-02-05,777.14,5.0,user2233@corp-example.com,+1-555-613-6784,crm_v2,cancelled,0
2234,NA,us,82365.0,2024-02-24,"1,554.31",0.0,user2234@corp-example.com,+1-555-223-3673,crm_v2,cancelled,0
2235,APAC,US,63431.0,2024-08-29,"1,008.62",8.0,user2235@corp-example.com,+1-555-609-2057,crm_v2,cancelled,0
2236,NA,IN,56861.0,2024-09-25,922.67,10.0,user2236@corp-example.com,+1-555-712-7034,crm_v2,ACTIVE,0
2237,EU,us,65714.0,2024-02-12,379.50,9.0,user2237@corp-example.com,+1-555-931-7139,crm_v2,cancelled,0
2238,EU,United States,62554.0,2025-05-05,424.05,2.0,user2238@corp-example.com,+1-555-808-8328,crm_v2,cancelled,0
2239,NA, US,79265.0,1900-01-01,308.23,4.0,user2239@corp-example.com,+1-555-524-6915,crm_v2,active,0
2240,EU,United States,46848.0,2023-11-08,821.69,8.0,user2240@corp-example.com,+1-555-797-8823,crm_v2,active,0
2241,NA,DE,61641.0,2023-02-20,934.73,6.0,user2241@corp-example.com,+1-555-270-4412,crm_v2,Active,0
2242,EU,US,49571.0,2023-09-27,"2,503.17",3.0,user2242@corp-example.com,+1-555-674-4751,crm_v2,Active,0
2243,EU,US,80932.0,2023-04-01,867.46,0.0,user2243@corp-example.com,+1-555-294-9030,crm_v2,active,0
2244,EU,DE,88378.0,2024-01-30,546.38,7.0,user2244@corp-example.com,+1-555-217-7932,crm_v2,Active,0
2245,NA,IN,59965.0,2023-08-14,775.30,8.0,user2245@corp-example.com,+1-555-551-9513,crm_v2,ACTIVE,0
2246,APAC,DE,-999.0,2024-02-11,"1,411.39",10.0,user2246@corp-example.com,+1-555-359-8558,crm_v2,Active,0
2247,APAC,IN,82432.0,2031-05-01,"1,423.88",8.0,user2247@corp-example.com,+1-555-456-1259,crm_v2,ACTIVE,0
2248,EU,US,56851.0,2023-10-12,"1,068.78",8.0,user2248@corp-example.com,+1-555-522-7075,crm_v2,active,0
2249,EU,IN,47342.0,2025-03-18,"2,964.61",6.0,user2249@corp-example.com,+1-555-279-2666,crm_v2,Active,0
2250,NA,us,76947.0,2025-04-09,"1,531.16",8.0,user2250@corp-example.com,+1-555-416-1752,crm_v2,active,0
2251,APAC,us,68945.0,2023-01-08,987.29,,user2251@corp-example.com,+1-555-840-4764,crm_v2,active,1
2252,EU,DE,58240.0,2025-05-14,480.98,7.0,user2252@corp-example.com,+1-555-597-4757,crm_v2,cancelled,0
2253,APAC,us,83263.0,1900-01-01,"3,880.30",7.0,user2253@corp-example.com,+1-555-713-9294,crm_v2,active,0
2254,NA,United States,64898.0,2025-04-05,"1,875.36",3.0,user2254@corp-example.com,+1-555-123-1857,crm_v2,ACTIVE,0
2255,APAC,DE,34654.0,2023-03-23,834.22,,user2255@corp-example.com,+1-555-183-2780,crm_v2,active,1
2256,NA,IN,66554.0,2023-12-26,"1,042.66",7.0,user2256@corp-example.com,+1-555-378-9923,crm_v2,active,0
2257,EU,United States,60470.0,2025-01-07,509.37,9.0,user2257@corp-example.com,+1-555-423-5298,crm_v2,active,0
1933,NA, US,89570.0,2024-06-29,"1,358.53",8.0,user2258@corp-example.com,+1-555-212-1855,crm_v2,ACTIVE,0
2259,NA,us,61115.0,2025-03-07,"1,526.21",1.0,user2259@corp-example.com,+1-555-764-6428,crm_v2,active,0
2260,EU,us,58270.0,2023-10-24,"3,120.09",3.0,user2260@corp-example.com,+1-555-134-6660,crm_v2,active,0
2261,NA,US,67919.0,2024-05-12,722.81,6.0,user2261@corp-example.com,+1-555-169-9162,crm_v2,ACTIVE,0
2262,NA, US,65043.0,2023-09-10,690.59,3.0,user2262@corp-example.com,+1-555-545-7623,crm_v2,ACTIVE,0
2263,NA,us,40250.0,2023-07-17,188.41,4.0,user2263@corp-example.com,+1-555-904-4906,crm_v2,ACTIVE,0
2264,APAC,United States,63165.0,2024-06-14,"1,527.49",,user2264@corp-example.com,+1-555-611-9892,crm_v2,cancelled,1
2265,NA,DE,56457.0,2025-01-13,"1,391.02",9.0,user2265@corp-example.com,+1-555-494-1343,crm_v2,Active,0
2266,NA,us,82441.0,2024-10-13,774.87,2.0,user2266@corp-example.com,+1-555-941-9531,crm_v2,active,0
2267,APAC,DE,97375.0,2023-10-26,845.75,,user2267@corp-example.com,+1-555-954-6261,crm_v2,active,1
2268,EU,IN,44613.0,1900-01-01,816.53,9.0,user2268@corp-example.com,+1-555-780-1932,crm_v2,ACTIVE,0
2269,EU, US,-999.0,2024-07-10,"1,406.19",4.0,user2269@corp-example.com,+1-555-279-9438,crm_v2,ACTIVE,0
2270,APAC,United States,48745.0,2024-01-17,"1,024.20",1.0,user2270@corp-example.com,+1-555-813-9527,crm_v2,Active,0
2271,NA,IN,51529.0,2024-12-16,"1,527.56",1.0,user2271@corp-example.com,+1-555-919-7823,crm_v2,Active,0
3452,EU,US,51026.0,2024-11-28,280.13,3.0,user2272@corp-example.com,+1-555-155-3542,crm_v2,active,0
2273,EU,United States,-999.0,2023-11-01,"1,162.60",9.0,user2273@corp-example.com,+1-555-968-2677,crm_v2,active,0
2274,EU,us,77720.0,1900-01-01,932.34,1.0,user2274@corp-example.com,+1-555-372-7159,crm_v2,ACTIVE,0
2275,EU,United States,41871.0,2023-07-12,"1,284.93",0.0,user2275@corp-example.com,+1-555-914-6742,crm_v2,active,0
2276,NA,us,38309.0,2025-02-20,"1,934.19",1.0,user2276@corp-example.com,+1-555-251-7080,crm_v2,Active,0
2277,NA, US,33752.0,1900-01-01,663.10,3.0,user2277@corp-example.com,+1-555-410-1696,crm_v2,Active,0
2278,EU,US,77966.0,2024-11-01,"1,192.43",6.0,user2278@corp-example.com,+1-555-473-5670,crm_v2,ACTIVE,0
2279,EU, US,81295.0,2025-04-06,679.39,0.0,user2279@corp-example.com,+1-555-317-4142,crm_v2,cancelled,0
2280,NA,DE,38374.0,2024-10-26,"1,621.77",,user2280@corp-example.com,+1-555-286-6213,crm_v2,cancelled,1
2281,NA, US,36926.0,2023-02-02,"1,010.17",5.0,user2281@corp-example.com,+1-555-246-7133,crm_v2,Active,0
2282,EU,us,63350.0,2024-09-04,680.98,3.0,user2282@corp-example.com,+1-555-254-4098,crm_v2,ACTIVE,0
2283,NA,DE,77790.0,2025-01-07,266.29,10.0,user2283@corp-example.com,+1-555-120-9788,crm_v2,active,0
2284,EU,US,76622.0,2024-08-06,"1,060.71",2.0,user2284@corp-example.com,+1-555-860-5351,crm_v2,Active,0
2285,NA, US,64305.0,2025-04-22,911.75,2.0,user2285@corp-example.com,+1-555-513-8158,crm_v2,Active,0
2286,APAC,us,71634.0,2023-05-10,574.52,9.0,user2286@corp-example.com,+1-555-239-8654,crm_v2,active,0
2287,NA,us,66313.0,2024-01-11,"1,327.98",3.0,user2287@corp-example.com,+1-555-730-9072,crm_v2,cancelled,0
2288,NA,IN,53090.0,1900-01-01,"1,451.37",9.0,user2288@corp-example.com,+1-555-932-2827,crm_v2,ACTIVE,0
2289,NA, US,90037.0,2023-05-02,329.73,9.0,user2289@corp-example.com,+1-555-575-4274,crm_v2,ACTIVE,0
4298,EU,IN,61391.0,2024-03-23,544.94,2.0,user2290@corp-example.com,+1-555-188-6799,crm_v2,Active,0
2291,EU,IN,44727.0,2024-09-11,"1,521.20",8.0,user2291@corp-example.com,+1-555-640-2741,crm_v2,ACTIVE,0
2292,NA,United States,54391.0,2024-08-10,"1,954.11",8.0,user2292@corp-example.com,+1-555-331-6734,crm_v2,active,0
2293,APAC,United States,38280.0,2023-06-26,687.11,3.0,user2293@corp-example.com,+1-555-690-6229,crm_v2,active,0
2294,EU,DE,-999.0,2023-02-02,"1,136.68",10.0,user2294@corp-example.com,+1-555-129-6421,crm_v2,cancelled,0
2295,NA,US,-999.0,2024-01-29,"1,234.30",9.0,user2295@corp-example.com,+1-555-615-3692,crm_v2,cancelled,0
2296,APAC,United States,42434.0,2024-06-16,"1,607.21",,user2296@corp-example.com,+1-555-892-6574,crm_v2,Active,1
2297,NA, US,78326.0,2023-10-25,606.45,2.0,user2297@corp-example.com,+1-555-630-8854,crm_v2,cancelled,0
2298,APAC,United States,92823.0,2023-07-24,"3,783.58",3.0,user2298@corp-example.com,+1-555-350-9149,crm_v2,ACTIVE,0
2434,NA, US,67095.0,2024-10-16,"2,165.24",10.0,user2299@corp-example.com,+1-555-909-5204,crm_v2,cancelled,0
2300,APAC,IN,44046.0,2024-11-01,"2,290.45",,user2300@corp-example.com,+1-555-634-4017,crm_v2,ACTIVE,1
2301,NA,US,48618.0,2024-11-04,"2,169.54",0.0,user2301@corp-example.com,+1-555-586-5477,crm_v2,cancelled,0
2302,EU,DE,56398.0,2023-06-10,516.21,1.0,user2302@corp-example.com,+1-555-319-9895,crm_v2,cancelled,0
2303,NA,IN,42186.0,2024-07-10,156.88,2.0,user2303@corp-example.com,+1-555-729-3731,crm_v2,cancelled,0
2304,NA,IN,42663.0,2024-10-12,324.77,,user2304@corp-example.com,+1-555-475-1581,crm_v2,cancelled,1
2305,EU,IN,57524.0,2024-04-02,"1,068.54",8.0,user2305@corp-example.com,+1-555-967-6659,crm_v2,ACTIVE,0
2306,NA,us,58714.0,2023-07-04,"1,445.87",7.0,user2306@corp-example.com,+1-555-203-6747,crm_v2,Active,0
2307,NA,US,70509.0,2024-10-28,"1,578.61",9.0,user2307@corp-example.com,+1-555-112-3595,crm_v2,cancelled,0
2308,NA,us,43418.0,2024-07-10,714.91,10.0,user2308@corp-example.com,+1-555-799-7251,crm_v2,active,0
2309,EU,United States,89517.0,2023-06-12,134.47,8.0,user2309@corp-example.com,+1-555-781-9278,crm_v2,ACTIVE,0
2310,NA,US,77350.0,2024-05-17,971.48,7.0,user2310@corp-example.com,+1-555-765-4244,crm_v2,ACTIVE,0
2311,NA,us,74788.0,2023-07-02,505.10,10.0,user2311@corp-example.com,+1-555-224-2018,crm_v2,Active,0
2312,NA,US,51653.0,2025-04-27,"2,748.93",9.0,user2312@corp-example.com,+1-555-122-3178,crm_v2,Active,0
2313,NA,us,87527.0,2023-06-05,850.47,6.0,user2313@corp-example.com,+1-555-580-3706,crm_v2,active,0
2314,APAC,United States,56276.0,2023-12-31,233.68,,user2314@corp-example.com,+1-555-175-7014,crm_v2,cancelled,1
2315,EU,us,88672.0,2023-06-22,716.56,3.0,user2315@corp-example.com,+1-555-409-6789,crm_v2,ACTIVE,0
2316,EU,United States,77502.0,2025-04-10,"2,265.38",,user2316@corp-example.com,+1-555-222-7051,crm_v2,active,1
2317,EU,US,47966.0,1900-01-01,"2,361.59",4.0,user2317@corp-example.com,+1-555-317-8884,crm_v2,Active,0
2318,APAC,DE,54608.0,2023-09-26,"1,901.51",6.0,user2318@corp-example.com,+1-555-933-9827,crm_v2,cancelled,0
2319,NA,DE,89506.0,2023-05-09,389.11,0.0,user2319@corp-example.com,+1-555-329-8338,crm_v2,active,0
2320,NA,United States,76457.0,2025-05-17,"1,215.74",5.0,user2320@corp-example.com,+1-555-616-6273,crm_v2,cancelled,0
2321,NA, US,59096.0,2025-04-14,711.99,0.0,user2321@corp-example.com,+1-555-730-7187,crm_v2,cancelled,0
2322,NA,IN,64491.0,2025-01-07,402.62,9.0,user2322@corp-example.com,+1-555-819-8406,crm_v2,Active,0
2323,NA,DE,64408.0,2023-03-05,602.04,9.0,user2323@corp-example.com,+1-555-312-3059,crm_v2,Active,0
2324,APAC,us,49828.0,2025-01-13,56.82,10.0,user2324@corp-example.com,+1-555-127-6253,crm_v2,ACTIVE,0
2325,EU,DE,58424.0,2025-04-19,163.04,3.0,user2325@corp-example.com,+1-555-985-7765,crm_v2,ACTIVE,0
2326,NA,IN,51523.0,2024-06-06,"2,406.96",0.0,user2326@corp-example.com,+1-555-925-8113,crm_v2,active,0
2327,NA,United States,-999.0,2024-12-15,795.20,0.0,user2327@corp-example.com,+1-555-648-3405,crm_v2,active,0
2328,EU, US,68435.0,2025-02-23,106.90,10.0,user2328@corp-example.com,+1-555-301-4739,crm_v2,ACTIVE,0
2329,EU, US,47055.0,2024-05-13,"2,046.62",9.0,user2329@corp-example.com,+1-555-752-6570,crm_v2,ACTIVE,0
2330,NA,us,72336.0,2023-01-18,139.58,6.0,user2330@corp-example.com,+1-555-825-5713,crm_v2,active,0
2331,APAC,US,63079.0,2024-04-18,"1,433.48",1.0,user2331@corp-example.com,+1-555-338-9694,crm_v2,cancelled,0
2332,APAC,US,72882.0,2023-10-31,"1,136.56",0.0,user2332@corp-example.com,+1-555-580-4198,crm_v2,cancelled,0
2333,APAC,United States,74785.0,2024-12-18,"1,103.04",,user2333@corp-example.com,+1-555-791-1232,crm_v2,cancelled,1
2334,APAC,United States,80149.0,1900-01-01,"2,011.47",9.0,user2334@corp-example.com,+1-555-966-3606,crm_v2,cancelled,0
2335,EU,DE,70866.0,2023-10-23,"4,994.74",4.0,user2335@corp-example.com,+1-555-747-6028,crm_v2,active,0
2336,NA,IN,72052.0,2025-02-03,"3,980.72",7.0,user2336@corp-example.com,+1-555-600-5544,crm_v2,active,0
2337,EU,DE,-999.0,2025-01-02,"2,422.64",2.0,user2337@corp-example.com,+1-555-648-3127,crm_v2,cancelled,0
2338,NA,us,-999.0,2023-11-06,"1,412.39",9.0,user2338@corp-example.com,+1-555-200-8818,crm_v2,cancelled,0
2339,EU,US,47900.0,2024-01-24,892.93,,user2339@corp-example.com,+1-555-246-8885,crm_v2,Active,1
2340,NA, US,57730.0,2025-01-10,"1,870.05",7.0,user2340@corp-example.com,+1-555-325-9508,crm_v2,active,0
2341,NA,US,72682.0,2024-12-23,259.08,6.0,user2341@corp-example.com,+1-555-874-9525,crm_v2,active,0
2342,EU,United States,60647.0,2024-08-24,"1,489.69",6.0,user2342@corp-example.com,+1-555-476-3702,crm_v2,active,0
2343,NA,IN,68128.0,2024-04-09,370.90,5.0,user2343@corp-example.com,+1-555-990-7283,crm_v2,active,0
2344,EU,DE,45554.0,2023-06-23,472.53,6.0,user2344@corp-example.com,+1-555-107-5867,crm_v2,active,0
2345,EU,United States,81981.0,2025-05-28,"2,106.12",4.0,user2345@corp-example.com,+1-555-615-8715,crm_v2,ACTIVE,0
2346,APAC,DE,52758.0,2024-04-25,862.63,8.0,user2346@corp-example.com,+1-555-529-1684,crm_v2,cancelled,0
2347,EU,US,67372.0,2024-07-07,211.75,,user2347@corp-example.com,+1-555-297-1551,crm_v2,active,1
2348,APAC, US,61084.0,2024-04-05,"1,264.27",1.0,user2348@corp-example.com,+1-555-344-2766,crm_v2,cancelled,0
2349,EU,DE,75444.0,2024-08-01,568.39,10.0,user2349@corp-example.com,+1-555-932-6168,crm_v2,ACTIVE,0
2350,APAC,IN,-999.0,2024-10-14,"1,135.00",,user2350@corp-example.com,+1-555-964-7555,crm_v2,cancelled,1
2351,APAC,US,46395.0,2023-07-30,631.10,7.0,user2351@corp-example.com,+1-555-510-6832,crm_v2,active,0
2352,NA,US,-999.0,2023-03-01,"3,106.36",2.0,user2352@corp-example.com,+1-555-917-8434,crm_v2,cancelled,0
2353,NA,United States,56818.0,2025-06-17,733.83,2.0,user2353@corp-example.com,+1-555-330-7802,crm_v2,ACTIVE,0
2354,NA,DE,43475.0,2023-03-18,"1,738.28",6.0,user2354@corp-example.com,+1-555-784-3896,crm_v2,active,0
2355,NA,United States,69462.0,2023-02-27,289.06,0.0,user2355@corp-example.com,+1-555-773-3515,crm_v2,cancelled,0
2356,NA,US,83096.0,2023-05-09,253.71,9.0,user2356@corp-example.com,+1-555-888-7424,crm_v2,Active,0
2357,APAC,DE,27969.0,2023-01-24,"1,219.33",2.0,user2357@corp-example.com,+1-555-435-2125,crm_v2,ACTIVE,0
2358,NA,United States,42035.0,2023-02-07,"3,268.13",5.0,user2358@corp-example.com,+1-555-626-7642,crm_v2,Active,0
2359,NA,US,66070.0,2023-11-16,"1,508.65",2.0,user2359@corp-example.com,+1-555-269-2463,crm_v2,ACTIVE,0
2360,EU,US,79986.0,2023-09-11,774.35,,user2360@corp-example.com,+1-555-316-6434,crm_v2,active,1
2361,NA,IN,-999.0,2025-06-02,400.87,7.0,user2361@corp-example.com,+1-555-164-9425,crm_v2,Active,0
2362,NA,IN,66297.0,2024-06-23,256.87,5.0,user2362@corp-example.com,+1-555-596-7343,crm_v2,cancelled,0
2363,APAC,IN,69031.0,2023-08-23,361.47,9.0,user2363@corp-example.com,+1-555-297-7090,crm_v2,active,0
2364,EU,us,70074.0,2024-04-18,470.58,6.0,user2364@corp-example.com,+1-555-541-9707,crm_v2,Active,0
2365,NA,IN,86147.0,2023-03-04,686.95,10.0,user2365@corp-example.com,+1-555-628-6157,crm_v2,Active,0
2366,NA,United States,70636.0,2025-03-25,810.77,2.0,user2366@corp-example.com,+1-555-527-8715,crm_v2,active,0
2367,NA,DE,42754.0,2023-10-16,"1,116.51",3.0,user2367@corp-example.com,+1-555-837-6117,crm_v2,Active,0
2368,APAC,United States,54312.0,2024-02-01,720.56,0.0,user2368@corp-example.com,+1-555-548-8641,crm_v2,active,0
2369,EU,us,64578.0,2024-11-19,564.31,0.0,user2369@corp-example.com,+1-555-528-7332,crm_v2,ACTIVE,0
2370,NA, US,49208.0,2023-06-25,"2,196.30",1.0,user2370@corp-example.com,+1-555-319-3811,crm_v2,cancelled,0
2371,EU,IN,57493.0,2024-12-12,734.99,4.0,user2371@corp-example.com,+1-555-959-3478,crm_v2,active,0
2372,NA,IN,53507.0,2023-04-23,332.73,5.0,user2372@corp-example.com,+1-555-132-9173,crm_v2,Active,0
2373,EU,United States,50867.0,2023-03-12,567.63,9.0,user2373@corp-example.com,+1-555-292-8402,crm_v2,ACTIVE,0
2374,NA,United States,71866.0,2023-04-15,"1,538.22",7.0,user2374@corp-example.com,+1-555-109-9035,crm_v2,Active,0
2375,NA,DE,-999.0,2024-01-10,582.83,7.0,user2375@corp-example.com,+1-555-267-3872,crm_v2,active,0
2376,NA,IN,44968.0,2023-03-08,"1,250.22",3.0,user2376@corp-example.com,+1-555-428-2091,crm_v2,cancelled,0
2377,NA,United States,-999.0,2024-01-21,"3,611.12",,user2377@corp-example.com,+1-555-684-3447,crm_v2,Active,1
2378,APAC,us,61983.0,2023-06-25,"1,828.37",1.0,user2378@corp-example.com,+1-555-133-5860,crm_v2,ACTIVE,0
2379,APAC,us,93236.0,2023-06-05,"1,849.13",6.0,user2379@corp-example.com,+1-555-683-2792,crm_v2,Active,0
2380,EU,IN,65313.0,2024-08-14,409.51,6.0,user2380@corp-example.com,+1-555-405-8375,crm_v2,cancelled,0
2381,EU,IN,83780.0,2023-05-14,"1,181.54",2.0,user2381@corp-example.com,+1-555-844-1398,crm_v2,active,0
2382,NA,us,68870.0,1900-01-01,"2,377.15",3.0,user2382@corp-example.com,+1-555-667-8494,crm_v2,cancelled,0
2383,NA,United States,29027.0,2023-10-16,560.89,8.0,user2383@corp-example.com,+1-555-166-5108,crm_v2,active,0
2677,APAC, US,67125.0,2025-01-21,"1,074.44",,user2384@corp-example.com,+1-555-420-6548,crm_v2,Active,1
2385,APAC,us,48571.0,2023-12-12,992.48,9.0,user2385@corp-example.com,+1-555-916-6553,crm_v2,active,0
2386,NA,United States,40999.0,2024-07-28,"1,393.89",,user2386@corp-example.com,+1-555-795-5014,crm_v2,cancelled,1
2387,EU, US,45167.0,2024-06-29,"1,032.01",8.0,user2387@corp-example.com,+1-555-377-8830,crm_v2,active,0
2388,APAC,IN,88381.0,2023-07-19,"1,008.83",6.0,user2388@corp-example.com,+1-555-905-3574,crm_v2,active,0
2389,APAC,US,37605.0,2024-08-11,"1,136.03",,user2389@corp-example.com,+1-555-481-7458,crm_v2,active,1
2390,NA,DE,52061.0,2023-04-17,"1,439.37",1.0,user2390@corp-example.com,+1-555-568-9537,crm_v2,active,0
2391,EU, US,-999.0,2024-07-05,373.27,,user2391@corp-example.com,+1-555-407-2751,crm_v2,cancelled,1
2392,NA,IN,71438.0,2023-02-27,"1,801.50",6.0,user2392@corp-example.com,+1-555-272-4113,crm_v2,Active,0
2393,NA,IN,35597.0,2024-01-16,"1,773.18",2.0,user2393@corp-example.com,+1-555-447-5129,crm_v2,cancelled,0
2394,NA,United States,59729.0,2023-10-24,904.15,0.0,user2394@corp-example.com,+1-555-675-5419,crm_v2,cancelled,0
2395,NA, US,53615.0,2023-06-06,"1,182.89",2.0,user2395@corp-example.com,+1-555-167-7461,crm_v2,cancelled,0
2396,NA,DE,-999.0,2024-12-16,"1,863.75",3.0,user2396@corp-example.com,+1-555-546-7484,crm_v2,ACTIVE,0
2397,EU, US,72747.0,2023-04-11,"2,246.21",0.0,user2397@corp-example.com,+1-555-470-5028,crm_v2,ACTIVE,0
2398,EU, US,-999.0,2024-06-10,550.05,5.0,user2398@corp-example.com,+1-555-424-9536,crm_v2,ACTIVE,0
2399,APAC,DE,-999.0,2023-05-04,"1,123.55",6.0,user2399@corp-example.com,+1-555-672-5288,crm_v2,cancelled,0
2400,NA,US,83429.0,2023-11-07,310.62,3.0,user2400@corp-example.com,+1-555-110-7067,crm_v2,cancelled,0
2401,NA,US,33566.0,2024-10-22,"1,952.11",2.0,user2401@corp-example.com,+1-555-493-1988,crm_v2,ACTIVE,0
2402,EU,us,55767.0,2023-07-02,"1,681.83",,user2402@corp-example.com,+1-555-737-4552,crm_v2,ACTIVE,1
2403,APAC,US,68482.0,2023-06-22,747.35,1.0,user2403@corp-example.com,+1-555-693-2076,crm_v2,Active,0
2404,NA,US,42569.0,2024-05-23,"1,109.93",4.0,user2404@corp-example.com,+1-555-398-6403,crm_v2,cancelled,0
772,NA,DE,51862.0,2024-03-02,351.13,3.0,user2405@corp-example.com,+1-555-367-3746,crm_v2,cancelled,0
2406,EU,US,41535.0,2024-08-26,"1,460.40",4.0,user2406@corp-example.com,+1-555-268-1643,crm_v2,Active,0
2407,APAC,US,-999.0,2023-08-10,932.60,5.0,user2407@corp-example.com,+1-555-195-8726,crm_v2,Active,0
2408,APAC,US,51967.0,2023-07-11,797.05,6.0,user2408@corp-example.com,+1-555-240-2567,crm_v2,ACTIVE,0
2409,APAC,United States,73264.0,2023-08-27,"2,294.00",6.0,user2409@corp-example.com,+1-555-841-1325,crm_v2,Active,0
2410,NA,us,76801.0,2023-03-31,"2,223.44",9.0,user2410@corp-example.com,+1-555-176-4280,crm_v2,cancelled,0
2411,NA,DE,62075.0,2024-11-01,929.20,10.0,user2411@corp-example.com,+1-555-651-4418,crm_v2,ACTIVE,0
2412,APAC,United States,55637.0,2023-01-08,609.51,5.0,user2412@corp-example.com,+1-555-590-4236,crm_v2,active,0
2413,EU,United States,-999.0,2024-12-10,898.01,4.0,user2413@corp-example.com,+1-555-769-3810,crm_v2,Active,0
2414,APAC,us,62241.0,2031-05-01,"1,792.42",2.0,user2414@corp-example.com,+1-555-138-7455,crm_v2,active,0
2415,NA,US,42979.0,2024-04-28,834.83,6.0,user2415@corp-example.com,+1-555-633-8455,crm_v2,Active,0
2416,NA,IN,77558.0,2024-09-26,238.62,5.0,user2416@corp-example.com,+1-555-958-2735,crm_v2,Active,0
2417,NA,us,64777.0,2024-07-16,871.59,1.0,user2417@corp-example.com,+1-555-201-1148,crm_v2,Active,0
2418,APAC, US,73282.0,2024-05-28,"1,005.97",8.0,user2418@corp-example.com,+1-555-744-1350,crm_v2,cancelled,0
2419,APAC,United States,40784.0,2024-07-25,"1,673.21",2.0,user2419@corp-example.com,+1-555-811-4952,crm_v2,active,0
2420,NA,United States,74610.0,2024-12-03,"1,417.07",6.0,user2420@corp-example.com,+1-555-544-8123,crm_v2,active,0
2421,APAC,IN,93199.0,2024-12-19,"1,804.37",,user2421@corp-example.com,+1-555-539-8948,crm_v2,ACTIVE,1
2422,NA,us,70667.0,2023-12-24,892.59,6.0,user2422@corp-example.com,+1-555-283-8123,crm_v2,active,0
628,NA,United States,-999.0,2023-01-02,772.75,5.0,user2423@corp-example.com,+1-555-403-4897,crm_v2,ACTIVE,0
2424,EU,United States,61911.0,2024-09-18,"1,330.53",8.0,user2424@corp-example.com,+1-555-275-4611,crm_v2,ACTIVE,0
2425,NA,DE,60459.0,2023-08-30,"1,159.94",9.0,user2425@corp-example.com,+1-555-789-7824,crm_v2,cancelled,0
2426,NA,IN,64646.0,2024-12-06,"1,526.97",7.0,user2426@corp-example.com,+1-555-306-6447,crm_v2,cancelled,0
2427,NA,United States,-999.0,2024-12-15,983.28,2.0,user2427@corp-example.com,+1-555-969-4847,crm_v2,cancelled,0
2428,NA,DE,68841.0,2024-11-02,773.45,,user2428@corp-example.com,+1-555-279-2915,crm_v2,Active,1
2429,EU,us,54314.0,2025-06-18,"1,012.17",8.0,user2429@corp-example.com,+1-555-305-3631,crm_v2,ACTIVE,0
2430,NA,us,64815.0,2024-11-23,823.42,,user2430@corp-example.com,+1-555-936-3445,crm_v2,cancelled,1
2431,EU,United States,50923.0,2024-09-22,"1,584.02",3.0,user2431@corp-example.com,+1-555-712-2921,crm_v2,cancelled,0
2432,NA, US,62831.0,2025-02-03,614.00,3.0,user2432@corp-example.com,+1-555-110-2109,crm_v2,active,0
2433,NA,US,76389.0,2025-01-11,291.21,,user2433@corp-example.com,+1-555-807-7952,crm_v2,active,1
2434,EU, US,53908.0,2025-02-28,"2,683.92",4.0,user2434@corp-example.com,+1-555-488-9554,crm_v2,Active,0
2435,NA, US,71418.0,2023-06-16,446.27,0.0,user2435@corp-example.com,+1-555-721-2202,crm_v2,active,0
2436,NA,DE,47906.0,2024-05-29,165.00,0.0,user2436@corp-example.com,+1-555-520-6041,crm_v2,Active,0
2437,EU,DE,55695.0,2023-02-03,116.94,7.0,user2437@corp-example.com,+1-555-537-2662,crm_v2,Active,0
2438,EU,United States,57744.0,2024-05-18,133.02,6.0,user2438@corp-example.com,+1-555-610-5147,crm_v2,cancelled,0
2439,APAC,us,80180.0,2025-04-24,702.55,3.0,user2439@corp-example.com,+1-555-387-9597,crm_v2,ACTIVE,0
2440,EU,United States,49723.0,2025-05-12,"1,311.11",10.0,user2440@corp-example.com,+1-555-212-4843,crm_v2,ACTIVE,0
2441,NA,United States,79749.0,2023-08-07,"2,338.84",9.0,user2441@corp-example.com,+1-555-929-7476,crm_v2,cancelled,0
806,APAC,US,39137.0,2025-02-13,"1,589.18",9.0,user2442@corp-example.com,+1-555-553-7419,crm_v2,cancelled,0
2443,EU,DE,-999.0,2023-09-06,"1,011.48",7.0,user2443@corp-example.com,+1-555-644-9465,crm_v2,active,0
2444,EU, US,75121.0,2024-09-26,413.57,4.0,user2444@corp-example.com,+1-555-576-6370,crm_v2,active,0
2445,NA,US,71829.0,2024-07-25,577.65,7.0,user2445@corp-example.com,+1-555-346-1337,crm_v2,ACTIVE,0
2446,NA, US,46016.0,2024-03-14,775.15,4.0,user2446@corp-example.com,+1-555-383-6356,crm_v2,Active,0
2447,EU,IN,42778.0,2024-04-09,"1,377.33",9.0,user2447@corp-example.com,+1-555-151-2545,crm_v2,active,0
2448,EU,us,74582.0,2023-02-20,"1,283.29",5.0,user2448@corp-example.com,+1-555-285-2543,crm_v2,active,0
2449,APAC,us,42190.0,2025-01-29,"1,661.77",,user2449@corp-example.com,+1-555-515-1369,crm_v2,cancelled,1
2450,NA,IN,70071.0,2024-07-30,"1,513.45",9.0,user2450@corp-example.com,+1-555-137-5351,crm_v2,Active,0
2451,APAC,IN,53398.0,2023-08-05,636.45,7.0,user2451@corp-example.com,+1-555-742-9019,crm_v2,active,0
2452,EU, US,61118.0,2023-11-27,709.86,4.0,user2452@corp-example.com,+1-555-751-2177,crm_v2,cancelled,0
2453,EU, US,96354.0,2023-06-08,"1,837.45",7.0,user2453@corp-example.com,+1-555-895-5252,crm_v2,ACTIVE,0
2454,APAC,us,84767.0,2023-01-01,423.53,4.0,user2454@corp-example.com,+1-555-378-8189,crm_v2,Active,0
2455,NA,United States,74005.0,1900-01-01,575.82,2.0,user2455@corp-example.com,+1-555-104-6469,crm_v2,active,0
2456,APAC,US,40413.0,2023-06-26,"2,341.97",5.0,user2456@corp-example.com,+1-555-889-4608,crm_v2,cancelled,0
2457,APAC,IN,66122.0,2024-12-13,671.67,6.0,user2457@corp-example.com,+1-555-836-7532,crm_v2,active,0
2458,APAC,US,62078.0,2025-03-23,850.42,1.0,user2458@corp-example.com,+1-555-747-6053,crm_v2,cancelled,0
2459,NA,DE,59747.0,2024-08-11,"2,059.67",0.0,user2459@corp-example.com,+1-555-553-6650,crm_v2,cancelled,0
2460,EU,IN,81527.0,2023-05-20,463.73,5.0,user2460@corp-example.com,+1-555-653-5205,crm_v2,active,0
2461,NA, US,35212.0,2024-09-02,283.98,5.0,user2461@corp-example.com,+1-555-975-6489,crm_v2,Active,0
2462,EU,United States,66082.0,2023-10-13,"2,901.94",4.0,user2462@corp-example.com,+1-555-515-9123,crm_v2,ACTIVE,0
2463,APAC,us,63174.0,2023-08-29,675.54,0.0,user2463@corp-example.com,+1-555-356-4495,crm_v2,ACTIVE,0
2464,NA,United States,49872.0,2023-04-04,"1,183.00",1.0,user2464@corp-example.com,+1-555-825-6280,crm_v2,cancelled,0
2465,EU,United States,-999.0,2023-06-28,535.60,3.0,user2465@corp-example.com,+1-555-238-5739,crm_v2,active,0
2466,EU,DE,42033.0,2023-09-24,"1,655.36",3.0,user2466@corp-example.com,+1-555-210-1628,crm_v2,ACTIVE,0
2467,NA,United States,61669.0,2024-10-17,"1,277.93",1.0,user2467@corp-example.com,+1-555-682-7300,crm_v2,Active,0
2468,APAC,United States,62457.0,2023-10-14,251.94,7.0,user2468@corp-example.com,+1-555-589-4374,crm_v2,ACTIVE,0
2469,NA,US,27998.0,2024-12-22,"1,367.27",6.0,user2469@corp-example.com,+1-555-655-8425,crm_v2,Active,0
2470,NA,US,-999.0,2023-01-18,"1,004.93",4.0,user2470@corp-example.com,+1-555-339-8192,crm_v2,Active,0
2471,NA, US,46528.0,2023-09-17,229.70,3.0,user2471@corp-example.com,+1-555-960-5304,crm_v2,ACTIVE,0
2472,EU,us,73184.0,2024-05-25,653.33,4.0,user2472@corp-example.com,+1-555-419-1650,crm_v2,cancelled,0
2473,NA,IN,75576.0,2023-10-11,"1,421.74",,user2473@corp-example.com,+1-555-321-1543,crm_v2,ACTIVE,1
2474,EU,DE,70247.0,2023-01-24,660.04,7.0,user2474@corp-example.com,+1-555-760-7629,crm_v2,active,0
2475,NA,United States,64870.0,2024-12-14,747.27,0.0,user2475@corp-example.com,+1-555-966-7586,crm_v2,ACTIVE,0
2476,EU,DE,-999.0,2024-02-11,"1,248.26",0.0,user2476@corp-example.com,+1-555-905-1628,crm_v2,ACTIVE,0
2477,NA,us,64497.0,2024-12-24,"1,786.01",10.0,user2477@corp-example.com,+1-555-330-6086,crm_v2,ACTIVE,0
2478,APAC,DE,53422.0,2025-05-09,"2,420.42",7.0,user2478@corp-example.com,+1-555-601-9157,crm_v2,active,0
2479,EU,United States,78989.0,2023-06-04,322.59,7.0,user2479@corp-example.com,+1-555-390-4700,crm_v2,Active,0
2480,EU,DE,81642.0,2024-09-04,891.83,,user2480@corp-example.com,+1-555-714-5422,crm_v2,active,1
2481,NA, US,95171.0,2023-08-24,260.02,3.0,user2481@corp-example.com,+1-555-206-5695,crm_v2,active,0
2482,NA,DE,71972.0,2023-03-03,425.56,8.0,user2482@corp-example.com,+1-555-436-6087,crm_v2,Active,0
2483,APAC,IN,73584.0,2024-11-13,828.28,,user2483@corp-example.com,+1-555-237-1396,crm_v2,ACTIVE,1
2484,APAC, US,45546.0,2023-07-26,"1,024.12",,user2484@corp-example.com,+1-555-213-8569,crm_v2,cancelled,1
2485,EU, US,62404.0,2024-09-28,885.18,7.0,user2485@corp-example.com,+1-555-331-6909,crm_v2,ACTIVE,0
2486,APAC,DE,42438.0,2031-05-01,"3,468.83",0.0,user2486@corp-example.com,+1-555-116-5307,crm_v2,Active,0
2487,EU,US,74814.0,2023-12-10,"1,172.69",8.0,user2487@corp-example.com,+1-555-300-3678,crm_v2,Active,0
2488,EU,United States,43055.0,2025-03-08,"2,392.81",9.0,user2488@corp-example.com,+1-555-153-4566,crm_v2,Active,0
2489,NA,US,57932.0,2024-12-20,994.77,10.0,user2489@corp-example.com,+1-555-773-9852,crm_v2,Active,0
2490,NA,United States,48719.0,2023-07-22,"1,982.93",2.0,user2490@corp-example.com,+1-555-211-4638,crm_v2,Active,0
2491,NA,us,54055.0,2024-09-13,461.63,1.0,user2491@corp-example.com,+1-555-504-4073,crm_v2,ACTIVE,0
2492,NA,US,-999.0,2025-04-13,"1,390.23",9.0,user2492@corp-example.com,+1-555-136-5773,crm_v2,Active,0
2493,NA,IN,52603.0,2024-01-28,356.38,3.0,user2493@corp-example.com,+1-555-568-3946,crm_v2,Active,0
2494,EU,us,64514.0,2023-03-09,834.09,4.0,user2494@corp-example.com,+1-555-354-4064,crm_v2,cancelled,0
2495,NA, US,45919.0,2024-03-22,785.53,5.0,user2495@corp-example.com,+1-555-442-2002,crm_v2,cancelled,0
2496,NA,United States,-999.0,2025-03-27,561.94,6.0,user2496@corp-example.com,+1-555-193-8490,crm_v2,ACTIVE,0
2497,NA, US,51366.0,2023-07-08,"1,453.73",4.0,user2497@corp-example.com,+1-555-994-7060,crm_v2,active,0
2498,EU,United States,76543.0,2023-01-10,"3,679.93",7.0,user2498@corp-example.com,+1-555-401-1516,crm_v2,ACTIVE,0
2499,APAC,IN,-999.0,2024-01-01,"1,144.03",5.0,user2499@corp-example.com,+1-555-679-7076,crm_v2,ACTIVE,0
2500,EU,US,24100.0,2023-03-23,233.34,9.0,user2500@corp-example.com,+1-555-854-7358,crm_v2,Active,0
2501,EU,us,46064.0,2023-04-12,540.70,4.0,user2501@corp-example.com,+1-555-865-6814,crm_v2,ACTIVE,0
2502,EU, US,58011.0,2025-01-03,804.24,8.0,user2502@corp-example.com,+1-555-731-9066,crm_v2,cancelled,0
2503,NA,United States,78939.0,2024-04-09,999.67,6.0,user2503@corp-example.com,+1-555-965-6449,crm_v2,ACTIVE,0
2504,NA,United States,53767.0,2024-11-07,656.93,3.0,user2504@corp-example.com,+1-555-644-1003,crm_v2,Active,0
2505,APAC,IN,66904.0,2023-03-07,419.21,,user2505@corp-example.com,+1-555-266-7496,crm_v2,cancelled,1
2506,APAC,US,50025.0,2023-07-26,"1,171.00",1.0,user2506@corp-example.com,+1-555-904-2688,crm_v2,Active,0
2507,NA,IN,69693.0,2023-01-09,935.72,6.0,user2507@corp-example.com,+1-555-746-6445,crm_v2,cancelled,0
2508,NA,US,42654.0,2023-10-24,"2,791.62",3.0,user2508@corp-example.com,+1-555-332-7370,crm_v2,cancelled,0
2509,APAC,US,73859.0,2025-05-16,653.41,7.0,user2509@corp-example.com,+1-555-420-4484,crm_v2,active,0
2510,APAC, US,15572.0,2023-03-10,"1,247.96",,user2510@corp-example.com,+1-555-439-7312,crm_v2,active,1
2511,EU, US,32322.0,2023-05-04,484.21,3.0,user2511@corp-example.com,+1-555-581-9784,crm_v2,ACTIVE,0
2512,APAC,IN,88826.0,2024-11-01,778.96,1.0,user2512@corp-example.com,+1-555-629-2176,crm_v2,Active,0
2513,EU,us,63737.0,2023-10-15,"2,629.86",4.0,user2513@corp-example.com,+1-555-410-8421,crm_v2,cancelled,0
2514,APAC, US,47460.0,2023-03-20,"1,084.98",7.0,user2514@corp-example.com,+1-555-983-7565,crm_v2,cancelled,0
2515,NA,DE,94690.0,2025-03-05,"1,619.81",2.0,user2515@corp-example.com,+1-555-539-7861,crm_v2,Active,0
2516,NA,United States,77120.0,2023-10-20,519.42,5.0,user2516@corp-example.com,+1-555-562-8068,crm_v2,ACTIVE,0
2517,EU,us,78311.0,2023-03-16,"1,597.12",2.0,user2517@corp-example.com,+1-555-281-6010,crm_v2,active,0
2518,NA,US,54656.0,2025-04-24,716.91,7.0,user2518@corp-example.com,+1-555-876-4806,crm_v2,Active,0
2519,EU,us,70576.0,2024-06-02,818.37,,user2519@corp-example.com,+1-555-660-1054,crm_v2,cancelled,1
2520,NA, US,68828.0,2023-11-07,"2,479.67",10.0,user2520@corp-example.com,+1-555-969-8404,crm_v2,cancelled,0
2521,EU,us,35790.0,2024-03-25,"1,005.90",9.0,user2521@corp-example.com,+1-555-240-6617,crm_v2,Active,0
2522,APAC,United States,70144.0,2024-01-26,"2,736.20",4.0,user2522@corp-example.com,+1-555-730-7896,crm_v2,Active,0
2523,NA,US,58266.0,2024-06-12,"2,545.84",7.0,user2523@corp-example.com,+1-555-700-7390,crm_v2,ACTIVE,0
2524,APAC,US,80725.0,2024-09-25,"1,051.71",1.0,user2524@corp-example.com,+1-555-222-7996,crm_v2,ACTIVE,0
2525,EU,DE,81027.0,2024-08-12,619.58,3.0,user2525@corp-example.com,+1-555-265-4961,crm_v2,Active,0
2526,EU,DE,51256.0,2023-11-28,525.72,0.0,user2526@corp-example.com,+1-555-767-3420,crm_v2,active,0
2527,NA,us,51848.0,2024-03-23,"1,930.09",7.0,user2527@corp-example.com,+1-555-314-2130,crm_v2,active,0
2528,NA, US,63998.0,2031-05-01,"2,296.63",2.0,user2528@corp-example.com,+1-555-840-2984,crm_v2,active,0
2529,EU, US,71080.0,2031-05-01,361.07,,user2529@corp-example.com,+1-555-980-9693,crm_v2,Active,1
2530,APAC,US,54782.0,1900-01-01,"1,481.96",4.0,user2530@corp-example.com,+1-555-689-8307,crm_v2,active,0
2531,EU,us,59316.0,2024-07-31,853.77,3.0,user2531@corp-example.com,+1-555-449-3414,crm_v2,cancelled,0
2532,APAC,us,70402.0,2024-05-19,500.41,10.0,user2532@corp-example.com,+1-555-438-3444,crm_v2,cancelled,0
2533,NA, US,67528.0,2023-05-21,"2,238.83",7.0,user2533@corp-example.com,+1-555-591-1134,crm_v2,Active,0
2534,APAC,DE,78844.0,2024-07-09,"2,561.87",8.0,user2534@corp-example.com,+1-555-601-5498,crm_v2,active,0
2535,APAC,us,64705.0,2024-06-05,352.96,0.0,user2535@corp-example.com,+1-555-771-6379,crm_v2,Active,0
2536,EU,United States,47481.0,2023-07-03,"1,220.82",5.0,user2536@corp-example.com,+1-555-347-5757,crm_v2,cancelled,0
2537,NA, US,34054.0,2023-02-16,258.24,3.0,user2537@corp-example.com,+1-555-500-7485,crm_v2,active,0
2538,EU,United States,-999.0,2024-10-27,"2,441.19",1.0,user2538@corp-example.com,+1-555-655-7575,crm_v2,ACTIVE,0
2539,NA,DE,55937.0,2023-08-24,"3,890.56",2.0,user2539@corp-example.com,+1-555-720-9471,crm_v2,Active,0
2540,EU,United States,55714.0,2031-05-01,469.00,5.0,user2540@corp-example.com,+1-555-285-8937,crm_v2,ACTIVE,0
2541,EU,us,56601.0,2025-03-23,"1,445.63",4.0,user2541@corp-example.com,+1-555-453-8834,crm_v2,ACTIVE,0
2542,EU,IN,36948.0,2024-10-02,"1,040.31",5.0,user2542@corp-example.com,+1-555-428-8826,crm_v2,ACTIVE,0
2543,NA,DE,55045.0,2023-02-20,593.75,5.0,user2543@corp-example.com,+1-555-691-5864,crm_v2,Active,0
2544,NA,United States,21147.0,2024-02-02,706.83,3.0,user2544@corp-example.com,+1-555-762-1404,crm_v2,Active,0
2545,NA, US,54858.0,2023-11-05,519.02,4.0,user2545@corp-example.com,+1-555-118-6661,crm_v2,active,0
2546,APAC,us,47297.0,2024-02-22,337.84,10.0,user2546@corp-example.com,+1-555-781-4787,crm_v2,Active,0
2547,NA,US,89206.0,2023-03-03,"2,464.03",5.0,user2547@corp-example.com,+1-555-775-1542,crm_v2,active,0
2548,NA, US,67878.0,2023-09-15,203.15,6.0,user2548@corp-example.com,+1-555-164-2356,crm_v2,active,0
2549,NA,US,57740.0,2025-03-15,"1,436.16",10.0,user2549@corp-example.com,+1-555-250-3481,crm_v2,Active,0
2550,EU, US,63508.0,2024-10-06,962.08,2.0,user2550@corp-example.com,+1-555-258-2563,crm_v2,active,0
2551,EU,IN,72206.0,2023-02-20,"3,628.39",9.0,user2551@corp-example.com,+1-555-134-4501,crm_v2,cancelled,0
2552,APAC,IN,49398.0,2024-08-26,507.73,0.0,user2552@corp-example.com,+1-555-180-9881,crm_v2,Active,0
2553,APAC,US,57478.0,2024-05-22,"2,168.34",,user2553@corp-example.com,+1-555-888-3871,crm_v2,cancelled,1
2554,APAC,United States,-999.0,2023-01-22,"1,471.22",3.0,user2554@corp-example.com,+1-555-974-1409,crm_v2,cancelled,0
2555,APAC,us,99165.0,2024-02-20,845.24,2.0,user2555@corp-example.com,+1-555-546-5583,crm_v2,Active,0
2556,NA,us,62121.0,2023-09-21,"1,246.68",8.0,user2556@corp-example.com,+1-555-310-1800,crm_v2,active,0
2557,NA,IN,30789.0,2025-03-04,899.89,9.0,user2557@corp-example.com,+1-555-414-2382,crm_v2,Active,0
2558,APAC,US,73244.0,2023-11-13,363.03,3.0,user2558@corp-example.com,+1-555-285-2272,crm_v2,Active,0
2559,NA,US,100754.0,2023-02-13,729.89,0.0,user2559@corp-example.com,+1-555-573-9649,crm_v2,Active,0
2560,EU,US,46291.0,2025-05-21,915.93,7.0,user2560@corp-example.com,+1-555-910-3983,crm_v2,Active,0
2561,NA,us,114494.0,2023-01-14,187.90,,user2561@corp-example.com,+1-555-533-3888,crm_v2,Active,1
2562,APAC,us,60025.0,2024-10-06,388.33,0.0,user2562@corp-example.com,+1-555-592-8865,crm_v2,cancelled,0
2563,NA,us,76381.0,2025-01-12,"1,422.12",4.0,user2563@corp-example.com,+1-555-116-1454,crm_v2,Active,0
2564,NA,us,52307.0,2025-03-18,893.86,2.0,user2564@corp-example.com,+1-555-475-6926,crm_v2,cancelled,0
2565,NA,IN,56831.0,2023-06-15,316.47,1.0,user2565@corp-example.com,+1-555-994-4474,crm_v2,ACTIVE,0
2566,APAC,DE,42024.0,2023-07-30,"1,110.97",8.0,user2566@corp-example.com,+1-555-184-9806,crm_v2,cancelled,0
2567,EU,US,-999.0,2031-05-01,"1,599.51",5.0,user2567@corp-example.com,+1-555-172-4045,crm_v2,active,0
2568,EU,US,27963.0,2024-04-29,"1,051.79",6.0,user2568@corp-example.com,+1-555-503-1976,crm_v2,cancelled,0
2569,NA,IN,-999.0,2025-03-30,"1,536.27",2.0,user2569@corp-example.com,+1-555-816-5279,crm_v2,Active,0
2570,NA,DE,43272.0,2025-03-10,"1,368.93",5.0,user2570@corp-example.com,+1-555-405-4623,crm_v2,cancelled,0
2571,APAC,US,66675.0,2023-10-14,"2,460.36",3.0,user2571@corp-example.com,+1-555-596-6241,crm_v2,Active,0
2572,EU,US,-999.0,2025-01-30,971.05,3.0,user2572@corp-example.com,+1-555-842-3392,crm_v2,cancelled,0
2573,EU,United States,50952.0,2023-07-11,"1,921.49",1.0,user2573@corp-example.com,+1-555-173-3864,crm_v2,cancelled,0
2574,APAC,US,61694.0,2023-09-11,563.97,9.0,user2574@corp-example.com,+1-555-523-9779,crm_v2,ACTIVE,0
2575,EU,DE,59493.0,2025-01-13,497.15,,user2575@corp-example.com,+1-555-406-9633,crm_v2,ACTIVE,1
2576,NA,IN,53309.0,2025-03-08,750.92,,user2576@corp-example.com,+1-555-104-8630,crm_v2,Active,1
2577,EU,United States,61712.0,2024-12-23,797.35,1.0,user2577@corp-example.com,+1-555-215-8611,crm_v2,ACTIVE,0
2578,NA,IN,61725.0,2025-05-11,106.16,8.0,user2578@corp-example.com,+1-555-324-4868,crm_v2,cancelled,0
2579,EU,United States,45196.0,2025-06-13,72.82,3.0,user2579@corp-example.com,+1-555-506-9546,crm_v2,Active,0
2580,NA,IN,40932.0,2025-04-03,816.15,8.0,user2580@corp-example.com,+1-555-371-1925,crm_v2,active,0
2581,EU, US,47832.0,2024-12-14,"1,509.74",,user2581@corp-example.com,+1-555-302-5179,crm_v2,Active,1
2582,APAC,us,62799.0,2024-05-11,"1,654.90",9.0,user2582@corp-example.com,+1-555-842-5100,crm_v2,Active,0
2583,APAC,us,82282.0,2024-06-23,"2,704.48",2.0,user2583@corp-example.com,+1-555-313-1859,crm_v2,active,0
2584,NA,US,83629.0,2023-08-04,"1,508.70",2.0,user2584@corp-example.com,+1-555-268-8726,crm_v2,ACTIVE,0
2585,APAC,IN,65771.0,2023-07-07,"1,090.12",,user2585@corp-example.com,+1-555-377-4692,crm_v2,active,1
2586,APAC,US,75550.0,2024-01-03,"2,615.51",0.0,user2586@corp-example.com,+1-555-124-4287,crm_v2,Active,0
2587,EU, US,62814.0,2024-11-08,342.75,,user2587@corp-example.com,+1-555-122-3003,crm_v2,ACTIVE,1
2588,EU,us,77987.0,2024-09-30,"2,113.90",,user2588@corp-example.com,+1-555-290-7042,crm_v2,cancelled,1
2589,APAC,United States,62886.0,2024-05-13,"1,219.51",7.0,user2589@corp-example.com,+1-555-127-5429,crm_v2,active,0
2590,NA,DE,66981.0,2024-05-30,"1,109.71",2.0,user2590@corp-example.com,+1-555-480-9638,crm_v2,ACTIVE,0
2591,NA,United States,56503.0,2024-01-15,307.26,9.0,user2591@corp-example.com,+1-555-700-6779,crm_v2,cancelled,0
2592,NA,US,60808.0,2023-08-28,"1,155.38",,user2592@corp-example.com,+1-555-252-9083,crm_v2,Active,1
2593,EU,IN,90259.0,2024-06-10,552.77,,user2593@corp-example.com,+1-555-406-4784,crm_v2,active,1
2594,NA,IN,42347.0,2024-10-22,807.32,0.0,user2594@corp-example.com,+1-555-931-4817,crm_v2,ACTIVE,0
2595,NA,us,-999.0,2023-05-20,828.26,8.0,user2595@corp-example.com,+1-555-241-1263,crm_v2,ACTIVE,0
2596,NA,United States,51735.0,2024-06-11,"2,341.69",,user2596@corp-example.com,+1-555-339-1511,crm_v2,active,1
2597,NA,US,75745.0,2025-04-20,747.40,5.0,user2597@corp-example.com,+1-555-846-2667,crm_v2,ACTIVE,0
2598,NA,United States,88987.0,1900-01-01,801.58,8.0,user2598@corp-example.com,+1-555-101-4642,crm_v2,ACTIVE,0
2599,NA,IN,56050.0,2023-12-02,812.85,,user2599@corp-example.com,+1-555-790-6427,crm_v2,active,1
2600,EU,IN,17934.0,2023-10-28,"1,613.61",,user2600@corp-example.com,+1-555-269-7183,crm_v2,Active,1
2601,NA,United States,70403.0,2025-04-17,990.13,5.0,user2601@corp-example.com,+1-555-579-2991,crm_v2,active,0
2602,NA, US,70412.0,2025-02-16,"2,759.40",10.0,user2602@corp-example.com,+1-555-718-7728,crm_v2,ACTIVE,0
2603,APAC,United States,34762.0,2024-12-02,260.97,8.0,user2603@corp-example.com,+1-555-345-6570,crm_v2,cancelled,0
2604,EU,United States,57113.0,2025-03-06,"1,773.38",0.0,user2604@corp-example.com,+1-555-771-4791,crm_v2,Active,0
2605,APAC,United States,-999.0,2024-08-06,672.24,1.0,user2605@corp-example.com,+1-555-150-3872,crm_v2,active,0
2606,EU,IN,24998.0,2023-04-05,"1,628.18",10.0,user2606@corp-example.com,+1-555-688-1643,crm_v2,active,0
2607,APAC,DE,71318.0,2023-09-11,658.74,8.0,user2607@corp-example.com,+1-555-928-3337,crm_v2,Active,0
2608,NA,DE,67670.0,2025-03-19,165.07,4.0,user2608@corp-example.com,+1-555-663-3148,crm_v2,cancelled,0
2609,NA,IN,64553.0,2024-09-21,189.41,8.0,user2609@corp-example.com,+1-555-635-3490,crm_v2,ACTIVE,0
2610,APAC,US,44384.0,2025-06-08,"2,094.99",5.0,user2610@corp-example.com,+1-555-374-3088,crm_v2,cancelled,0
2611,NA,DE,49786.0,2023-11-27,623.37,9.0,user2611@corp-example.com,+1-555-561-1906,crm_v2,cancelled,0
2612,APAC,us,51001.0,2024-11-27,229.79,0.0,user2612@corp-example.com,+1-555-678-2979,crm_v2,cancelled,0
2613,NA,US,68261.0,2025-04-06,589.48,,user2613@corp-example.com,+1-555-111-2758,crm_v2,ACTIVE,1
2614,NA,US,45547.0,2023-07-29,"2,140.90",,user2614@corp-example.com,+1-555-590-4912,crm_v2,ACTIVE,1
2615,APAC,IN,83552.0,2023-11-21,"1,506.38",0.0,user2615@corp-example.com,+1-555-268-5549,crm_v2,active,0
2616,NA,United States,66688.0,2023-01-07,768.24,6.0,user2616@corp-example.com,+1-555-671-1243,crm_v2,Active,0
2617,EU,US,26963.0,2025-02-11,881.40,,user2617@corp-example.com,+1-555-191-1836,crm_v2,active,1
2618,APAC,United States,86973.0,2023-11-07,"1,001.51",2.0,user2618@corp-example.com,+1-555-513-1900,crm_v2,cancelled,0
2619,NA,IN,63262.0,2023-02-12,336.33,4.0,user2619@corp-example.com,+1-555-902-7569,crm_v2,Active,0
2620,APAC,IN,52242.0,2024-03-29,803.89,0.0,user2620@corp-example.com,+1-555-567-2998,crm_v2,cancelled,0
2621,NA,US,62381.0,2024-12-27,732.43,2.0,user2621@corp-example.com,+1-555-892-1773,crm_v2,ACTIVE,0
2622,NA,us,32389.0,1900-01-01,"2,208.82",4.0,user2622@corp-example.com,+1-555-923-7163,crm_v2,active,0
2623,NA,DE,63736.0,2024-03-26,674.75,10.0,user2623@corp-example.com,+1-555-849-1956,crm_v2,cancelled,0
2624,EU,us,22526.0,2025-03-16,"1,338.23",1.0,user2624@corp-example.com,+1-555-900-3606,crm_v2,Active,0
2625,NA,United States,-999.0,2024-06-24,615.39,,user2625@corp-example.com,+1-555-477-6326,crm_v2,active,1
2626,APAC,United States,81849.0,2024-03-31,"1,842.33",3.0,user2626@corp-example.com,+1-555-137-7717,crm_v2,active,0
2627,NA,US,80405.0,2024-07-12,800.67,0.0,user2627@corp-example.com,+1-555-133-9712,crm_v2,Active,0
2628,NA,us,55440.0,2023-01-06,867.33,7.0,user2628@corp-example.com,+1-555-806-1241,crm_v2,cancelled,0
2629,NA,DE,45698.0,2025-06-03,608.14,2.0,user2629@corp-example.com,+1-555-119-9091,crm_v2,active,0
2630,EU,DE,75271.0,2024-05-22,705.65,3.0,user2630@corp-example.com,+1-555-586-5815,crm_v2,ACTIVE,0
2631,EU,United States,59959.0,2024-07-12,"1,156.00",9.0,user2631@corp-example.com,+1-555-483-2625,crm_v2,Active,0
2632,NA,DE,64037.0,2023-06-22,716.22,10.0,user2632@corp-example.com,+1-555-835-7941,crm_v2,ACTIVE,0
2633,EU,US,70494.0,2025-05-02,"1,658.36",0.0,user2633@corp-example.com,+1-555-239-9198,crm_v2,ACTIVE,0
2634,EU,us,-999.0,2023-02-20,791.12,5.0,user2634@corp-example.com,+1-555-649-6317,crm_v2,ACTIVE,0
2635,NA,IN,-999.0,2024-09-28,919.76,9.0,user2635@corp-example.com,+1-555-244-3266,crm_v2,Active,0
2636,NA,US,27747.0,2024-06-07,371.25,9.0,user2636@corp-example.com,+1-555-943-6791,crm_v2,active,0
2637,APAC,United States,83518.0,2024-02-09,"1,658.02",4.0,user2637@corp-example.com,+1-555-267-4162,crm_v2,cancelled,0
2638,NA,United States,36221.0,2024-09-28,"1,161.63",,user2638@corp-example.com,+1-555-348-2147,crm_v2,active,1
2639,APAC, US,50904.0,2025-04-08,"1,340.55",5.0,user2639@corp-example.com,+1-555-183-9805,crm_v2,Active,0
2640,NA, US,-999.0,2024-07-22,"2,852.88",8.0,user2640@corp-example.com,+1-555-855-7467,crm_v2,cancelled,0
2641,NA,IN,72048.0,2024-11-11,"1,146.30",,user2641@corp-example.com,+1-555-591-4896,crm_v2,ACTIVE,1
2642,NA,IN,72321.0,2024-07-14,701.96,1.0,user2642@corp-example.com,+1-555-475-5944,crm_v2,ACTIVE,0
2643,NA,us,66280.0,2024-09-20,607.92,2.0,user2643@corp-example.com,+1-555-476-8192,crm_v2,ACTIVE,0
2644,NA,United States,69137.0,2024-04-14,"2,032.83",4.0,user2644@corp-example.com,+1-555-732-9317,crm_v2,Active,0
2645,NA,us,67977.0,2025-04-06,"1,339.88",,user2645@corp-example.com,+1-555-876-3985,crm_v2,ACTIVE,1
2646,NA,US,59521.0,1900-01-01,"1,202.55",3.0,user2646@corp-example.com,+1-555-600-7260,crm_v2,cancelled,0
2647,EU,IN,30813.0,2023-06-21,"1,404.38",6.0,user2647@corp-example.com,+1-555-334-1612,crm_v2,ACTIVE,0
2648,NA,United States,24638.0,2023-04-26,478.33,5.0,user2648@corp-example.com,+1-555-987-8995,crm_v2,cancelled,0
2649,NA,US,24701.0,2023-06-12,525.70,10.0,user2649@corp-example.com,+1-555-118-5313,crm_v2,ACTIVE,0
2860,NA,us,59882.0,2024-07-15,836.31,6.0,user2650@corp-example.com,+1-555-972-1658,crm_v2,Active,0
2651,APAC,DE,57066.0,2024-06-27,"2,126.84",,user2651@corp-example.com,+1-555-398-4588,crm_v2,active,1
2652,NA,DE,-999.0,2023-01-10,720.56,2.0,user2652@corp-example.com,+1-555-685-5660,crm_v2,ACTIVE,0
2653,EU,us,64124.0,2023-11-11,442.12,5.0,user2653@corp-example.com,+1-555-721-6069,crm_v2,cancelled,0
2654,NA,us,56929.0,2024-09-23,470.23,2.0,user2654@corp-example.com,+1-555-420-3000,crm_v2,ACTIVE,0
2655,EU,DE,44982.0,2023-05-21,962.33,8.0,user2655@corp-example.com,+1-555-204-4967,crm_v2,Active,0
2656,NA,IN,37106.0,2024-09-18,346.69,7.0,user2656@corp-example.com,+1-555-613-4918,crm_v2,ACTIVE,0
2657,NA, US,30920.0,2023-09-01,"1,179.93",,user2657@corp-example.com,+1-555-362-1969,crm_v2,cancelled,1
2658,EU,IN,79598.0,2024-05-31,126.89,2.0,user2658@corp-example.com,+1-555-187-7142,crm_v2,active,0
2659,APAC,United States,74772.0,2023-02-06,"3,417.79",,user2659@corp-example.com,+1-555-233-7432,crm_v2,ACTIVE,1
2660,NA,IN,39396.0,2024-04-20,262.33,3.0,user2660@corp-example.com,+1-555-309-1552,crm_v2,active,0
2661,NA,United States,56279.0,2025-01-19,490.23,8.0,user2661@corp-example.com,+1-555-414-9072,crm_v2,cancelled,0
2662,NA,United States,67458.0,2023-05-21,385.39,7.0,user2662@corp-example.com,+1-555-650-2413,crm_v2,active,0
2663,APAC, US,85505.0,2023-04-20,653.26,8.0,user2663@corp-example.com,+1-555-500-8963,crm_v2,ACTIVE,0
2664,NA,IN,51127.0,2024-08-31,"1,055.78",9.0,user2664@corp-example.com,+1-555-650-5105,crm_v2,ACTIVE,0
2665,NA,United States,63280.0,2023-01-25,"1,309.27",9.0,user2665@corp-example.com,+1-555-840-4337,crm_v2,cancelled,0
2666,EU,US,78654.0,2024-12-16,435.98,10.0,user2666@corp-example.com,+1-555-589-9667,crm_v2,ACTIVE,0
2667,APAC,United States,33339.0,2024-05-13,"1,125.02",10.0,user2667@corp-example.com,+1-555-731-4664,crm_v2,ACTIVE,0
2668,EU,us,-999.0,2023-05-10,"1,350.34",10.0,user2668@corp-example.com,+1-555-927-9693,crm_v2,Active,0
2669,NA,US,59909.0,2023-08-26,"1,222.99",1.0,user2669@corp-example.com,+1-555-918-6602,crm_v2,active,0
2670,NA,US,49232.0,2025-06-16,"1,650.95",4.0,user2670@corp-example.com,+1-555-292-6247,crm_v2,ACTIVE,0
2671,NA,IN,93608.0,2023-05-16,811.67,1.0,user2671@corp-example.com,+1-555-761-9594,crm_v2,Active,0
2672,NA,US,74103.0,2023-05-29,"1,777.59",,user2672@corp-example.com,+1-555-497-7614,crm_v2,ACTIVE,1
2673,APAC,DE,63585.0,2024-04-12,119.61,8.0,user2673@corp-example.com,+1-555-751-7113,crm_v2,cancelled,0
2674,NA,DE,45459.0,2025-01-27,"3,098.08",8.0,user2674@corp-example.com,+1-555-453-9097,crm_v2,active,0
2675,NA,us,74078.0,1900-01-01,"1,938.24",1.0,user2675@corp-example.com,+1-555-330-4303,crm_v2,Active,0
2676,APAC,United States,70409.0,2025-06-01,"1,239.52",0.0,user2676@corp-example.com,+1-555-643-2333,crm_v2,Active,0
2677,APAC,us,52421.0,2023-12-15,814.62,5.0,user2677@corp-example.com,+1-555-336-1317,crm_v2,Active,0
2678,APAC,United States,53678.0,2024-11-24,"2,010.90",7.0,user2678@corp-example.com,+1-555-468-9549,crm_v2,cancelled,0
2679,NA, US,37567.0,2024-08-17,446.45,5.0,user2679@corp-example.com,+1-555-402-9257,crm_v2,ACTIVE,0
2680,NA,DE,59265.0,2024-12-01,186.15,1.0,user2680@corp-example.com,+1-555-264-2236,crm_v2,Active,0
2681,EU,DE,74040.0,2023-05-29,680.25,,user2681@corp-example.com,+1-555-586-8776,crm_v2,Active,1
2682,EU,United States,76150.0,2024-08-19,"2,140.83",,user2682@corp-example.com,+1-555-436-2750,crm_v2,cancelled,1
2683,APAC,United States,69555.0,2024-03-16,910.24,0.0,user2683@corp-example.com,+1-555-904-7272,crm_v2,active,0
2684,APAC,us,73381.0,2025-05-29,128.02,0.0,user2684@corp-example.com,+1-555-575-7872,crm_v2,cancelled,0
2685,APAC,us,-999.0,2025-04-07,"4,223.38",5.0,user2685@corp-example.com,+1-555-650-8282,crm_v2,Active,0
2686,NA,DE,53089.0,2023-06-19,"2,648.03",,user2686@corp-example.com,+1-555-137-4649,crm_v2,ACTIVE,1
2687,EU,DE,79318.0,2023-11-21,"1,801.96",6.0,user2687@corp-example.com,+1-555-473-6646,crm_v2,active,0
2688,NA, US,67512.0,2025-04-23,336.56,8.0,user2688@corp-example.com,+1-555-890-8287,crm_v2,ACTIVE,0
2689,EU,us,47996.0,2024-10-23,"2,482.11",2.0,user2689@corp-example.com,+1-555-762-5814,crm_v2,ACTIVE,0
2690,NA,us,68288.0,2023-02-05,"2,293.56",10.0,user2690@corp-example.com,+1-555-520-8425,crm_v2,Active,0
2691,NA,DE,73445.0,1900-01-01,"1,216.85",5.0,user2691@corp-example.com,+1-555-409-8196,crm_v2,Active,0
2692,NA, US,71512.0,2025-04-11,506.82,6.0,user2692@corp-example.com,+1-555-505-4995,crm_v2,active,0
2693,NA,DE,62116.0,2023-08-05,"1,264.06",10.0,user2693@corp-example.com,+1-555-316-1920,crm_v2,active,0
2694,NA,US,52345.0,2024-06-24,332.84,9.0,user2694@corp-example.com,+1-555-127-2593,crm_v2,Active,0
2695,EU,US,66675.0,2023-12-18,"1,429.16",9.0,user2695@corp-example.com,+1-555-520-1937,crm_v2,Active,0
2696,NA,United States,86957.0,2023-05-26,139.04,5.0,user2696@corp-example.com,+1-555-473-9722,crm_v2,Active,0
2697,NA,United States,62720.0,2023-03-06,"2,169.37",0.0,user2697@corp-example.com,+1-555-723-2627,crm_v2,active,0
2698,EU,United States,49957.0,2024-08-05,"1,507.13",2.0,user2698@corp-example.com,+1-555-634-8566,crm_v2,ACTIVE,0
2699,EU,United States,65724.0,2023-09-15,"2,111.76",0.0,user2699@corp-example.com,+1-555-907-5785,crm_v2,Active,0
2700,EU,DE,41116.0,2025-05-08,958.17,,user2700@corp-example.com,+1-555-344-3466,crm_v2,active,1
2701,EU,IN,63993.0,2023-10-06,"1,442.28",0.0,user2701@corp-example.com,+1-555-433-7934,crm_v2,cancelled,0
2702,EU,us,55719.0,2023-01-15,344.35,7.0,user2702@corp-example.com,+1-555-567-5236,crm_v2,active,0
2703,EU,us,75385.0,1900-01-01,334.88,1.0,user2703@corp-example.com,+1-555-153-7118,crm_v2,ACTIVE,0
2704,EU,us,62010.0,2024-04-23,329.07,7.0,user2704@corp-example.com,+1-555-801-8151,crm_v2,ACTIVE,0
2705,NA, US,-999.0,2025-02-05,553.90,3.0,user2705@corp-example.com,+1-555-814-8464,crm_v2,active,0
2706,NA, US,96371.0,2024-08-19,770.18,8.0,user2706@corp-example.com,+1-555-357-7614,crm_v2,active,0
2707,EU,IN,56982.0,2024-11-19,"1,097.97",3.0,user2707@corp-example.com,+1-555-314-1975,crm_v2,Active,0
2708,NA,us,47330.0,2023-11-03,"1,790.98",9.0,user2708@corp-example.com,+1-555-470-5571,crm_v2,cancelled,0
2709,EU,US,67570.0,2024-03-22,575.84,5.0,user2709@corp-example.com,+1-555-293-3051,crm_v2,ACTIVE,0
2710,NA,DE,59006.0,2024-03-31,"1,095.64",,user2710@corp-example.com,+1-555-580-2925,crm_v2,cancelled,1
2711,NA,IN,62595.0,2023-03-06,917.30,3.0,user2711@corp-example.com,+1-555-880-6192,crm_v2,active,0
2712,APAC,US,50958.0,2024-07-28,"1,255.56",6.0,user2712@corp-example.com,+1-555-111-1404,crm_v2,Active,0
2713,EU, US,69059.0,2024-09-11,"3,936.20",7.0,user2713@corp-example.com,+1-555-706-6866,crm_v2,active,0
2714,NA,United States,61453.0,2023-02-17,"1,766.77",9.0,user2714@corp-example.com,+1-555-409-9849,crm_v2,cancelled,0
2715,NA, US,26607.0,2024-03-28,"1,488.33",2.0,user2715@corp-example.com,+1-555-920-7193,crm_v2,cancelled,0
2716,APAC,US,56668.0,2023-04-19,590.81,4.0,user2716@corp-example.com,+1-555-415-5243,crm_v2,active,0
2717,EU,IN,65572.0,2024-12-28,439.70,1.0,user2717@corp-example.com,+1-555-131-6620,crm_v2,cancelled,0
2718,NA,US,78762.0,2025-01-11,288.70,1.0,user2718@corp-example.com,+1-555-430-6461,crm_v2,Active,0
2719,APAC, US,51337.0,2024-03-09,470.40,2.0,user2719@corp-example.com,+1-555-789-5754,crm_v2,Active,0
2720,EU,United States,47824.0,2024-11-25,"1,639.10",0.0,user2720@corp-example.com,+1-555-839-9351,crm_v2,active,0
2721,APAC,us,78296.0,2023-02-11,"1,921.49",6.0,user2721@corp-example.com,+1-555-818-2281,crm_v2,active,0
2722,EU,DE,50829.0,2024-06-08,635.28,3.0,user2722@corp-example.com,+1-555-436-4513,crm_v2,cancelled,0
2723,APAC,us,61984.0,2024-04-12,"1,622.09",,user2723@corp-example.com,+1-555-203-9182,crm_v2,cancelled,1
2724,EU,IN,67721.0,2023-04-28,"2,428.32",7.0,user2724@corp-example.com,+1-555-725-7524,crm_v2,cancelled,0
2725,EU,DE,71855.0,2023-04-22,869.81,1.0,user2725@corp-example.com,+1-555-699-4445,crm_v2,active,0
2726,APAC,IN,60468.0,2023-04-25,"2,938.31",1.0,user2726@corp-example.com,+1-555-457-5083,crm_v2,ACTIVE,0
2727,NA,United States,42984.0,2025-03-12,443.69,2.0,user2727@corp-example.com,+1-555-232-8936,crm_v2,active,0
2728,NA,us,76109.0,2024-01-14,434.05,,user2728@corp-example.com,+1-555-669-3739,crm_v2,cancelled,1
2729,EU,us,53562.0,2023-02-15,"2,531.72",2.0,user2729@corp-example.com,+1-555-450-2829,crm_v2,cancelled,0
2730,NA,United States,52206.0,2023-08-16,601.21,10.0,user2730@corp-example.com,+1-555-833-4122,crm_v2,active,0
2731,EU, US,-999.0,2024-01-27,831.36,,user2731@corp-example.com,+1-555-536-5688,crm_v2,Active,1
2732,EU,IN,74034.0,2025-02-16,548.36,5.0,user2732@corp-example.com,+1-555-898-6571,crm_v2,active,0
2733,APAC,us,43797.0,2023-05-04,484.38,2.0,user2733@corp-example.com,+1-555-930-1956,crm_v2,Active,0
2734,NA,us,-999.0,2024-12-21,529.89,5.0,user2734@corp-example.com,+1-555-933-6213,crm_v2,ACTIVE,0
2735,NA,IN,56492.0,2024-05-19,871.93,0.0,user2735@corp-example.com,+1-555-134-9351,crm_v2,active,0
2736,APAC,DE,48639.0,2024-08-02,299.04,4.0,user2736@corp-example.com,+1-555-600-2160,crm_v2,ACTIVE,0
2737,NA, US,30430.0,2023-02-15,786.01,5.0,user2737@corp-example.com,+1-555-610-7296,crm_v2,Active,0
2738,APAC,United States,-999.0,2024-09-24,671.41,5.0,user2738@corp-example.com,+1-555-967-9531,crm_v2,Active,0
2739,NA,United States,-999.0,2025-05-30,"2,033.40",2.0,user2739@corp-example.com,+1-555-118-4815,crm_v2,cancelled,0
2740,NA,IN,64115.0,2024-12-03,718.66,10.0,user2740@corp-example.com,+1-555-277-7739,crm_v2,Active,0
2741,NA,IN,54054.0,2024-08-09,692.87,0.0,user2741@corp-example.com,+1-555-452-1907,crm_v2,ACTIVE,0
2742,NA, US,63614.0,2023-05-09,"1,209.12",4.0,user2742@corp-example.com,+1-555-962-3764,crm_v2,Active,0
2743,NA,us,70253.0,2025-01-22,"1,933.64",10.0,user2743@corp-example.com,+1-555-965-9181,crm_v2,Active,0
2744,NA,US,44068.0,2024-10-19,"1,461.85",,user2744@corp-example.com,+1-555-131-6499,crm_v2,active,1
2745,APAC,IN,55130.0,2023-12-08,583.76,3.0,user2745@corp-example.com,+1-555-190-4353,crm_v2,Active,0
2746,APAC,DE,51594.0,2023-08-31,"1,025.07",4.0,user2746@corp-example.com,+1-555-204-2545,crm_v2,ACTIVE,0
2747,NA, US,71146.0,2031-05-01,"1,360.94",3.0,user2747@corp-example.com,+1-555-864-1758,crm_v2,cancelled,0
2748,NA,DE,64371.0,2023-03-02,585.97,1.0,user2748@corp-example.com,+1-555-479-1671,crm_v2,ACTIVE,0
2749,NA,United States,-999.0,2024-01-04,866.69,9.0,user2749@corp-example.com,+1-555-988-3428,crm_v2,Active,0
2750,APAC,United States,50691.0,2023-10-20,716.69,5.0,user2750@corp-example.com,+1-555-774-3474,crm_v2,Active,0
2751,NA,us,87790.0,2023-01-23,184.65,6.0,user2751@corp-example.com,+1-555-363-5601,crm_v2,cancelled,0
2752,EU,us,45181.0,2023-03-02,374.47,7.0,user2752@corp-example.com,+1-555-550-1542,crm_v2,cancelled,0
2753,NA,DE,62632.0,2024-09-17,"3,639.74",,user2753@corp-example.com,+1-555-802-2553,crm_v2,ACTIVE,1
2754,NA,US,50484.0,2024-11-06,"3,568.28",,user2754@corp-example.com,+1-555-673-1700,crm_v2,ACTIVE,1
2755,NA,DE,79683.0,2024-04-30,357.78,8.0,user2755@corp-example.com,+1-555-374-3798,crm_v2,ACTIVE,0
2756,EU, US,59277.0,2023-03-29,"1,544.93",4.0,user2756@corp-example.com,+1-555-919-9611,crm_v2,ACTIVE,0
2757,NA,United States,53476.0,2024-07-08,"1,724.87",,user2757@corp-example.com,+1-555-833-8485,crm_v2,active,1
2758,APAC,US,41986.0,2025-03-02,"1,394.99",4.0,user2758@corp-example.com,+1-555-467-9251,crm_v2,cancelled,0
2759,EU,IN,56452.0,2023-10-05,366.57,6.0,user2759@corp-example.com,+1-555-793-6051,crm_v2,active,0
2760,NA,United States,73147.0,2023-01-18,"2,035.13",5.0,user2760@corp-example.com,+1-555-194-3366,crm_v2,active,0
2761,NA, US,70719.0,2023-02-19,"1,970.42",1.0,user2761@corp-example.com,+1-555-536-4255,crm_v2,active,0
2762,EU,United States,39679.0,2024-09-26,"1,104.49",7.0,user2762@corp-example.com,+1-555-733-4318,crm_v2,ACTIVE,0
2763,EU,US,84504.0,2024-08-21,"1,737.72",3.0,user2763@corp-example.com,+1-555-819-5007,crm_v2,Active,0
2764,NA,IN,56417.0,2024-04-17,"1,739.51",4.0,user2764@corp-example.com,+1-555-895-4784,crm_v2,active,0
2765,NA,IN,43865.0,2025-01-20,923.12,5.0,user2765@corp-example.com,+1-555-948-7359,crm_v2,ACTIVE,0
2766,NA,IN,62224.0,2023-08-17,419.33,8.0,user2766@corp-example.com,+1-555-223-2098,crm_v2,ACTIVE,0
2767,APAC,United States,50569.0,2023-12-28,343.49,9.0,user2767@corp-example.com,+1-555-359-7685,crm_v2,active,0
2768,EU,IN,51236.0,2023-11-08,"1,127.05",2.0,user2768@corp-example.com,+1-555-672-5269,crm_v2,ACTIVE,0
2769,APAC,United States,-999.0,2024-01-02,"1,390.42",,user2769@corp-example.com,+1-555-131-9556,crm_v2,active,1
2770,EU,IN,58817.0,2024-07-25,272.19,3.0,user2770@corp-example.com,+1-555-497-2680,crm_v2,active,0
2771,EU,United States,52443.0,2023-08-22,446.38,0.0,user2771@corp-example.com,+1-555-547-7369,crm_v2,cancelled,0
2772,NA, US,33643.0,2023-07-20,791.38,0.0,user2772@corp-example.com,+1-555-611-1204,crm_v2,cancelled,0
2773,EU,US,68319.0,2023-07-24,"2,176.61",4.0,user2773@corp-example.com,+1-555-115-9807,crm_v2,Active,0
2774,NA,US,52102.0,2023-12-22,931.98,,user2774@corp-example.com,+1-555-778-6108,crm_v2,cancelled,1
2775,EU,us,78772.0,2024-11-01,799.94,3.0,user2775@corp-example.com,+1-555-436-8750,crm_v2,ACTIVE,0
2776,NA,DE,68509.0,2023-04-21,"1,862.73",6.0,user2776@corp-example.com,+1-555-487-4448,crm_v2,ACTIVE,0
2777,NA,US,69766.0,2024-04-30,"1,317.07",,user2777@corp-example.com,+1-555-702-8151,crm_v2,cancelled,1
2778,APAC,US,-999.0,2023-02-27,328.28,9.0,user2778@corp-example.com,+1-555-548-6980,crm_v2,Active,0
2779,NA,United States,80302.0,2025-06-05,"1,788.05",5.0,user2779@corp-example.com,+1-555-388-9556,crm_v2,ACTIVE,0
2780,APAC,DE,55100.0,2024-07-05,279.72,9.0,user2780@corp-example.com,+1-555-288-9072,crm_v2,ACTIVE,0
2781,APAC,IN,44765.0,2024-07-04,175.62,10.0,user2781@corp-example.com,+1-555-587-9988,crm_v2,active,0
2782,EU,DE,65532.0,2023-09-04,521.87,,user2782@corp-example.com,+1-555-505-5451,crm_v2,Active,1
2783,NA,United States,17960.0,2023-06-09,262.42,4.0,user2783@corp-example.com,+1-555-839-3487,crm_v2,Active,0
2784,EU, US,-999.0,2025-02-17,204.41,6.0,user2784@corp-example.com,+1-555-268-1075,crm_v2,ACTIVE,0
2785,EU,DE,63501.0,2023-08-24,"1,632.87",9.0,user2785@corp-example.com,+1-555-908-2154,crm_v2,ACTIVE,0
2786,NA,United States,53710.0,2024-05-05,463.78,,user2786@corp-example.com,+1-555-188-9500,crm_v2,ACTIVE,1
2787,APAC,us,79665.0,2024-08-30,"4,552.18",6.0,user2787@corp-example.com,+1-555-647-7751,crm_v2,Active,0
2788,NA,us,71037.0,2023-04-14,"1,061.30",8.0,user2788@corp-example.com,+1-555-665-1151,crm_v2,active,0
2789,NA,US,61916.0,2023-11-17,298.22,2.0,user2789@corp-example.com,+1-555-658-8939,crm_v2,Active,0
2790,NA,IN,53948.0,1900-01-01,"1,116.12",3.0,user2790@corp-example.com,+1-555-598-6493,crm_v2,Active,0
2791,NA, US,77138.0,2024-09-26,508.24,0.0,user2791@corp-example.com,+1-555-640-6847,crm_v2,Active,0
2792,EU,IN,49625.0,2025-03-10,580.25,,user2792@corp-example.com,+1-555-669-5005,crm_v2,ACTIVE,1
2793,APAC,us,53701.0,2024-08-13,"1,905.29",0.0,user2793@corp-example.com,+1-555-396-6496,crm_v2,Active,0
2794,NA,US,71726.0,2024-08-19,"1,504.08",0.0,user2794@corp-example.com,+1-555-815-2649,crm_v2,cancelled,0
2795,NA,us,69377.0,2024-12-05,"1,248.10",6.0,user2795@corp-example.com,+1-555-541-3839,crm_v2,Active,0
2796,EU,us,91688.0,2024-07-22,"2,021.63",,user2796@corp-example.com,+1-555-438-1810,crm_v2,ACTIVE,1
2797,NA,us,56781.0,2024-06-25,"1,415.22",10.0,user2797@corp-example.com,+1-555-561-8586,crm_v2,Active,0
2798,NA,US,30981.0,2023-03-04,783.63,7.0,user2798@corp-example.com,+1-555-322-5488,crm_v2,Active,0
2799,APAC,us,70355.0,2031-05-01,"1,118.39",5.0,user2799@corp-example.com,+1-555-782-3679,crm_v2,active,0
2800,APAC,US,79617.0,2024-10-09,"2,179.90",,user2800@corp-example.com,+1-555-803-4428,crm_v2,cancelled,1
2801,APAC,DE,57570.0,2024-03-30,621.87,,user2801@corp-example.com,+1-555-431-9852,crm_v2,cancelled,1
2802,EU,IN,84279.0,2023-02-13,392.18,,user2802@corp-example.com,+1-555-168-3524,crm_v2,cancelled,1
2803,NA,United States,-999.0,2023-08-26,422.36,8.0,user2803@corp-example.com,+1-555-651-9991,crm_v2,ACTIVE,0
2804,NA,United States,49799.0,2023-04-11,"1,028.89",,user2804@corp-example.com,+1-555-348-6435,crm_v2,Active,1
2805,EU,DE,52664.0,2023-06-28,"1,437.37",,user2805@corp-example.com,+1-555-835-9313,crm_v2,cancelled,1
2806,APAC,IN,40708.0,2023-04-06,"1,661.82",,user2806@corp-example.com,+1-555-987-2462,crm_v2,cancelled,1
2807,NA,IN,68520.0,2025-01-21,"1,007.16",6.0,user2807@corp-example.com,+1-555-893-7356,crm_v2,Active,0
2808,EU,IN,71241.0,2024-02-23,"1,742.97",2.0,user2808@corp-example.com,+1-555-785-6957,crm_v2,cancelled,0
2809,NA,us,69477.0,2024-09-03,458.61,0.0,user2809@corp-example.com,+1-555-577-6748,crm_v2,cancelled,0
2810,NA, US,40991.0,2023-12-21,"2,292.33",2.0,user2810@corp-example.com,+1-555-536-6676,crm_v2,active,0
2811,NA,IN,48273.0,2024-06-01,"1,622.94",3.0,user2811@corp-example.com,+1-555-247-8057,crm_v2,active,0
2812,NA,IN,37924.0,2023-07-20,"1,795.06",,user2812@corp-example.com,+1-555-270-6493,crm_v2,ACTIVE,1
2813,NA,DE,35123.0,1900-01-01,"1,651.54",0.0,user2813@corp-example.com,+1-555-146-6565,crm_v2,active,0
2814,NA,DE,39232.0,2023-03-02,382.37,2.0,user2814@corp-example.com,+1-555-712-5324,crm_v2,ACTIVE,0
2815,EU,United States,35594.0,2023-03-24,959.19,8.0,user2815@corp-example.com,+1-555-238-9585,crm_v2,active,0
2816,NA,IN,57254.0,2031-05-01,927.35,7.0,user2816@corp-example.com,+1-555-583-9867,crm_v2,ACTIVE,0
2817,EU,IN,66628.0,2024-06-23,"1,189.05",4.0,user2817@corp-example.com,+1-555-224-7216,crm_v2,ACTIVE,0
2818,EU,DE,69745.0,2025-03-18,689.40,2.0,user2818@corp-example.com,+1-555-270-8044,crm_v2,active,0
2819,APAC,United States,59749.0,2025-01-26,207.34,0.0,user2819@corp-example.com,+1-555-583-6326,crm_v2,ACTIVE,0
2820,NA,US,49665.0,2023-06-03,673.39,,user2820@corp-example.com,+1-555-745-3431,crm_v2,cancelled,1
2821,APAC,US,59897.0,2024-05-29,"3,268.98",5.0,user2821@corp-example.com,+1-555-687-4938,crm_v2,ACTIVE,0
2822,NA,US,68871.0,2024-03-10,"2,500.03",3.0,user2822@corp-example.com,+1-555-825-2345,crm_v2,cancelled,0
2823,EU,US,-999.0,2025-02-27,983.33,1.0,user2823@corp-example.com,+1-555-102-3646,crm_v2,ACTIVE,0
2824,APAC,us,60866.0,2023-01-03,177.72,10.0,user2824@corp-example.com,+1-555-645-2172,crm_v2,Active,0
2825,NA,us,55308.0,2023-04-24,"1,423.61",0.0,user2825@corp-example.com,+1-555-845-7489,crm_v2,active,0
2826,NA,us,-999.0,2023-04-16,"1,260.77",8.0,user2826@corp-example.com,+1-555-723-4891,crm_v2,cancelled,0
2827,EU,DE,60563.0,2025-05-05,275.39,5.0,user2827@corp-example.com,+1-555-760-3604,crm_v2,active,0
2828,NA,us,42770.0,2024-10-18,415.21,7.0,user2828@corp-example.com,+1-555-420-8825,crm_v2,active,0
2829,EU,United States,76293.0,2023-09-20,321.54,,user2829@corp-example.com,+1-555-510-6113,crm_v2,ACTIVE,1
2830,NA,DE,35867.0,2024-09-04,"2,058.58",7.0,user2830@corp-example.com,+1-555-129-4276,crm_v2,Active,0
2831,NA,DE,67155.0,2024-09-23,"1,527.19",,user2831@corp-example.com,+1-555-245-2625,crm_v2,active,1
2832,EU,US,38964.0,2023-12-14,402.45,9.0,user2832@corp-example.com,+1-555-564-8385,crm_v2,Active,0
2833,APAC,US,83370.0,2025-05-16,"1,182.08",10.0,user2833@corp-example.com,+1-555-692-8860,crm_v2,Active,0
2834,APAC,United States,73453.0,2023-02-08,379.28,0.0,user2834@corp-example.com,+1-555-958-2044,crm_v2,Active,0
2835,NA,us,47472.0,2024-05-17,"1,587.70",0.0,user2835@corp-example.com,+1-555-797-4599,crm_v2,ACTIVE,0
2836,NA,US,53065.0,2024-05-26,"1,099.03",10.0,user2836@corp-example.com,+1-555-159-2988,crm_v2,ACTIVE,0
2837,EU,United States,42579.0,2023-09-14,"1,873.00",10.0,user2837@corp-example.com,+1-555-568-7635,crm_v2,Active,0
2838,NA,us,59110.0,2023-01-11,"2,579.29",,user2838@corp-example.com,+1-555-418-1259,crm_v2,ACTIVE,1
2839,NA,United States,66364.0,2025-06-01,"1,621.33",0.0,user2839@corp-example.com,+1-555-500-5878,crm_v2,Active,0
2840,EU,United States,99490.0,2024-07-21,"1,836.29",,user2840@corp-example.com,+1-555-962-6190,crm_v2,ACTIVE,1
2841,EU, US,-999.0,2023-08-21,115.07,7.0,user2841@corp-example.com,+1-555-894-4817,crm_v2,active,0
2842,EU, US,79173.0,2025-02-13,"2,655.47",0.0,user2842@corp-example.com,+1-555-436-4797,crm_v2,Active,0
2843,EU,us,51010.0,2024-10-07,440.56,0.0,user2843@corp-example.com,+1-555-934-5336,crm_v2,cancelled,0
2844,EU,US,64261.0,2025-04-11,"2,235.39",6.0,user2844@corp-example.com,+1-555-895-9512,crm_v2,ACTIVE,0
2845,EU,us,73577.0,2024-06-14,"1,407.90",8.0,user2845@corp-example.com,+1-555-254-8165,crm_v2,active,0
2846,APAC,us,68394.0,2023-06-09,"2,051.13",4.0,user2846@corp-example.com,+1-555-778-6739,crm_v2,Active,0
2847,APAC,DE,-999.0,2024-04-09,833.82,2.0,user2847@corp-example.com,+1-555-764-5575,crm_v2,active,0
2848,APAC,DE,56960.0,2025-06-09,"1,089.00",6.0,user2848@corp-example.com,+1-555-561-1937,crm_v2,active,0
2849,APAC,DE,59872.0,2024-12-01,412.41,5.0,user2849@corp-example.com,+1-555-195-7667,crm_v2,cancelled,0
2850,NA, US,62359.0,2025-03-06,"1,398.77",5.0,user2850@corp-example.com,+1-555-977-1628,crm_v2,Active,0
2851,NA,us,78507.0,2025-04-12,"1,281.80",10.0,user2851@corp-example.com,+1-555-809-1961,crm_v2,ACTIVE,0
2852,EU,IN,37340.0,2023-11-30,982.74,1.0,user2852@corp-example.com,+1-555-279-3029,crm_v2,active,0
2853,NA,IN,52411.0,2025-05-07,919.23,10.0,user2853@corp-example.com,+1-555-367-4839,crm_v2,cancelled,0
2854,EU,DE,-999.0,2025-03-08,"1,018.85",1.0,user2854@corp-example.com,+1-555-979-7148,crm_v2,Active,0
2855,NA,US,45124.0,2024-12-03,"1,742.16",2.0,user2855@corp-example.com,+1-555-526-5054,crm_v2,active,0
2856,NA,United States,47684.0,2024-08-22,"2,479.82",3.0,user2856@corp-example.com,+1-555-401-5216,crm_v2,cancelled,0
2857,NA,us,76944.0,2025-01-10,"1,668.86",8.0,user2857@corp-example.com,+1-555-463-5092,crm_v2,active,0
2858,NA,US,93090.0,2024-02-20,859.72,,user2858@corp-example.com,+1-555-661-2810,crm_v2,ACTIVE,1
2859,NA, US,80909.0,2023-01-27,958.51,8.0,user2859@corp-example.com,+1-555-350-7806,crm_v2,ACTIVE,0
2860,NA,IN,41718.0,2024-06-24,395.68,0.0,user2860@corp-example.com,+1-555-325-1052,crm_v2,active,0
2861,APAC,DE,61157.0,2023-12-02,"1,184.97",,user2861@corp-example.com,+1-555-320-8543,crm_v2,active,1
2862,NA,us,42483.0,2024-03-11,"2,798.35",3.0,user2862@corp-example.com,+1-555-756-9510,crm_v2,ACTIVE,0
2863,NA,United States,66869.0,2024-05-20,"1,349.03",5.0,user2863@corp-example.com,+1-555-856-4162,crm_v2,Active,0
2864,APAC,IN,79609.0,2024-03-02,676.26,9.0,user2864@corp-example.com,+1-555-139-9550,crm_v2,cancelled,0
2865,EU,DE,69063.0,2024-03-03,811.09,2.0,user2865@corp-example.com,+1-555-689-5480,crm_v2,Active,0
2866,NA, US,73430.0,2024-04-23,"3,055.55",0.0,user2866@corp-example.com,+1-555-153-3429,crm_v2,ACTIVE,0
2867,NA,IN,-999.0,2025-04-21,743.91,7.0,user2867@corp-example.com,+1-555-801-1944,crm_v2,Active,0
2868,EU, US,29625.0,2024-07-03,462.10,,user2868@corp-example.com,+1-555-355-9958,crm_v2,Active,1
2869,NA, US,29429.0,2025-04-04,"2,645.14",10.0,user2869@corp-example.com,+1-555-879-7866,crm_v2,ACTIVE,0
2870,NA,United States,58477.0,2023-01-27,744.48,4.0,user2870@corp-example.com,+1-555-645-4102,crm_v2,ACTIVE,0
2871,EU,us,68858.0,2024-03-09,414.20,3.0,user2871@corp-example.com,+1-555-436-9881,crm_v2,ACTIVE,0
2872,NA,US,79588.0,2024-05-29,"1,606.73",5.0,user2872@corp-example.com,+1-555-176-9476,crm_v2,cancelled,0
2873,NA, US,54626.0,2025-04-08,"2,592.82",10.0,user2873@corp-example.com,+1-555-846-9490,crm_v2,ACTIVE,0
2874,EU,US,61147.0,2023-12-01,"2,029.85",3.0,user2874@corp-example.com,+1-555-811-5541,crm_v2,ACTIVE,0
2875,EU,United States,63939.0,2023-11-15,"1,991.41",6.0,user2875@corp-example.com,+1-555-348-5538,crm_v2,active,0
2876,NA,DE,76386.0,2025-05-17,"1,302.41",5.0,user2876@corp-example.com,+1-555-319-1162,crm_v2,ACTIVE,0
2877,NA,US,58918.0,2024-12-15,"1,460.25",1.0,user2877@corp-example.com,+1-555-155-9348,crm_v2,active,0
2878,NA,US,43119.0,2023-01-27,888.78,6.0,user2878@corp-example.com,+1-555-411-8096,crm_v2,ACTIVE,0
2879,APAC,US,76679.0,2023-04-30,570.32,3.0,user2879@corp-example.com,+1-555-509-1907,crm_v2,Active,0
2880,NA,US,66334.0,2025-06-12,"1,811.17",8.0,user2880@corp-example.com,+1-555-120-3766,crm_v2,active,0
2881,NA,DE,65889.0,2025-06-09,"1,121.09",4.0,user2881@corp-example.com,+1-555-596-9229,crm_v2,active,0
2882,NA,United States,40393.0,2023-07-10,525.17,10.0,user2882@corp-example.com,+1-555-969-8909,crm_v2,cancelled,0
2883,EU,IN,59880.0,2024-02-12,690.77,1.0,user2883@corp-example.com,+1-555-766-4766,crm_v2,cancelled,0
2884,APAC,US,33501.0,2023-01-08,571.23,6.0,user2884@corp-example.com,+1-555-711-9071,crm_v2,cancelled,0
2885,NA,IN,29067.0,2025-05-26,338.61,8.0,user2885@corp-example.com,+1-555-953-4888,crm_v2,Active,0
2886,APAC,DE,56340.0,2023-01-13,662.35,6.0,user2886@corp-example.com,+1-555-508-6162,crm_v2,ACTIVE,0
2887,EU, US,-999.0,2023-08-19,498.66,5.0,user2887@corp-example.com,+1-555-946-4838,crm_v2,active,0
2888,NA,United States,68743.0,2023-03-19,773.79,8.0,user2888@corp-example.com,+1-555-416-8856,crm_v2,ACTIVE,0
2889,APAC, US,-999.0,2023-09-08,"1,908.17",9.0,user2889@corp-example.com,+1-555-942-4958,crm_v2,active,0
2890,NA,US,59464.0,2024-06-22,90.26,8.0,user2890@corp-example.com,+1-555-165-1735,crm_v2,ACTIVE,0
2891,EU,DE,87545.0,2023-09-10,"1,398.40",8.0,user2891@corp-example.com,+1-555-412-4025,crm_v2,Active,0
2892,NA,US,50934.0,2024-07-19,589.86,7.0,user2892@corp-example.com,+1-555-946-3890,crm_v2,Active,0
2893,NA,IN,71747.0,2023-09-21,"1,526.81",8.0,user2893@corp-example.com,+1-555-853-6142,crm_v2,ACTIVE,0
2894,EU,IN,40466.0,2023-05-29,"2,507.67",9.0,user2894@corp-example.com,+1-555-286-4826,crm_v2,ACTIVE,0
2895,APAC, US,61942.0,2023-03-21,"1,277.60",,user2895@corp-example.com,+1-555-812-1990,crm_v2,active,1
2896,APAC,IN,55121.0,2023-08-22,"1,242.58",4.0,user2896@corp-example.com,+1-555-287-8369,crm_v2,active,0
2897,EU,IN,56774.0,2024-12-10,449.02,1.0,user2897@corp-example.com,+1-555-301-7275,crm_v2,ACTIVE,0
2898,NA,US,69065.0,1900-01-01,628.96,8.0,user2898@corp-example.com,+1-555-305-4715,crm_v2,ACTIVE,0
2899,NA,DE,30950.0,2024-04-04,748.55,2.0,user2899@corp-example.com,+1-555-572-9900,crm_v2,active,0
2900,NA,us,61777.0,2023-10-08,154.03,10.0,user2900@corp-example.com,+1-555-247-6648,crm_v2,ACTIVE,0
2901,APAC,US,47482.0,2024-04-08,"1,267.89",3.0,user2901@corp-example.com,+1-555-906-5572,crm_v2,cancelled,0
2902,EU,us,61798.0,2023-06-30,728.68,7.0,user2902@corp-example.com,+1-555-178-3963,crm_v2,ACTIVE,0
2903,NA, US,66046.0,2023-08-27,563.47,0.0,user2903@corp-example.com,+1-555-386-6309,crm_v2,Active,0
2904,NA,United States,54278.0,2023-02-24,52.34,,user2904@corp-example.com,+1-555-609-3846,crm_v2,ACTIVE,1
2905,EU,US,54258.0,2024-03-09,"2,072.74",,user2905@corp-example.com,+1-555-104-3159,crm_v2,active,1
2906,NA,United States,42242.0,2025-06-03,198.93,0.0,user2906@corp-example.com,+1-555-929-1185,crm_v2,ACTIVE,0
2907,APAC, US,68449.0,2031-05-01,178.71,7.0,user2907@corp-example.com,+1-555-655-9233,crm_v2,Active,0
2908,EU,DE,-999.0,1900-01-01,856.08,0.0,user2908@corp-example.com,+1-555-310-3902,crm_v2,active,0
2909,NA,United States,66831.0,2023-01-15,992.97,0.0,user2909@corp-example.com,+1-555-141-5162,crm_v2,ACTIVE,0
2910,EU,United States,38041.0,2025-04-09,"2,681.23",10.0,user2910@corp-example.com,+1-555-333-9105,crm_v2,ACTIVE,0
2911,NA,DE,81054.0,2023-09-27,224.78,4.0,user2911@corp-example.com,+1-555-957-5401,crm_v2,ACTIVE,0
2912,NA,US,44268.0,2024-07-20,45.98,,user2912@corp-example.com,+1-555-313-3910,crm_v2,Active,1
2913,NA,us,77805.0,2023-06-03,622.84,0.0,user2913@corp-example.com,+1-555-590-8383,crm_v2,cancelled,0
2914,NA,DE,53095.0,2023-02-26,917.89,4.0,user2914@corp-example.com,+1-555-392-6979,crm_v2,Active,0
2915,NA,United States,68393.0,2023-09-26,"1,607.71",0.0,user2915@corp-example.com,+1-555-929-4268,crm_v2,ACTIVE,0
2916,NA,us,57784.0,2023-06-24,"1,469.75",0.0,user2916@corp-example.com,+1-555-838-6034,crm_v2,cancelled,0
2917,APAC,United States,70449.0,2024-01-21,"1,886.07",3.0,user2917@corp-example.com,+1-555-419-4342,crm_v2,cancelled,0
2918,NA, US,60065.0,2024-10-22,692.08,10.0,user2918@corp-example.com,+1-555-306-7348,crm_v2,active,0
2919,EU,United States,79539.0,2025-06-06,"2,137.83",4.0,user2919@corp-example.com,+1-555-838-2968,crm_v2,Active,0
2920,APAC,IN,70334.0,2023-10-15,791.07,0.0,user2920@corp-example.com,+1-555-302-2139,crm_v2,active,0
2921,APAC,United States,-999.0,2023-12-04,"1,859.73",8.0,user2921@corp-example.com,+1-555-621-8934,crm_v2,cancelled,0
2922,APAC,DE,85689.0,2023-06-05,"1,180.74",10.0,user2922@corp-example.com,+1-555-861-6140,crm_v2,ACTIVE,0
2923,EU, US,49261.0,2025-03-13,"1,207.93",10.0,user2923@corp-example.com,+1-555-335-5825,crm_v2,cancelled,0
2924,EU,United States,80024.0,2023-05-29,173.74,9.0,user2924@corp-example.com,+1-555-225-2432,crm_v2,cancelled,0
2925,EU,United States,61096.0,2024-10-28,782.32,3.0,user2925@corp-example.com,+1-555-780-3698,crm_v2,Active,0
2926,EU,US,37238.0,2023-12-16,"1,543.68",8.0,user2926@corp-example.com,+1-555-254-6668,crm_v2,ACTIVE,0
2927,NA, US,-999.0,2025-06-06,"2,051.75",10.0,user2927@corp-example.com,+1-555-201-4577,crm_v2,active,0
2928,NA,us,56856.0,2023-04-19,"1,504.82",2.0,user2928@corp-example.com,+1-555-227-8389,crm_v2,cancelled,0
2929,NA,IN,85963.0,2025-01-05,"1,179.17",6.0,user2929@corp-example.com,+1-555-561-4025,crm_v2,cancelled,0
2930,NA,us,52434.0,2024-12-02,"1,920.50",9.0,user2930@corp-example.com,+1-555-133-4704,crm_v2,cancelled,0
2931,NA,US,60754.0,2025-04-27,863.05,8.0,user2931@corp-example.com,+1-555-736-8486,crm_v2,ACTIVE,0
2932,EU,IN,-999.0,2023-05-03,724.50,6.0,user2932@corp-example.com,+1-555-436-9908,crm_v2,active,0
2933,EU,IN,30678.0,2023-05-13,"2,036.67",7.0,user2933@corp-example.com,+1-555-227-8770,crm_v2,ACTIVE,0
2934,NA,IN,67815.0,2023-07-12,822.12,9.0,user2934@corp-example.com,+1-555-658-3955,crm_v2,active,0
2935,APAC,DE,44702.0,2024-12-06,"1,649.67",2.0,user2935@corp-example.com,+1-555-160-1614,crm_v2,Active,0
2936,NA, US,81654.0,2024-05-31,"1,515.71",1.0,user2936@corp-example.com,+1-555-827-6513,crm_v2,Active,0
2937,APAC,US,85626.0,2023-11-12,189.10,8.0,user2937@corp-example.com,+1-555-585-6907,crm_v2,Active,0
2938,EU, US,59868.0,2023-01-15,"1,817.38",8.0,user2938@corp-example.com,+1-555-870-2656,crm_v2,ACTIVE,0
2939,EU,DE,35609.0,2023-12-20,928.34,,user2939@corp-example.com,+1-555-753-1610,crm_v2,active,1
2940,NA,us,62792.0,2024-11-23,996.80,10.0,user2940@corp-example.com,+1-555-990-1077,crm_v2,ACTIVE,0
2941,APAC, US,62708.0,2023-04-10,"1,789.51",7.0,user2941@corp-example.com,+1-555-583-4297,crm_v2,Active,0
2942,NA,IN,71081.0,2023-04-26,340.10,10.0,user2942@corp-example.com,+1-555-776-9279,crm_v2,ACTIVE,0
2943,NA,United States,55440.0,2023-05-09,"1,018.04",,user2943@corp-example.com,+1-555-571-3373,crm_v2,cancelled,1
2944,EU,us,41685.0,2023-01-22,"1,206.36",3.0,user2944@corp-example.com,+1-555-219-4473,crm_v2,ACTIVE,0
2945,NA,United States,57811.0,2024-09-02,"2,809.19",6.0,user2945@corp-example.com,+1-555-176-9137,crm_v2,active,0
2946,NA,IN,45755.0,2024-01-10,"2,001.30",3.0,user2946@corp-example.com,+1-555-776-5231,crm_v2,active,0
2947,EU,DE,-999.0,2023-07-17,"1,323.13",,user2947@corp-example.com,+1-555-545-5124,crm_v2,cancelled,1
2948,NA,United States,49118.0,2024-06-17,872.99,9.0,user2948@corp-example.com,+1-555-867-1324,crm_v2,Active,0
2949,APAC, US,49966.0,2024-08-04,975.58,6.0,user2949@corp-example.com,+1-555-612-2947,crm_v2,ACTIVE,0
2950,EU,DE,59278.0,2023-12-06,241.90,4.0,user2950@corp-example.com,+1-555-454-4567,crm_v2,active,0
2951,NA,United States,40919.0,2023-11-17,"3,626.12",9.0,user2951@corp-example.com,+1-555-268-2309,crm_v2,Active,0
2952,EU,IN,53143.0,2024-09-14,288.32,5.0,user2952@corp-example.com,+1-555-678-4947,crm_v2,cancelled,0
2953,EU,us,57918.0,2024-07-24,"1,095.65",1.0,user2953@corp-example.com,+1-555-619-8719,crm_v2,ACTIVE,0
2954,EU,United States,52481.0,2024-09-25,467.54,5.0,user2954@corp-example.com,+1-555-847-9309,crm_v2,active,0
2955,EU,US,56132.0,1900-01-01,86.98,,user2955@corp-example.com,+1-555-552-1475,crm_v2,ACTIVE,1
2956,APAC,United States,79090.0,2023-07-20,"1,616.98",4.0,user2956@corp-example.com,+1-555-654-4650,crm_v2,active,0
2957,NA,DE,66668.0,2023-07-14,"1,631.99",,user2957@corp-example.com,+1-555-312-4426,crm_v2,cancelled,1
2958,APAC,US,39426.0,2025-06-08,243.08,10.0,user2958@corp-example.com,+1-555-509-2053,crm_v2,ACTIVE,0
2959,NA,IN,53392.0,2025-03-28,"1,465.68",2.0,user2959@corp-example.com,+1-555-910-7125,crm_v2,ACTIVE,0
2960,NA,DE,71475.0,2024-03-07,689.36,4.0,user2960@corp-example.com,+1-555-876-9874,crm_v2,cancelled,0
2961,NA,US,49992.0,2024-10-03,"1,604.24",10.0,user2961@corp-example.com,+1-555-248-3772,crm_v2,ACTIVE,0
2962,NA,IN,61255.0,2023-06-24,"3,047.57",10.0,user2962@corp-example.com,+1-555-704-1575,crm_v2,active,0
2963,APAC,IN,59555.0,2024-05-23,"1,011.23",1.0,user2963@corp-example.com,+1-555-939-6851,crm_v2,active,0
2964,EU,US,68125.0,2023-09-04,"1,200.96",1.0,user2964@corp-example.com,+1-555-905-7245,crm_v2,cancelled,0
2965,NA, US,57245.0,2024-07-11,563.46,1.0,user2965@corp-example.com,+1-555-724-1030,crm_v2,ACTIVE,0
2966,EU,United States,57827.0,2023-01-01,286.45,0.0,user2966@corp-example.com,+1-555-618-8770,crm_v2,cancelled,0
2967,NA,United States,46791.0,2024-08-06,378.43,2.0,user2967@corp-example.com,+1-555-582-9247,crm_v2,ACTIVE,0
2968,APAC,United States,-999.0,2024-02-18,"1,669.51",5.0,user2968@corp-example.com,+1-555-954-9482,crm_v2,cancelled,0
2969,NA,us,45729.0,2023-11-15,271.90,5.0,user2969@corp-example.com,+1-555-275-1408,crm_v2,Active,0
2970,APAC,IN,86652.0,2023-10-18,"2,089.39",1.0,user2970@corp-example.com,+1-555-647-2103,crm_v2,cancelled,0
2971,APAC,DE,59689.0,2024-07-03,"2,414.04",7.0,user2971@corp-example.com,+1-555-282-5212,crm_v2,Active,0
2972,NA,us,56557.0,2023-06-12,639.10,7.0,user2972@corp-example.com,+1-555-995-2853,crm_v2,cancelled,0
2973,NA, US,72117.0,2023-05-21,"1,041.22",,user2973@corp-example.com,+1-555-678-9293,crm_v2,active,1
2974,NA,US,58693.0,2023-08-29,949.96,7.0,user2974@corp-example.com,+1-555-415-1608,crm_v2,active,0
2975,EU,DE,61358.0,2025-06-07,"3,079.20",7.0,user2975@corp-example.com,+1-555-823-4225,crm_v2,Active,0
2976,NA,US,59192.0,2025-03-03,587.34,6.0,user2976@corp-example.com,+1-555-967-4229,crm_v2,Active,0
2977,APAC,us,48849.0,2024-09-22,"1,161.52",4.0,user2977@corp-example.com,+1-555-284-3288,crm_v2,ACTIVE,0
2978,NA,us,45829.0,2023-04-20,349.87,10.0,user2978@corp-example.com,+1-555-866-4205,crm_v2,cancelled,0
2979,EU,us,49249.0,2024-11-21,826.67,5.0,user2979@corp-example.com,+1-555-283-2573,crm_v2,Active,0
2980,EU, US,77397.0,2023-03-07,440.32,5.0,user2980@corp-example.com,+1-555-430-6177,crm_v2,active,0
2981,NA,United States,50353.0,2024-11-02,"1,565.09",7.0,user2981@corp-example.com,+1-555-198-4416,crm_v2,active,0
2982,NA,US,53762.0,2023-03-24,906.50,,user2982@corp-example.com,+1-555-319-4497,crm_v2,active,1
2983,APAC,US,53096.0,2025-02-04,"1,848.60",2.0,user2983@corp-example.com,+1-555-504-9415,crm_v2,cancelled,0
2984,NA,US,70723.0,2025-04-06,391.28,,user2984@corp-example.com,+1-555-968-4659,crm_v2,Active,1
2985,NA,IN,90444.0,2024-02-21,415.51,3.0,user2985@corp-example.com,+1-555-366-2579,crm_v2,ACTIVE,0
2986,NA,US,45791.0,2024-04-04,"4,686.96",,user2986@corp-example.com,+1-555-297-9141,crm_v2,active,1
2987,EU,United States,68428.0,2023-08-18,582.39,5.0,user2987@corp-example.com,+1-555-456-9826,crm_v2,Active,0
2988,NA,IN,61834.0,2023-04-20,708.76,9.0,user2988@corp-example.com,+1-555-457-2368,crm_v2,ACTIVE,0
2989,NA,IN,55344.0,2023-01-29,942.37,1.0,user2989@corp-example.com,+1-555-820-7969,crm_v2,cancelled,0
2990,EU, US,67762.0,2024-05-17,"1,083.98",9.0,user2990@corp-example.com,+1-555-295-7749,crm_v2,cancelled,0
2991,EU,us,40475.0,2024-04-08,945.12,3.0,user2991@corp-example.com,+1-555-318-7659,crm_v2,cancelled,0
2992,EU,United States,72790.0,2023-06-28,730.02,7.0,user2992@corp-example.com,+1-555-461-1097,crm_v2,Active,0
2993,NA,DE,63390.0,2023-05-20,"1,618.43",9.0,user2993@corp-example.com,+1-555-407-3370,crm_v2,ACTIVE,0
2994,NA,United States,44679.0,2024-09-14,"1,540.87",3.0,user2994@corp-example.com,+1-555-680-3881,crm_v2,active,0
2995,NA,us,84482.0,2024-02-22,439.71,6.0,user2995@corp-example.com,+1-555-788-2262,crm_v2,ACTIVE,0
2996,EU,IN,73069.0,2023-01-08,408.06,6.0,user2996@corp-example.com,+1-555-656-2403,crm_v2,cancelled,0
2997,EU,US,-999.0,2023-02-25,"1,625.59",10.0,user2997@corp-example.com,+1-555-639-9852,crm_v2,active,0
2998,NA, US,37655.0,2024-07-22,349.56,,user2998@corp-example.com,+1-555-397-6656,crm_v2,ACTIVE,1
2999,APAC, US,55831.0,2024-11-29,"2,028.82",3.0,user2999@corp-example.com,+1-555-600-4791,crm_v2,cancelled,0
3000,NA,United States,51973.0,2023-01-21,796.84,2.0,user3000@corp-example.com,+1-555-448-9238,crm_v2,cancelled,0
3001,APAC, US,69618.0,2023-11-18,554.32,1.0,user3001@corp-example.com,+1-555-878-4567,crm_v2,ACTIVE,0
3002,EU, US,80802.0,2025-06-14,645.44,0.0,user3002@corp-example.com,+1-555-133-4282,crm_v2,cancelled,0
3003,APAC,United States,30742.0,2023-10-03,"1,797.66",4.0,user3003@corp-example.com,+1-555-155-9504,crm_v2,active,0
3004,APAC,us,60311.0,2023-02-21,624.39,6.0,user3004@corp-example.com,+1-555-669-1425,crm_v2,active,0
3005,NA, US,-999.0,1900-01-01,"1,665.87",4.0,user3005@corp-example.com,+1-555-872-8120,crm_v2,ACTIVE,0
3006,APAC,United States,75340.0,2024-04-24,"1,841.03",1.0,user3006@corp-example.com,+1-555-445-5483,crm_v2,ACTIVE,0
3007,NA,us,59376.0,2023-12-25,447.86,0.0,user3007@corp-example.com,+1-555-520-2376,crm_v2,Active,0
4890,EU,DE,40475.0,2023-10-23,"1,191.01",0.0,user3008@corp-example.com,+1-555-758-2230,crm_v2,Active,0
3009,APAC,DE,57016.0,2024-02-27,"2,080.83",3.0,user3009@corp-example.com,+1-555-263-5821,crm_v2,ACTIVE,0
3010,EU,United States,44096.0,2024-04-18,758.53,2.0,user3010@corp-example.com,+1-555-902-5680,crm_v2,cancelled,0
3011,EU,us,48063.0,2024-08-19,"2,848.97",8.0,user3011@corp-example.com,+1-555-779-9326,crm_v2,ACTIVE,0
3012,NA,IN,60647.0,2023-09-09,418.02,0.0,user3012@corp-example.com,+1-555-526-6499,crm_v2,active,0
3013,EU,us,52621.0,2023-01-31,"2,276.22",4.0,user3013@corp-example.com,+1-555-649-4008,crm_v2,ACTIVE,0
3014,NA,DE,64282.0,2025-05-15,"1,216.75",3.0,user3014@corp-example.com,+1-555-397-4328,crm_v2,ACTIVE,0
3015,NA,DE,-999.0,2023-10-07,"1,498.45",5.0,user3015@corp-example.com,+1-555-536-2424,crm_v2,cancelled,0
3016,NA,IN,95609.0,2024-04-21,287.46,5.0,user3016@corp-example.com,+1-555-944-2954,crm_v2,Active,0
3017,APAC,DE,79348.0,2025-06-14,"3,401.67",5.0,user3017@corp-example.com,+1-555-939-7343,crm_v2,Active,0
3018,EU,IN,71008.0,2023-05-13,"3,113.11",,user3018@corp-example.com,+1-555-604-4775,crm_v2,active,1
3019,EU,DE,40159.0,2024-09-08,427.61,6.0,user3019@corp-example.com,+1-555-361-1655,crm_v2,Active,0
3020,NA, US,26892.0,1900-01-01,759.99,0.0,user3020@corp-example.com,+1-555-567-5629,crm_v2,Active,0
3021,NA,IN,46755.0,2023-04-28,"1,443.42",1.0,user3021@corp-example.com,+1-555-595-3438,crm_v2,Active,0
3022,APAC,United States,56435.0,2023-04-06,"2,135.24",10.0,user3022@corp-example.com,+1-555-593-4488,crm_v2,ACTIVE,0
3023,NA,IN,94227.0,2025-05-04,736.18,7.0,user3023@corp-example.com,+1-555-164-9182,crm_v2,ACTIVE,0
3024,APAC,US,80038.0,2023-12-28,943.43,6.0,user3024@corp-example.com,+1-555-880-8019,crm_v2,Active,0
3025,NA,us,51941.0,2025-04-17,"1,544.20",9.0,user3025@corp-example.com,+1-555-679-4740,crm_v2,active,0
3026,NA, US,78530.0,2025-06-18,952.88,0.0,user3026@corp-example.com,+1-555-204-3392,crm_v2,Active,0
3027,EU,IN,78770.0,2024-08-12,583.18,0.0,user3027@corp-example.com,+1-555-537-1170,crm_v2,ACTIVE,0
3028,NA, US,60238.0,2023-03-21,"1,350.47",5.0,user3028@corp-example.com,+1-555-645-9750,crm_v2,Active,0
3029,NA,United States,-999.0,2023-01-15,232.54,6.0,user3029@corp-example.com,+1-555-882-5197,crm_v2,Active,0
3030,NA,us,65061.0,2025-05-23,646.26,7.0,user3030@corp-example.com,+1-555-383-8235,crm_v2,active,0
3031,EU,United States,49953.0,2024-01-10,747.96,3.0,user3031@corp-example.com,+1-555-492-1274,crm_v2,cancelled,0
3032,NA,IN,41979.0,2023-06-21,874.52,,user3032@corp-example.com,+1-555-317-8839,crm_v2,cancelled,1
4111,NA,us,58114.0,2023-12-14,"2,418.32",6.0,user3033@corp-example.com,+1-555-895-4433,crm_v2,ACTIVE,0
3034,NA,IN,75302.0,2024-01-05,599.10,5.0,user3034@corp-example.com,+1-555-106-7724,crm_v2,cancelled,0
3035,NA, US,39213.0,1900-01-01,"1,370.22",,user3035@corp-example.com,+1-555-697-4156,crm_v2,cancelled,1
3036,NA,United States,-999.0,2024-02-23,687.94,7.0,user3036@corp-example.com,+1-555-846-2664,crm_v2,active,0
3037,NA,United States,68432.0,2024-06-27,561.73,2.0,user3037@corp-example.com,+1-555-976-1681,crm_v2,active,0
2694,EU,IN,18326.0,2023-08-15,"2,403.78",9.0,user3038@corp-example.com,+1-555-250-7418,crm_v2,active,0
3039,NA,US,87952.0,2023-09-16,"1,191.00",7.0,user3039@corp-example.com,+1-555-919-6934,crm_v2,active,0
3040,NA,US,53252.0,2023-07-26,"1,195.69",10.0,user3040@corp-example.com,+1-555-629-7790,crm_v2,Active,0
3041,EU,DE,71235.0,2024-08-26,"2,284.19",3.0,user3041@corp-example.com,+1-555-656-8208,crm_v2,ACTIVE,0
3042,NA, US,-999.0,2025-02-03,"1,011.39",5.0,user3042@corp-example.com,+1-555-372-9291,crm_v2,active,0
3043,APAC, US,37746.0,2023-08-10,"1,846.02",8.0,user3043@corp-example.com,+1-555-858-6883,crm_v2,ACTIVE,0
3044,EU,IN,43887.0,2024-05-03,"2,146.26",4.0,user3044@corp-example.com,+1-555-368-1597,crm_v2,ACTIVE,0
3045,NA,DE,94388.0,2025-03-31,540.48,8.0,user3045@corp-example.com,+1-555-713-3543,crm_v2,cancelled,0
3046,NA,US,55634.0,2024-03-16,"2,360.30",,user3046@corp-example.com,+1-555-488-3429,crm_v2,active,1
3047,EU,DE,58039.0,2023-09-05,"1,528.38",4.0,user3047@corp-example.com,+1-555-153-6149,crm_v2,active,0
3048,EU,United States,63484.0,2023-06-22,595.48,10.0,user3048@corp-example.com,+1-555-587-6939,crm_v2,ACTIVE,0
3049,EU,United States,76207.0,2023-01-14,"2,048.33",6.0,user3049@corp-example.com,+1-555-655-9171,crm_v2,cancelled,0
3050,APAC,US,80329.0,2024-12-06,128.01,9.0,user3050@corp-example.com,+1-555-128-1976,crm_v2,Active,0
3051,EU,US,61685.0,2025-02-02,"1,373.64",9.0,user3051@corp-example.com,+1-555-578-4500,crm_v2,cancelled,0
3052,EU, US,54859.0,2023-03-06,"2,377.43",,user3052@corp-example.com,+1-555-711-6039,crm_v2,Active,1
3053,APAC,United States,59441.0,2023-07-20,"1,417.08",9.0,user3053@corp-example.com,+1-555-838-3277,crm_v2,Active,0
3054,NA,DE,64650.0,2024-02-15,243.24,7.0,user3054@corp-example.com,+1-555-589-1151,crm_v2,active,0
3055,NA, US,80086.0,2023-02-09,598.01,2.0,user3055@corp-example.com,+1-555-858-4771,crm_v2,ACTIVE,0
3056,NA,US,62079.0,2023-02-24,"2,333.28",4.0,user3056@corp-example.com,+1-555-115-3280,crm_v2,active,0
3057,EU,DE,-999.0,2025-05-03,843.45,2.0,user3057@corp-example.com,+1-555-674-6285,crm_v2,active,0
3058,APAC,DE,46838.0,2024-08-24,987.94,5.0,user3058@corp-example.com,+1-555-733-8257,crm_v2,active,0
3059,EU,DE,68158.0,2023-10-19,853.53,2.0,user3059@corp-example.com,+1-555-939-1958,crm_v2,cancelled,0
3060,NA,us,86932.0,2025-01-23,"2,245.75",7.0,user3060@corp-example.com,+1-555-758-2810,crm_v2,cancelled,0
3061,APAC,United States,79752.0,2024-09-23,"1,968.89",9.0,user3061@corp-example.com,+1-555-442-9500,crm_v2,Active,0
3062,NA,IN,65099.0,2024-08-15,162.35,1.0,user3062@corp-example.com,+1-555-843-3505,crm_v2,ACTIVE,0
3063,NA,DE,46460.0,2023-04-09,57.47,6.0,user3063@corp-example.com,+1-555-762-4303,crm_v2,ACTIVE,0
3064,EU, US,49076.0,2024-11-15,"1,488.37",2.0,user3064@corp-example.com,+1-555-868-8373,crm_v2,ACTIVE,0
3065,NA,US,57599.0,2024-12-29,"1,558.25",4.0,user3065@corp-example.com,+1-555-893-6283,crm_v2,ACTIVE,0
3066,NA, US,64763.0,2024-11-24,467.18,1.0,user3066@corp-example.com,+1-555-887-3651,crm_v2,active,0
3067,EU,DE,56178.0,2025-01-27,"2,639.25",5.0,user3067@corp-example.com,+1-555-647-4862,crm_v2,ACTIVE,0
3068,EU,us,-999.0,2031-05-01,"1,351.57",2.0,user3068@corp-example.com,+1-555-130-7581,crm_v2,active,0
3069,APAC,IN,48681.0,2023-09-07,"1,201.44",,user3069@corp-example.com,+1-555-101-5017,crm_v2,ACTIVE,1
3070,NA,United States,67940.0,2024-12-10,"1,154.71",1.0,user3070@corp-example.com,+1-555-458-1039,crm_v2,Active,0
3071,APAC,IN,72808.0,2023-08-06,"1,736.18",,user3071@corp-example.com,+1-555-224-8636,crm_v2,active,1
3072,EU,us,38538.0,2023-05-14,564.49,10.0,user3072@corp-example.com,+1-555-938-6524,crm_v2,active,0
3073,NA,DE,54415.0,2023-05-03,990.32,0.0,user3073@corp-example.com,+1-555-745-2676,crm_v2,ACTIVE,0
3074,NA,us,34329.0,2023-09-02,892.80,7.0,user3074@corp-example.com,+1-555-437-8309,crm_v2,ACTIVE,0
3075,EU, US,51352.0,2024-06-11,475.37,10.0,user3075@corp-example.com,+1-555-969-1038,crm_v2,active,0
3076,NA,us,114334.0,2024-02-29,260.31,8.0,user3076@corp-example.com,+1-555-949-8310,crm_v2,cancelled,0
3077,NA,IN,60975.0,2024-01-07,667.30,4.0,user3077@corp-example.com,+1-555-611-7969,crm_v2,ACTIVE,0
3078,APAC,United States,54703.0,2025-03-06,854.75,7.0,user3078@corp-example.com,+1-555-933-2366,crm_v2,ACTIVE,0
3079,NA,United States,50971.0,2025-03-13,"1,350.61",4.0,user3079@corp-example.com,+1-555-364-8103,crm_v2,Active,0
3080,NA,US,41442.0,2024-06-25,"2,177.44",0.0,user3080@corp-example.com,+1-555-929-6453,crm_v2,Active,0
3081,NA,us,31494.0,2023-11-29,944.05,4.0,user3081@corp-example.com,+1-555-423-7475,crm_v2,ACTIVE,0
3082,APAC, US,59353.0,2023-01-24,"1,852.38",3.0,user3082@corp-example.com,+1-555-177-3678,crm_v2,active,0
3083,EU,United States,55762.0,2024-04-01,"2,096.99",9.0,user3083@corp-example.com,+1-555-499-5881,crm_v2,ACTIVE,0
3084,NA,US,82660.0,2023-12-31,309.20,5.0,user3084@corp-example.com,+1-555-690-9425,crm_v2,ACTIVE,0
3085,APAC,IN,34904.0,2023-12-15,622.67,4.0,user3085@corp-example.com,+1-555-549-9278,crm_v2,ACTIVE,0
3086,NA,United States,66680.0,2023-04-04,640.94,2.0,user3086@corp-example.com,+1-555-256-2829,crm_v2,cancelled,0
3087,EU,DE,80574.0,2023-08-29,553.66,1.0,user3087@corp-example.com,+1-555-155-9029,crm_v2,ACTIVE,0
3088,NA,US,29979.0,2023-06-02,"2,217.79",6.0,user3088@corp-example.com,+1-555-465-4712,crm_v2,Active,0
3089,EU,DE,70090.0,2023-02-23,111.35,10.0,user3089@corp-example.com,+1-555-315-8204,crm_v2,active,0
3090,EU,US,-999.0,2024-01-14,"1,120.73",5.0,user3090@corp-example.com,+1-555-133-3805,crm_v2,Active,0
3091,APAC,US,68011.0,2024-06-19,"1,650.25",7.0,user3091@corp-example.com,+1-555-998-1124,crm_v2,Active,0
3092,NA,United States,82634.0,2024-01-10,115.95,10.0,user3092@corp-example.com,+1-555-839-9059,crm_v2,active,0
3093,NA,IN,59942.0,2023-09-20,449.03,0.0,user3093@corp-example.com,+1-555-240-4346,crm_v2,ACTIVE,0
3094,EU,IN,64403.0,2023-04-01,241.35,,user3094@corp-example.com,+1-555-307-7798,crm_v2,Active,1
3095,APAC,IN,49361.0,2025-03-29,861.50,9.0,user3095@corp-example.com,+1-555-585-8756,crm_v2,active,0
3096,NA, US,64437.0,2024-12-14,232.91,10.0,user3096@corp-example.com,+1-555-894-9948,crm_v2,active,0
3097,NA,United States,77366.0,2024-08-11,"1,818.60",3.0,user3097@corp-example.com,+1-555-862-5366,crm_v2,Active,0
3098,NA, US,57196.0,2023-06-28,514.66,2.0,user3098@corp-example.com,+1-555-854-9936,crm_v2,ACTIVE,0
3099,APAC,IN,57863.0,2024-07-23,"2,593.49",8.0,user3099@corp-example.com,+1-555-911-6634,crm_v2,cancelled,0
3100,NA,IN,65987.0,2023-05-11,"1,749.94",,user3100@corp-example.com,+1-555-847-1739,crm_v2,ACTIVE,1
3101,NA,us,72625.0,2025-02-18,172.50,4.0,user3101@corp-example.com,+1-555-937-9809,crm_v2,ACTIVE,0
4294,NA,United States,34903.0,2024-04-16,"1,321.81",7.0,user3102@corp-example.com,+1-555-311-8874,crm_v2,Active,0
3103,APAC, US,60921.0,2023-06-19,727.86,8.0,user3103@corp-example.com,+1-555-823-8353,crm_v2,active,0
3104,NA,DE,49497.0,2024-09-02,"1,813.23",,user3104@corp-example.com,+1-555-177-7474,crm_v2,cancelled,1
3105,EU,us,67620.0,2025-03-12,"1,103.32",0.0,user3105@corp-example.com,+1-555-174-7800,crm_v2,cancelled,0
3106,EU, US,75901.0,2024-09-05,343.70,7.0,user3106@corp-example.com,+1-555-790-3552,crm_v2,cancelled,0
3107,NA,DE,64791.0,2025-01-04,"1,924.28",7.0,user3107@corp-example.com,+1-555-104-4815,crm_v2,Active,0
3108,EU,IN,79821.0,2024-09-19,"2,926.59",,user3108@corp-example.com,+1-555-209-6971,crm_v2,Active,1
3109,NA,IN,44806.0,2023-06-16,580.66,4.0,user3109@corp-example.com,+1-555-547-8429,crm_v2,active,0
3110,EU,DE,-999.0,2025-05-18,900.00,1.0,user3110@corp-example.com,+1-555-123-2283,crm_v2,ACTIVE,0
3111,NA,IN,44826.0,2023-07-17,"2,728.05",,user3111@corp-example.com,+1-555-796-6900,crm_v2,active,1
3112,NA,US,60916.0,2024-01-31,541.43,3.0,user3112@corp-example.com,+1-555-298-2861,crm_v2,Active,0
3113,EU,US,61481.0,2023-02-10,733.04,,user3113@corp-example.com,+1-555-767-9679,crm_v2,active,1
3114,NA, US,56968.0,2025-06-12,"2,116.16",2.0,user3114@corp-example.com,+1-555-249-8967,crm_v2,active,0
3115,NA,DE,41411.0,2024-02-06,695.54,3.0,user3115@corp-example.com,+1-555-800-8072,crm_v2,active,0
3116,APAC,US,58833.0,2024-04-12,"2,180.36",7.0,user3116@corp-example.com,+1-555-823-9708,crm_v2,ACTIVE,0
3117,NA,United States,53300.0,2023-04-16,642.13,10.0,user3117@corp-example.com,+1-555-582-2075,crm_v2,ACTIVE,0
3118,NA,IN,69285.0,2023-03-31,"1,105.96",6.0,user3118@corp-example.com,+1-555-603-7410,crm_v2,active,0
3119,EU,us,-999.0,2025-01-02,"1,186.61",3.0,user3119@corp-example.com,+1-555-137-2892,crm_v2,cancelled,0
3120,EU, US,77857.0,2025-06-14,797.14,5.0,user3120@corp-example.com,+1-555-209-1990,crm_v2,ACTIVE,0
3121,NA,IN,63561.0,2023-09-07,"1,281.14",1.0,user3121@corp-example.com,+1-555-517-6872,crm_v2,ACTIVE,0
3122,NA,DE,31509.0,2024-09-11,461.44,8.0,user3122@corp-example.com,+1-555-926-9906,crm_v2,active,0
3123,EU,United States,57355.0,2023-07-23,"1,068.41",7.0,user3123@corp-example.com,+1-555-917-4978,crm_v2,active,0
3124,NA,US,38074.0,2023-12-09,787.36,1.0,user3124@corp-example.com,+1-555-622-9487,crm_v2,ACTIVE,0
3125,APAC,US,74873.0,2025-04-03,"1,347.92",,user3125@corp-example.com,+1-555-140-8236,crm_v2,cancelled,1
3126,EU, US,82018.0,2025-03-30,858.83,1.0,user3126@corp-example.com,+1-555-954-9373,crm_v2,active,0
3127,EU, US,59604.0,2023-10-07,892.47,8.0,user3127@corp-example.com,+1-555-300-5793,crm_v2,active,0
3128,APAC,US,-999.0,2023-10-13,"1,378.31",5.0,user3128@corp-example.com,+1-555-541-1649,crm_v2,cancelled,0
3129,NA,DE,37829.0,2023-10-29,464.72,9.0,user3129@corp-example.com,+1-555-308-6481,crm_v2,cancelled,0
3130,NA,IN,25502.0,2025-03-06,"1,246.84",5.0,user3130@corp-example.com,+1-555-442-3001,crm_v2,active,0
3131,APAC,IN,51496.0,2024-05-16,"1,505.81",4.0,user3131@corp-example.com,+1-555-939-1621,crm_v2,cancelled,0
3132,EU, US,56098.0,2023-03-07,"1,083.40",1.0,user3132@corp-example.com,+1-555-181-3145,crm_v2,Active,0
3133,NA,us,36791.0,2024-04-29,"1,075.37",0.0,user3133@corp-example.com,+1-555-730-9281,crm_v2,cancelled,0
3134,EU, US,-999.0,2023-09-28,"1,299.72",2.0,user3134@corp-example.com,+1-555-529-7900,crm_v2,active,0
3135,EU,United States,-999.0,2023-09-27,"1,885.37",2.0,user3135@corp-example.com,+1-555-847-7967,crm_v2,Active,0
3136,EU,DE,69892.0,2024-01-28,"2,556.32",0.0,user3136@corp-example.com,+1-555-373-8180,crm_v2,ACTIVE,0
3137,NA,US,83803.0,2024-07-10,"1,266.19",8.0,user3137@corp-example.com,+1-555-649-3147,crm_v2,active,0
3138,NA,United States,72450.0,2023-10-28,641.14,5.0,user3138@corp-example.com,+1-555-587-1808,crm_v2,ACTIVE,0
3139,NA,IN,54401.0,2023-07-13,682.34,10.0,user3139@corp-example.com,+1-555-340-7075,crm_v2,ACTIVE,0
3140,NA,United States,61639.0,2023-05-21,500.53,3.0,user3140@corp-example.com,+1-555-898-6341,crm_v2,active,0
3141,NA,US,69249.0,2024-08-26,648.80,5.0,user3141@corp-example.com,+1-555-196-8071,crm_v2,ACTIVE,0
3142,EU,US,43981.0,2025-05-18,396.01,1.0,user3142@corp-example.com,+1-555-713-5237,crm_v2,ACTIVE,0
3143,NA,IN,80399.0,2023-10-09,400.74,4.0,user3143@corp-example.com,+1-555-962-1698,crm_v2,active,0
3144,NA,United States,73866.0,2024-07-09,"1,932.23",10.0,user3144@corp-example.com,+1-555-483-8043,crm_v2,Active,0
3145,APAC,United States,56562.0,2023-07-23,"1,097.75",7.0,user3145@corp-example.com,+1-555-226-2324,crm_v2,cancelled,0
3146,NA,United States,-999.0,2023-12-11,316.94,0.0,user3146@corp-example.com,+1-555-714-3211,crm_v2,active,0
3147,APAC,DE,118433.0,2023-11-05,651.26,,user3147@corp-example.com,+1-555-939-7179,crm_v2,Active,1
3148,EU, US,72941.0,2024-04-05,"1,095.77",,user3148@corp-example.com,+1-555-194-9885,crm_v2,cancelled,1
3149,EU,DE,74469.0,2023-08-25,264.22,2.0,user3149@corp-example.com,+1-555-538-6900,crm_v2,Active,0
3150,NA, US,87647.0,2025-02-27,679.06,1.0,user3150@corp-example.com,+1-555-353-6191,crm_v2,Active,0
3151,EU,United States,75106.0,2024-12-18,945.84,1.0,user3151@corp-example.com,+1-555-635-6077,crm_v2,ACTIVE,0
3152,NA,us,-999.0,2023-12-02,"1,804.33",5.0,user3152@corp-example.com,+1-555-501-3958,crm_v2,ACTIVE,0
3153,NA, US,70855.0,2024-11-14,700.34,6.0,user3153@corp-example.com,+1-555-330-7260,crm_v2,cancelled,0
3154,APAC,US,-999.0,2023-06-07,317.63,10.0,user3154@corp-example.com,+1-555-811-3194,crm_v2,ACTIVE,0
3155,NA,us,71041.0,2023-04-11,"1,272.95",8.0,user3155@corp-example.com,+1-555-303-5929,crm_v2,cancelled,0
3156,NA,US,36431.0,2025-04-22,402.15,3.0,user3156@corp-example.com,+1-555-900-3478,crm_v2,cancelled,0
3157,EU,us,-999.0,2025-03-19,"2,206.78",2.0,user3157@corp-example.com,+1-555-964-2511,crm_v2,ACTIVE,0
3158,NA,us,68630.0,2024-04-15,839.76,4.0,user3158@corp-example.com,+1-555-133-4850,crm_v2,cancelled,0
3159,NA,US,36135.0,2025-01-08,773.52,4.0,user3159@corp-example.com,+1-555-851-4355,crm_v2,Active,0
3160,APAC,IN,-999.0,2024-12-16,979.24,5.0,user3160@corp-example.com,+1-555-506-5417,crm_v2,active,0
3161,NA,us,42429.0,2023-03-27,845.38,7.0,user3161@corp-example.com,+1-555-411-6192,crm_v2,active,0
3162,NA,DE,76149.0,2024-08-29,"1,683.51",3.0,user3162@corp-example.com,+1-555-751-3709,crm_v2,Active,0
3163,APAC,United States,51991.0,2024-03-21,479.67,,user3163@corp-example.com,+1-555-418-2719,crm_v2,cancelled,1
3164,NA,US,64896.0,2023-12-16,"1,029.47",6.0,user3164@corp-example.com,+1-555-848-5784,crm_v2,ACTIVE,0
3165,NA,United States,50017.0,2024-04-17,601.60,4.0,user3165@corp-example.com,+1-555-114-3793,crm_v2,ACTIVE,0
3166,APAC,United States,98397.0,2025-05-09,640.58,4.0,user3166@corp-example.com,+1-555-755-2693,crm_v2,cancelled,0
3167,NA,United States,75983.0,2024-03-31,"1,311.65",0.0,user3167@corp-example.com,+1-555-791-2557,crm_v2,ACTIVE,0
3168,APAC,United States,87950.0,2025-02-04,"2,867.46",7.0,user3168@corp-example.com,+1-555-681-9264,crm_v2,active,0
3169,APAC,United States,72199.0,2023-01-19,"1,866.55",5.0,user3169@corp-example.com,+1-555-978-7044,crm_v2,Active,0
3170,APAC,IN,70876.0,2024-10-18,"1,352.64",9.0,user3170@corp-example.com,+1-555-564-7649,crm_v2,Active,0
3171,NA,IN,-999.0,2025-04-06,679.56,2.0,user3171@corp-example.com,+1-555-449-7353,crm_v2,cancelled,0
3172,NA,DE,56547.0,2024-09-20,671.05,2.0,user3172@corp-example.com,+1-555-228-1687,crm_v2,active,0
3173,EU,IN,69568.0,2024-01-23,507.19,9.0,user3173@corp-example.com,+1-555-745-9207,crm_v2,ACTIVE,0
3174,APAC, US,-999.0,2024-03-12,"1,087.70",3.0,user3174@corp-example.com,+1-555-451-3072,crm_v2,ACTIVE,0
3175,NA,us,57921.0,2024-10-18,"1,316.44",8.0,user3175@corp-example.com,+1-555-362-8727,crm_v2,Active,0
3176,NA,IN,39110.0,2024-11-13,875.93,5.0,user3176@corp-example.com,+1-555-684-2123,crm_v2,Active,0
3177,NA,United States,55556.0,2024-05-09,686.25,6.0,user3177@corp-example.com,+1-555-145-7559,crm_v2,Active,0
3178,NA,IN,69565.0,2024-03-05,"1,606.36",5.0,user3178@corp-example.com,+1-555-789-4984,crm_v2,cancelled,0
3179,NA,IN,53052.0,2025-04-13,"1,432.71",,user3179@corp-example.com,+1-555-439-8555,crm_v2,ACTIVE,1
2030,EU, US,65635.0,2025-01-29,673.77,8.0,user3180@corp-example.com,+1-555-937-7915,crm_v2,cancelled,0
3181,EU,us,58115.0,2023-09-25,"2,131.59",3.0,user3181@corp-example.com,+1-555-757-4756,crm_v2,ACTIVE,0
3182,NA,us,44456.0,2025-01-26,"2,844.21",5.0,user3182@corp-example.com,+1-555-781-2953,crm_v2,active,0
3183,NA,DE,46425.0,2024-09-25,823.92,6.0,user3183@corp-example.com,+1-555-103-2623,crm_v2,ACTIVE,0
3184,NA,US,48932.0,2024-06-02,"2,045.56",7.0,user3184@corp-example.com,+1-555-148-9287,crm_v2,active,0
3185,NA,United States,55860.0,2023-10-14,"1,038.54",4.0,user3185@corp-example.com,+1-555-265-6510,crm_v2,Active,0
3186,NA,us,56308.0,2024-12-24,"2,242.62",3.0,user3186@corp-example.com,+1-555-438-4850,crm_v2,cancelled,0
3187,APAC,DE,77525.0,2025-04-15,"1,201.00",9.0,user3187@corp-example.com,+1-555-413-6850,crm_v2,active,0
3188,NA,us,43651.0,2024-08-10,911.28,0.0,user3188@corp-example.com,+1-555-970-3000,crm_v2,active,0
3189,NA,United States,28914.0,2023-10-02,"1,211.31",9.0,user3189@corp-example.com,+1-555-933-4125,crm_v2,cancelled,0
3190,EU,IN,-999.0,2023-06-23,"2,110.94",,user3190@corp-example.com,+1-555-961-1391,crm_v2,active,1
3191,APAC,DE,53343.0,2023-02-07,857.72,9.0,user3191@corp-example.com,+1-555-441-9718,crm_v2,cancelled,0
3192,EU,US,58525.0,2023-11-03,"1,331.16",8.0,user3192@corp-example.com,+1-555-396-9736,crm_v2,ACTIVE,0
3193,EU, US,99562.0,2024-03-13,"1,535.05",,user3193@corp-example.com,+1-555-244-5361,crm_v2,ACTIVE,1
3194,NA,United States,82877.0,2025-03-31,670.26,5.0,user3194@corp-example.com,+1-555-193-7293,crm_v2,cancelled,0
3195,NA,IN,69434.0,2024-09-26,380.46,4.0,user3195@corp-example.com,+1-555-344-7775,crm_v2,ACTIVE,0
3196,NA,United States,74934.0,2025-04-07,"1,677.66",2.0,user3196@corp-example.com,+1-555-214-6490,crm_v2,ACTIVE,0
3197,APAC,United States,62227.0,1900-01-01,526.23,,user3197@corp-example.com,+1-555-620-8323,crm_v2,active,1
3198,APAC,us,75136.0,2024-03-28,"1,934.23",8.0,user3198@corp-example.com,+1-555-471-2497,crm_v2,active,0
3199,NA, US,51006.0,1900-01-01,620.21,3.0,user3199@corp-example.com,+1-555-893-1920,crm_v2,Active,0
3200,APAC, US,49449.0,2023-09-29,"1,501.42",0.0,user3200@corp-example.com,+1-555-547-1437,crm_v2,ACTIVE,0
3201,EU,United States,-999.0,2024-10-31,"3,786.67",4.0,user3201@corp-example.com,+1-555-304-5890,crm_v2,cancelled,0
3202,EU,DE,84710.0,2024-11-13,"1,375.23",5.0,user3202@corp-example.com,+1-555-355-4302,crm_v2,cancelled,0
3203,NA,DE,84365.0,2023-07-22,855.55,1.0,user3203@corp-example.com,+1-555-499-9401,crm_v2,active,0
3204,NA,us,51100.0,2024-03-21,129.26,6.0,user3204@corp-example.com,+1-555-435-6270,crm_v2,cancelled,0
3205,NA,IN,78295.0,2023-12-30,"1,287.00",10.0,user3205@corp-example.com,+1-555-973-8588,crm_v2,cancelled,0
3206,APAC,DE,57984.0,2024-01-31,"2,119.53",7.0,user3206@corp-example.com,+1-555-581-9537,crm_v2,cancelled,0
3207,APAC,United States,76971.0,2025-06-09,648.85,2.0,user3207@corp-example.com,+1-555-442-8701,crm_v2,active,0
3208,APAC,IN,55561.0,2023-09-18,868.57,7.0,user3208@corp-example.com,+1-555-568-5037,crm_v2,active,0
3209,APAC,United States,75166.0,2024-04-10,681.68,5.0,user3209@corp-example.com,+1-555-274-6289,crm_v2,Active,0
3210,APAC,IN,58750.0,2025-04-25,"1,592.69",1.0,user3210@corp-example.com,+1-555-196-1329,crm_v2,cancelled,0
3211,NA, US,56053.0,2025-02-28,"1,022.82",2.0,user3211@corp-example.com,+1-555-761-2946,crm_v2,Active,0
3212,EU,IN,60131.0,2024-12-25,"1,986.11",9.0,user3212@corp-example.com,+1-555-544-9484,crm_v2,cancelled,0
3213,NA, US,62915.0,2023-12-25,"2,145.47",0.0,user3213@corp-example.com,+1-555-744-3781,crm_v2,Active,0
3214,EU,United States,-999.0,2025-03-25,924.77,7.0,user3214@corp-example.com,+1-555-888-3942,crm_v2,ACTIVE,0
3215,NA,us,39434.0,2023-07-21,545.24,1.0,user3215@corp-example.com,+1-555-227-9326,crm_v2,cancelled,0
3216,APAC,United States,86571.0,2024-02-21,475.63,1.0,user3216@corp-example.com,+1-555-992-1631,crm_v2,cancelled,0
3217,APAC,United States,54446.0,2025-03-03,"1,401.13",4.0,user3217@corp-example.com,+1-555-492-2371,crm_v2,cancelled,0
3218,NA,US,32531.0,2023-12-20,256.52,1.0,user3218@corp-example.com,+1-555-262-9776,crm_v2,cancelled,0
3219,EU,IN,-999.0,2024-02-14,"1,367.09",7.0,user3219@corp-example.com,+1-555-965-1056,crm_v2,ACTIVE,0
3220,APAC,DE,17355.0,2025-05-25,718.71,,user3220@corp-example.com,+1-555-640-4036,crm_v2,active,1
3221,NA,United States,51080.0,2023-01-13,426.07,7.0,user3221@corp-example.com,+1-555-589-8090,crm_v2,ACTIVE,0
3222,EU,DE,81447.0,2023-09-24,"1,336.78",2.0,user3222@corp-example.com,+1-555-833-8389,crm_v2,ACTIVE,0
3223,NA,us,35379.0,2024-09-23,"1,796.94",2.0,user3223@corp-example.com,+1-555-966-7357,crm_v2,ACTIVE,0
3224,EU,DE,55582.0,2023-06-19,592.54,2.0,user3224@corp-example.com,+1-555-401-5139,crm_v2,cancelled,0
3225,APAC,US,-999.0,2024-04-27,860.63,0.0,user3225@corp-example.com,+1-555-789-3384,crm_v2,active,0
3226,EU,us,77531.0,2024-05-16,"1,333.50",1.0,user3226@corp-example.com,+1-555-882-4650,crm_v2,cancelled,0
3227,NA,IN,66172.0,2025-01-12,833.29,7.0,user3227@corp-example.com,+1-555-728-8854,crm_v2,cancelled,0
3228,EU,IN,65522.0,2023-06-26,"1,780.85",10.0,user3228@corp-example.com,+1-555-683-7085,crm_v2,active,0
3229,EU,us,81363.0,2025-05-15,85.04,9.0,user3229@corp-example.com,+1-555-506-5653,crm_v2,ACTIVE,0
3230,NA,DE,85918.0,2024-07-29,"1,223.95",7.0,user3230@corp-example.com,+1-555-743-8209,crm_v2,active,0
3231,NA,DE,76442.0,2024-09-12,858.16,6.0,user3231@corp-example.com,+1-555-787-4245,crm_v2,ACTIVE,0
3232,NA,DE,51651.0,2023-12-16,"2,229.79",5.0,user3232@corp-example.com,+1-555-268-5979,crm_v2,cancelled,0
3233,NA,IN,40148.0,2023-04-28,"1,565.89",5.0,user3233@corp-example.com,+1-555-743-3724,crm_v2,ACTIVE,0
3234,NA,us,44478.0,2031-05-01,351.08,2.0,user3234@corp-example.com,+1-555-287-1881,crm_v2,ACTIVE,0
3235,EU,IN,33557.0,2023-03-29,736.02,8.0,user3235@corp-example.com,+1-555-396-5155,crm_v2,active,0
3236,APAC,United States,88421.0,2024-07-06,161.57,,user3236@corp-example.com,+1-555-550-2712,crm_v2,cancelled,1
3237,NA,United States,57649.0,2025-02-08,"1,214.63",8.0,user3237@corp-example.com,+1-555-409-7776,crm_v2,cancelled,0
3238,EU, US,62576.0,1900-01-01,748.59,,user3238@corp-example.com,+1-555-695-4077,crm_v2,Active,1
3239,EU,IN,63619.0,2024-10-26,"1,309.29",1.0,user3239@corp-example.com,+1-555-676-2513,crm_v2,active,0
3240,EU,IN,91731.0,2023-02-04,"1,418.26",10.0,user3240@corp-example.com,+1-555-450-3849,crm_v2,active,0
3241,EU, US,51916.0,2025-01-06,"1,286.61",1.0,user3241@corp-example.com,+1-555-331-3391,crm_v2,cancelled,0
3242,NA,US,78839.0,2023-02-03,698.88,10.0,user3242@corp-example.com,+1-555-599-7425,crm_v2,Active,0
3243,APAC,IN,65288.0,2024-05-05,"1,135.99",10.0,user3243@corp-example.com,+1-555-833-5993,crm_v2,Active,0
3244,NA,US,58259.0,2023-04-09,"1,021.73",1.0,user3244@corp-example.com,+1-555-562-2714,crm_v2,active,0
3245,NA,DE,31007.0,2024-06-15,558.52,4.0,user3245@corp-example.com,+1-555-155-5712,crm_v2,cancelled,0
3246,EU, US,74793.0,2023-09-10,"1,382.38",8.0,user3246@corp-example.com,+1-555-313-7823,crm_v2,ACTIVE,0
3247,EU,US,49134.0,2023-03-07,195.24,1.0,user3247@corp-example.com,+1-555-535-2347,crm_v2,ACTIVE,0
3248,EU,IN,53531.0,2025-02-12,"1,267.79",2.0,user3248@corp-example.com,+1-555-952-5417,crm_v2,ACTIVE,0
3249,NA,DE,64102.0,2024-01-18,526.01,,user3249@corp-example.com,+1-555-646-5384,crm_v2,cancelled,1
3250,APAC, US,62085.0,2023-02-10,864.66,0.0,user3250@corp-example.com,+1-555-694-2169,crm_v2,cancelled,0
3251,EU,US,77969.0,2024-05-22,"1,448.24",4.0,user3251@corp-example.com,+1-555-170-6554,crm_v2,active,0
3252,APAC,United States,50275.0,2023-08-01,"1,360.58",,user3252@corp-example.com,+1-555-505-8936,crm_v2,active,1
3253,NA,IN,63163.0,2023-09-14,795.76,,user3253@corp-example.com,+1-555-262-3937,crm_v2,cancelled,1
3254,NA,us,64926.0,2023-06-09,"1,009.01",9.0,user3254@corp-example.com,+1-555-330-1396,crm_v2,Active,0
3255,NA,US,61033.0,2023-03-13,"1,482.03",4.0,user3255@corp-example.com,+1-555-728-9236,crm_v2,active,0
3256,EU,US,71131.0,2025-06-17,619.68,7.0,user3256@corp-example.com,+1-555-592-6640,crm_v2,Active,0
3257,NA,DE,-999.0,2025-03-06,862.90,4.0,user3257@corp-example.com,+1-555-312-5148,crm_v2,cancelled,0
3258,NA,IN,-999.0,2024-02-19,"2,692.62",5.0,user3258@corp-example.com,+1-555-312-8240,crm_v2,cancelled,0
3259,NA,US,49680.0,2023-05-17,"1,122.71",3.0,user3259@corp-example.com,+1-555-399-6167,crm_v2,active,0
3260,NA,US,38418.0,2023-12-26,761.61,,user3260@corp-example.com,+1-555-462-1272,crm_v2,ACTIVE,1
3261,NA,United States,-999.0,2024-04-06,277.36,,user3261@corp-example.com,+1-555-469-7322,crm_v2,ACTIVE,1
3262,NA,United States,78871.0,2023-11-25,"1,187.32",3.0,user3262@corp-example.com,+1-555-955-2315,crm_v2,active,0
3263,APAC, US,52677.0,2024-08-27,"1,527.60",10.0,user3263@corp-example.com,+1-555-845-3563,crm_v2,cancelled,0
3264,NA,us,50948.0,2024-03-17,652.96,5.0,user3264@corp-example.com,+1-555-228-6455,crm_v2,Active,0
3265,APAC,IN,55298.0,2024-03-18,686.58,0.0,user3265@corp-example.com,+1-555-839-7887,crm_v2,Active,0
3266,APAC,IN,63187.0,2024-12-14,"1,960.90",3.0,user3266@corp-example.com,+1-555-327-7472,crm_v2,cancelled,0
3267,NA,us,57930.0,2025-03-12,"3,964.87",4.0,user3267@corp-example.com,+1-555-741-1545,crm_v2,cancelled,0
3268,EU,us,65440.0,2024-06-12,"1,383.30",10.0,user3268@corp-example.com,+1-555-768-1760,crm_v2,active,0
3269,EU,DE,34104.0,2023-07-31,"2,066.73",3.0,user3269@corp-example.com,+1-555-535-6417,crm_v2,cancelled,0
3270,NA, US,83783.0,2024-08-22,"1,293.79",,user3270@corp-example.com,+1-555-468-9993,crm_v2,Active,1
3271,APAC,IN,-999.0,1900-01-01,"1,071.21",0.0,user3271@corp-example.com,+1-555-567-2308,crm_v2,cancelled,0
3272,APAC,IN,47352.0,2023-10-12,"1,541.23",7.0,user3272@corp-example.com,+1-555-673-1827,crm_v2,ACTIVE,0
3273,NA,US,81829.0,2025-02-15,611.54,5.0,user3273@corp-example.com,+1-555-422-7552,crm_v2,ACTIVE,0
3274,APAC,us,67592.0,2024-01-15,457.67,3.0,user3274@corp-example.com,+1-555-347-3266,crm_v2,ACTIVE,0
3275,NA,DE,83367.0,2024-05-05,"3,418.88",3.0,user3275@corp-example.com,+1-555-674-9900,crm_v2,active,0
3276,NA,US,42478.0,2024-06-09,849.34,8.0,user3276@corp-example.com,+1-555-397-4685,crm_v2,cancelled,0
3277,NA,US,86260.0,2024-01-11,"1,068.33",1.0,user3277@corp-example.com,+1-555-321-1716,crm_v2,active,0
3278,NA,us,61351.0,2023-04-14,591.71,3.0,user3278@corp-example.com,+1-555-442-2582,crm_v2,cancelled,0
3279,NA,DE,28872.0,2025-02-13,"1,450.88",9.0,user3279@corp-example.com,+1-555-934-7623,crm_v2,cancelled,0
3280,NA,IN,72269.0,2025-03-28,"2,650.63",1.0,user3280@corp-example.com,+1-555-754-3539,crm_v2,ACTIVE,0
3281,NA,IN,55982.0,2024-03-16,"2,709.84",5.0,user3281@corp-example.com,+1-555-327-2747,crm_v2,Active,0
3282,APAC,us,44995.0,2023-03-05,"2,220.29",2.0,user3282@corp-example.com,+1-555-755-7942,crm_v2,Active,0
3283,APAC,US,57321.0,2025-05-15,782.56,3.0,user3283@corp-example.com,+1-555-928-2025,crm_v2,ACTIVE,0
3284,NA,us,30647.0,2023-05-24,949.56,10.0,user3284@corp-example.com,+1-555-602-5513,crm_v2,cancelled,0
3285,NA,IN,69661.0,2023-05-15,"1,221.81",2.0,user3285@corp-example.com,+1-555-223-9630,crm_v2,Active,0
3286,EU,DE,57304.0,2024-11-16,"2,682.55",0.0,user3286@corp-example.com,+1-555-448-5095,crm_v2,Active,0
3287,NA, US,56470.0,2023-03-30,"1,092.43",5.0,user3287@corp-example.com,+1-555-684-4376,crm_v2,ACTIVE,0
3288,NA,United States,82487.0,2024-08-27,710.03,1.0,user3288@corp-example.com,+1-555-533-3948,crm_v2,cancelled,0
3289,EU,us,-999.0,2023-06-04,"3,683.76",9.0,user3289@corp-example.com,+1-555-903-7145,crm_v2,ACTIVE,0
3290,NA,DE,50432.0,2024-12-31,"1,880.96",6.0,user3290@corp-example.com,+1-555-791-3552,crm_v2,ACTIVE,0
3291,EU,IN,45954.0,2025-01-26,268.70,4.0,user3291@corp-example.com,+1-555-220-9380,crm_v2,cancelled,0
3292,EU,United States,59699.0,2024-07-06,203.37,,user3292@corp-example.com,+1-555-101-7307,crm_v2,active,1
3293,NA, US,77086.0,2024-01-26,"2,488.18",4.0,user3293@corp-example.com,+1-555-362-8945,crm_v2,active,0
3294,NA,us,51658.0,2024-12-21,998.24,6.0,user3294@corp-example.com,+1-555-728-6646,crm_v2,ACTIVE,0
3295,EU,us,44606.0,2024-02-26,"2,425.60",1.0,user3295@corp-example.com,+1-555-491-8306,crm_v2,cancelled,0
3296,NA,DE,74892.0,2023-05-13,353.82,8.0,user3296@corp-example.com,+1-555-655-8468,crm_v2,ACTIVE,0
3297,APAC,us,61560.0,2024-08-24,"2,215.49",8.0,user3297@corp-example.com,+1-555-362-5155,crm_v2,cancelled,0
3298,EU, US,60248.0,2024-08-18,"2,392.42",5.0,user3298@corp-example.com,+1-555-577-3129,crm_v2,active,0
3299,NA,IN,92854.0,2023-07-03,"1,674.80",1.0,user3299@corp-example.com,+1-555-134-9830,crm_v2,cancelled,0
3300,APAC,IN,41889.0,1900-01-01,"1,719.53",2.0,user3300@corp-example.com,+1-555-819-6307,crm_v2,ACTIVE,0
3301,EU,IN,63715.0,2024-02-01,"2,273.96",4.0,user3301@corp-example.com,+1-555-430-9198,crm_v2,Active,0
3302,NA,US,33213.0,2023-06-21,345.84,,user3302@corp-example.com,+1-555-453-4931,crm_v2,ACTIVE,1
3303,NA, US,55999.0,2024-06-29,"1,471.30",5.0,user3303@corp-example.com,+1-555-150-8849,crm_v2,Active,0
3304,NA, US,69714.0,2025-03-13,"2,313.46",6.0,user3304@corp-example.com,+1-555-702-6403,crm_v2,active,0
3305,APAC, US,78019.0,2023-01-25,716.50,3.0,user3305@corp-example.com,+1-555-657-9802,crm_v2,cancelled,0
3306,NA,United States,41007.0,2024-10-25,"1,729.69",9.0,user3306@corp-example.com,+1-555-671-6713,crm_v2,active,0
3307,NA,United States,73541.0,2024-01-28,"1,643.54",5.0,user3307@corp-example.com,+1-555-101-2774,crm_v2,active,0
3308,APAC,United States,72732.0,2023-01-06,"1,915.93",3.0,user3308@corp-example.com,+1-555-873-2581,crm_v2,ACTIVE,0
3309,NA,IN,58726.0,2024-06-12,"1,435.85",,user3309@corp-example.com,+1-555-311-2816,crm_v2,Active,1
3310,APAC,United States,98647.0,2023-07-29,"1,385.48",3.0,user3310@corp-example.com,+1-555-359-1545,crm_v2,ACTIVE,0
3311,NA,US,-999.0,2024-01-12,"1,936.23",8.0,user3311@corp-example.com,+1-555-915-9566,crm_v2,active,0
3312,NA,us,47026.0,2024-09-06,836.96,8.0,user3312@corp-example.com,+1-555-575-6160,crm_v2,cancelled,0
3313,NA,DE,67205.0,2023-06-27,"2,055.79",2.0,user3313@corp-example.com,+1-555-266-1604,crm_v2,cancelled,0
3314,APAC,DE,31869.0,2024-02-28,517.75,9.0,user3314@corp-example.com,+1-555-277-1963,crm_v2,Active,0
3315,EU,IN,84726.0,2023-02-27,"1,725.54",0.0,user3315@corp-example.com,+1-555-883-9688,crm_v2,ACTIVE,0
3316,NA,United States,75891.0,2023-04-06,"1,434.83",10.0,user3316@corp-example.com,+1-555-346-7806,crm_v2,Active,0
3317,NA, US,54459.0,2025-05-03,144.56,4.0,user3317@corp-example.com,+1-555-674-2958,crm_v2,Active,0
3318,NA,IN,70119.0,2024-11-27,"1,301.30",1.0,user3318@corp-example.com,+1-555-899-3067,crm_v2,active,0
3319,NA, US,68912.0,2024-12-17,"1,035.58",,user3319@corp-example.com,+1-555-203-5247,crm_v2,ACTIVE,1
3320,NA,US,90509.0,2023-12-28,993.17,,user3320@corp-example.com,+1-555-466-9917,crm_v2,active,1
3321,EU,IN,51121.0,2024-05-13,"1,832.56",3.0,user3321@corp-example.com,+1-555-850-7025,crm_v2,ACTIVE,0
3322,NA, US,40692.0,2023-12-16,977.95,9.0,user3322@corp-example.com,+1-555-706-7017,crm_v2,ACTIVE,0
3323,NA, US,29212.0,2024-10-16,"2,365.57",3.0,user3323@corp-example.com,+1-555-651-9640,crm_v2,cancelled,0
3324,NA,DE,56067.0,2025-03-18,812.76,2.0,user3324@corp-example.com,+1-555-229-3233,crm_v2,ACTIVE,0
3325,NA, US,36401.0,2023-01-21,916.00,1.0,user3325@corp-example.com,+1-555-935-3107,crm_v2,Active,0
3326,APAC,IN,-999.0,2024-03-04,604.90,4.0,user3326@corp-example.com,+1-555-824-8178,crm_v2,ACTIVE,0
3327,NA,IN,66961.0,2025-06-18,"3,799.01",8.0,user3327@corp-example.com,+1-555-810-1171,crm_v2,cancelled,0
3328,EU,us,-999.0,2023-03-27,"1,255.09",4.0,user3328@corp-example.com,+1-555-620-6053,crm_v2,Active,0
3329,NA, US,-999.0,2023-11-01,401.24,3.0,user3329@corp-example.com,+1-555-245-6709,crm_v2,Active,0
3330,EU,US,79036.0,2023-02-07,"1,098.23",9.0,user3330@corp-example.com,+1-555-463-1000,crm_v2,cancelled,0
3331,EU,United States,57536.0,2024-02-05,"1,106.37",0.0,user3331@corp-example.com,+1-555-174-2341,crm_v2,Active,0
3332,NA, US,64214.0,2024-10-15,712.86,,user3332@corp-example.com,+1-555-447-8470,crm_v2,cancelled,1
3333,EU,us,75321.0,2023-02-28,"1,144.98",2.0,user3333@corp-example.com,+1-555-721-3229,crm_v2,ACTIVE,0
3334,APAC,US,40472.0,2023-11-14,"1,165.97",0.0,user3334@corp-example.com,+1-555-123-1980,crm_v2,cancelled,0
3335,EU,DE,46379.0,2023-10-17,374.18,10.0,user3335@corp-example.com,+1-555-554-6053,crm_v2,Active,0
3336,EU,US,99201.0,2024-09-22,"2,232.07",3.0,user3336@corp-example.com,+1-555-969-4479,crm_v2,ACTIVE,0
3337,NA, US,58179.0,2023-04-16,"1,044.85",8.0,user3337@corp-example.com,+1-555-827-9073,crm_v2,active,0
3338,NA,United States,44521.0,2025-02-17,"1,520.84",0.0,user3338@corp-example.com,+1-555-441-7183,crm_v2,cancelled,0
3339,EU,DE,56685.0,2023-10-31,"1,019.26",5.0,user3339@corp-example.com,+1-555-757-8605,crm_v2,ACTIVE,0
3340,APAC,us,51760.0,2024-10-09,901.31,6.0,user3340@corp-example.com,+1-555-187-8045,crm_v2,ACTIVE,0
3341,NA, US,41637.0,2024-01-12,"1,845.63",8.0,user3341@corp-example.com,+1-555-583-4116,crm_v2,ACTIVE,0
3342,NA,DE,54303.0,2023-09-26,"1,114.09",3.0,user3342@corp-example.com,+1-555-476-6565,crm_v2,active,0
3343,NA,IN,-999.0,2024-06-27,141.08,10.0,user3343@corp-example.com,+1-555-700-3614,crm_v2,cancelled,0
3344,EU,IN,-999.0,2024-01-19,"1,032.07",4.0,user3344@corp-example.com,+1-555-909-3582,crm_v2,active,0
3345,NA,United States,68928.0,1900-01-01,"3,161.15",5.0,user3345@corp-example.com,+1-555-744-3465,crm_v2,Active,0
3346,APAC,us,33847.0,2024-11-13,"1,901.43",9.0,user3346@corp-example.com,+1-555-574-4178,crm_v2,ACTIVE,0
3347,EU,IN,-999.0,2025-02-21,"3,136.27",0.0,user3347@corp-example.com,+1-555-958-1613,crm_v2,Active,0
3348,APAC,DE,-999.0,2023-06-04,557.43,10.0,user3348@corp-example.com,+1-555-178-1881,crm_v2,cancelled,0
3349,EU, US,53776.0,2025-04-30,"1,176.82",0.0,user3349@corp-example.com,+1-555-674-5459,crm_v2,ACTIVE,0
1584,EU,DE,79402.0,2024-05-23,652.28,9.0,user3350@corp-example.com,+1-555-440-1501,crm_v2,ACTIVE,0
3351,APAC,DE,65311.0,2023-04-29,"1,654.60",9.0,user3351@corp-example.com,+1-555-763-6635,crm_v2,Active,0
3352,NA,US,38843.0,2024-09-17,"1,105.75",9.0,user3352@corp-example.com,+1-555-276-6520,crm_v2,cancelled,0
3353,EU,us,68902.0,2023-05-15,"1,475.90",7.0,user3353@corp-example.com,+1-555-482-5210,crm_v2,ACTIVE,0
3354,NA,IN,-999.0,2023-03-25,651.23,7.0,user3354@corp-example.com,+1-555-770-2963,crm_v2,Active,0
3355,EU,United States,64629.0,2024-12-08,471.47,8.0,user3355@corp-example.com,+1-555-822-5790,crm_v2,cancelled,0
3356,NA,US,79596.0,2023-12-27,"1,452.13",9.0,user3356@corp-example.com,+1-555-329-4760,crm_v2,ACTIVE,0
3357,EU,United States,93238.0,2023-10-28,522.89,10.0,user3357@corp-example.com,+1-555-648-1766,crm_v2,active,0
3358,NA, US,59547.0,2024-03-12,"1,276.27",8.0,user3358@corp-example.com,+1-555-935-1530,crm_v2,Active,0
3359,EU,us,71391.0,2023-09-02,"2,124.44",0.0,user3359@corp-example.com,+1-555-140-7379,crm_v2,active,0
3360,EU,US,-999.0,2024-10-15,"1,274.00",,user3360@corp-example.com,+1-555-868-5921,crm_v2,active,1
3361,APAC,United States,72827.0,2023-08-28,"3,006.48",8.0,user3361@corp-example.com,+1-555-798-9522,crm_v2,Active,0
3362,APAC,us,21245.0,2024-01-23,"1,971.72",7.0,user3362@corp-example.com,+1-555-763-8523,crm_v2,cancelled,0
3363,NA,IN,54619.0,2023-06-18,984.45,10.0,user3363@corp-example.com,+1-555-128-3859,crm_v2,cancelled,0
4140,EU,us,65106.0,2025-01-27,774.46,8.0,user3364@corp-example.com,+1-555-762-3205,crm_v2,active,0
3365,NA,us,67863.0,2025-03-25,"1,444.27",5.0,user3365@corp-example.com,+1-555-390-8817,crm_v2,ACTIVE,0
3366,NA,US,48991.0,2024-06-07,"1,539.76",9.0,user3366@corp-example.com,+1-555-313-8603,crm_v2,cancelled,0
3367,EU, US,73348.0,2024-08-23,620.10,1.0,user3367@corp-example.com,+1-555-276-7535,crm_v2,Active,0
3368,APAC,us,77647.0,2024-09-22,"1,033.29",0.0,user3368@corp-example.com,+1-555-448-4822,crm_v2,cancelled,0
3369,EU,IN,61700.0,2023-07-14,804.05,5.0,user3369@corp-example.com,+1-555-815-6291,crm_v2,active,0
3370,EU,DE,57118.0,2023-06-05,291.42,8.0,user3370@corp-example.com,+1-555-168-6997,crm_v2,active,0
3371,EU, US,55120.0,2025-06-17,934.02,4.0,user3371@corp-example.com,+1-555-751-2351,crm_v2,active,0
3372,EU,IN,62764.0,2023-04-04,"1,646.01",9.0,user3372@corp-example.com,+1-555-326-4116,crm_v2,ACTIVE,0
3373,EU,US,78820.0,2023-10-25,379.46,4.0,user3373@corp-example.com,+1-555-684-1373,crm_v2,active,0
3374,NA,us,83747.0,2025-04-30,"1,062.30",0.0,user3374@corp-example.com,+1-555-416-3947,crm_v2,Active,0
3375,APAC,United States,53373.0,2024-11-16,468.59,9.0,user3375@corp-example.com,+1-555-794-9209,crm_v2,cancelled,0
3376,NA,US,46283.0,2024-08-24,367.69,1.0,user3376@corp-example.com,+1-555-855-6987,crm_v2,Active,0
3377,APAC, US,48400.0,2024-10-21,"1,694.40",3.0,user3377@corp-example.com,+1-555-125-5319,crm_v2,Active,0
3378,EU,US,75805.0,2024-02-21,280.82,5.0,user3378@corp-example.com,+1-555-159-2387,crm_v2,cancelled,0
3379,EU,IN,64041.0,2024-01-29,"1,097.43",10.0,user3379@corp-example.com,+1-555-298-2478,crm_v2,ACTIVE,0
3380,APAC,DE,-999.0,2024-10-26,"2,349.07",10.0,user3380@corp-example.com,+1-555-996-7650,crm_v2,Active,0
3381,APAC,United States,68050.0,2024-08-28,750.75,2.0,user3381@corp-example.com,+1-555-172-9791,crm_v2,active,0
3382,APAC,IN,-999.0,2024-05-13,543.13,,user3382@corp-example.com,+1-555-362-5292,crm_v2,Active,1
3383,EU,DE,58736.0,2023-09-11,"3,778.89",5.0,user3383@corp-example.com,+1-555-635-8743,crm_v2,ACTIVE,0
3384,NA,us,44592.0,2024-10-02,"2,411.92",2.0,user3384@corp-example.com,+1-555-639-5938,crm_v2,ACTIVE,0
3385,EU, US,51107.0,2024-10-18,580.30,8.0,user3385@corp-example.com,+1-555-439-7963,crm_v2,Active,0
3386,APAC,United States,62499.0,2024-11-10,119.68,10.0,user3386@corp-example.com,+1-555-289-1884,crm_v2,Active,0
3387,EU,IN,66673.0,2023-07-02,"1,404.84",,user3387@corp-example.com,+1-555-953-7010,crm_v2,active,1
3388,NA,us,54932.0,2024-08-23,370.62,,user3388@corp-example.com,+1-555-121-3510,crm_v2,Active,1
3389,NA,DE,54227.0,2023-04-26,"3,765.83",5.0,user3389@corp-example.com,+1-555-173-8140,crm_v2,ACTIVE,0
3390,NA,IN,81689.0,2023-08-06,333.86,3.0,user3390@corp-example.com,+1-555-288-2249,crm_v2,active,0
3391,EU,US,53442.0,2023-12-07,255.70,5.0,user3391@corp-example.com,+1-555-947-8020,crm_v2,cancelled,0
3392,APAC,us,64045.0,2024-05-02,417.21,7.0,user3392@corp-example.com,+1-555-575-2491,crm_v2,active,0
3393,NA,United States,55730.0,2024-09-26,880.18,4.0,user3393@corp-example.com,+1-555-742-1259,crm_v2,ACTIVE,0
3394,EU, US,47406.0,2024-01-25,"1,244.78",3.0,user3394@corp-example.com,+1-555-438-6822,crm_v2,cancelled,0
3395,EU,IN,-999.0,2024-10-04,848.16,1.0,user3395@corp-example.com,+1-555-564-4088,crm_v2,active,0
3396,NA, US,52362.0,2024-05-05,"1,910.94",,user3396@corp-example.com,+1-555-847-5544,crm_v2,active,1
3397,NA,United States,48000.0,2023-09-09,195.43,4.0,user3397@corp-example.com,+1-555-737-1998,crm_v2,ACTIVE,0
3398,EU,us,73669.0,2024-04-05,"1,805.06",5.0,user3398@corp-example.com,+1-555-200-5045,crm_v2,cancelled,0
3399,EU,IN,42966.0,2023-01-30,"1,853.65",3.0,user3399@corp-example.com,+1-555-937-7546,crm_v2,cancelled,0
3400,APAC,United States,54282.0,2023-09-06,"1,383.43",2.0,user3400@corp-example.com,+1-555-305-4757,crm_v2,cancelled,0
3401,NA,us,70689.0,2024-05-11,852.87,,user3401@corp-example.com,+1-555-886-8687,crm_v2,active,1
3402,APAC,IN,58893.0,2024-12-16,650.56,4.0,user3402@corp-example.com,+1-555-576-3051,crm_v2,active,0
3403,NA,United States,68232.0,2024-11-05,"1,533.44",9.0,user3403@corp-example.com,+1-555-702-8981,crm_v2,cancelled,0
3404,EU, US,73457.0,2025-03-21,"1,368.43",5.0,user3404@corp-example.com,+1-555-477-8631,crm_v2,ACTIVE,0
3405,EU,United States,35135.0,2023-02-04,937.71,3.0,user3405@corp-example.com,+1-555-163-4220,crm_v2,active,0
3406,NA,us,54299.0,2023-02-08,"1,213.96",1.0,user3406@corp-example.com,+1-555-379-7161,crm_v2,active,0
3407,APAC,us,45873.0,2023-05-07,579.40,,user3407@corp-example.com,+1-555-950-5034,crm_v2,cancelled,1
3408,APAC,us,81333.0,2023-12-27,302.74,10.0,user3408@corp-example.com,+1-555-192-4913,crm_v2,Active,0
3409,APAC,DE,58820.0,2024-02-16,510.39,5.0,user3409@corp-example.com,+1-555-641-4637,crm_v2,Active,0
1873,NA, US,68248.0,2025-03-10,589.91,2.0,user3410@corp-example.com,+1-555-953-3997,crm_v2,ACTIVE,0
3411,EU, US,86687.0,2023-06-25,"1,035.90",,user3411@corp-example.com,+1-555-331-9566,crm_v2,cancelled,1
3412,EU,DE,55166.0,2025-01-07,"2,143.51",4.0,user3412@corp-example.com,+1-555-836-7168,crm_v2,cancelled,0
3413,APAC,United States,61764.0,2023-12-13,662.40,6.0,user3413@corp-example.com,+1-555-361-6405,crm_v2,active,0
3414,NA,us,66885.0,2024-02-11,"1,330.24",7.0,user3414@corp-example.com,+1-555-733-8554,crm_v2,active,0
3415,NA,DE,56526.0,2023-06-11,"1,439.68",3.0,user3415@corp-example.com,+1-555-672-4388,crm_v2,cancelled,0
3416,APAC,IN,79860.0,2023-05-21,804.52,2.0,user3416@corp-example.com,+1-555-494-5015,crm_v2,ACTIVE,0
3417,NA,DE,-999.0,2024-09-24,369.63,0.0,user3417@corp-example.com,+1-555-290-5509,crm_v2,cancelled,0
3418,NA,DE,75972.0,2024-03-12,305.69,3.0,user3418@corp-example.com,+1-555-840-6626,crm_v2,active,0
3419,NA,US,61361.0,2024-12-01,"1,508.78",4.0,user3419@corp-example.com,+1-555-464-7525,crm_v2,Active,0
3420,EU, US,55368.0,2023-01-21,"3,120.80",7.0,user3420@corp-example.com,+1-555-145-7719,crm_v2,Active,0
3421,EU,US,55182.0,2025-05-09,"1,404.04",0.0,user3421@corp-example.com,+1-555-497-9548,crm_v2,cancelled,0
3422,EU,US,55032.0,2023-07-07,555.72,10.0,user3422@corp-example.com,+1-555-294-9446,crm_v2,Active,0
3423,APAC,DE,35478.0,2023-01-28,368.56,8.0,user3423@corp-example.com,+1-555-724-3931,crm_v2,active,0
3424,NA,US,66165.0,2023-11-27,998.60,4.0,user3424@corp-example.com,+1-555-661-6417,crm_v2,ACTIVE,0
3425,APAC,United States,73053.0,2023-05-04,"1,570.55",3.0,user3425@corp-example.com,+1-555-820-9030,crm_v2,ACTIVE,0
3426,APAC,us,60458.0,2024-12-22,"1,237.22",10.0,user3426@corp-example.com,+1-555-500-5108,crm_v2,Active,0
3427,APAC,US,53029.0,2025-02-28,"3,219.63",0.0,user3427@corp-example.com,+1-555-217-4654,crm_v2,Active,0
3428,EU,DE,61175.0,2024-12-10,"3,130.63",3.0,user3428@corp-example.com,+1-555-994-2255,crm_v2,Active,0
3429,NA,US,64048.0,2024-09-15,321.90,9.0,user3429@corp-example.com,+1-555-585-5363,crm_v2,cancelled,0
3430,NA,IN,65606.0,2023-07-18,"2,757.06",6.0,user3430@corp-example.com,+1-555-432-6066,crm_v2,ACTIVE,0
3431,APAC, US,-999.0,2024-09-11,"1,702.77",7.0,user3431@corp-example.com,+1-555-684-3136,crm_v2,ACTIVE,0
3432,NA,IN,47529.0,2025-01-31,610.16,9.0,user3432@corp-example.com,+1-555-202-2159,crm_v2,Active,0
3433,NA,us,66163.0,2023-01-16,"1,705.29",0.0,user3433@corp-example.com,+1-555-520-7017,crm_v2,active,0
3434,EU,IN,-999.0,2023-04-26,"2,410.08",10.0,user3434@corp-example.com,+1-555-503-4425,crm_v2,Active,0
3435,EU,IN,61790.0,2025-06-16,108.30,,user3435@corp-example.com,+1-555-780-5932,crm_v2,cancelled,1
3436,EU,IN,57015.0,2023-04-01,273.50,1.0,user3436@corp-example.com,+1-555-902-4801,crm_v2,active,0
3437,EU,us,44964.0,2023-10-13,"1,065.34",3.0,user3437@corp-example.com,+1-555-591-5363,crm_v2,active,0
3438,EU, US,51536.0,2025-04-29,"1,501.85",7.0,user3438@corp-example.com,+1-555-919-1905,crm_v2,ACTIVE,0
3439,EU,IN,71361.0,2023-02-19,"1,222.54",8.0,user3439@corp-example.com,+1-555-310-9027,crm_v2,active,0
3440,NA,US,-999.0,2025-03-15,"1,312.53",,user3440@corp-example.com,+1-555-436-7594,crm_v2,cancelled,1
3441,NA,DE,50588.0,2023-04-09,"1,562.45",7.0,user3441@corp-example.com,+1-555-962-1746,crm_v2,ACTIVE,0
3442,APAC,United States,67775.0,2023-06-05,"1,072.66",,user3442@corp-example.com,+1-555-880-9447,crm_v2,cancelled,1
3443,APAC,United States,68510.0,2023-05-10,"1,276.06",8.0,user3443@corp-example.com,+1-555-119-5942,crm_v2,ACTIVE,0
3444,EU,United States,75945.0,2024-07-16,"1,182.11",3.0,user3444@corp-example.com,+1-555-397-7842,crm_v2,ACTIVE,0
3445,NA,DE,-999.0,2024-08-06,"3,222.55",5.0,user3445@corp-example.com,+1-555-526-8173,crm_v2,cancelled,0
3446,NA,DE,67326.0,2023-02-16,"3,712.26",0.0,user3446@corp-example.com,+1-555-593-2688,crm_v2,active,0
3447,APAC,DE,74203.0,2024-01-08,"1,440.80",,user3447@corp-example.com,+1-555-777-2672,crm_v2,active,1
3448,APAC,US,42864.0,2024-03-29,535.42,8.0,user3448@corp-example.com,+1-555-572-4633,crm_v2,active,0
3449,NA,us,61291.0,2023-09-30,655.88,5.0,user3449@corp-example.com,+1-555-638-2754,crm_v2,active,0
3450,EU,United States,33734.0,2023-09-19,530.41,9.0,user3450@corp-example.com,+1-555-740-3920,crm_v2,cancelled,0
3451,NA, US,-999.0,2023-05-31,902.90,2.0,user3451@corp-example.com,+1-555-552-1480,crm_v2,active,0
3452,NA,United States,48060.0,2023-10-14,720.18,,user3452@corp-example.com,+1-555-946-5249,crm_v2,cancelled,1
3453,EU,US,37169.0,2023-09-06,710.01,1.0,user3453@corp-example.com,+1-555-922-6213,crm_v2,active,0
3454,NA,United States,-999.0,2023-05-23,"2,124.02",1.0,user3454@corp-example.com,+1-555-250-6030,crm_v2,Active,0
3455,APAC,US,75668.0,2024-12-28,634.62,3.0,user3455@corp-example.com,+1-555-717-5902,crm_v2,Active,0
3456,APAC,US,55930.0,2023-08-11,"1,577.16",0.0,user3456@corp-example.com,+1-555-112-7642,crm_v2,Active,0
3457,NA,IN,58463.0,2023-11-28,"1,371.21",,user3457@corp-example.com,+1-555-235-8409,crm_v2,cancelled,1
3458,EU,DE,57016.0,2023-04-20,609.06,9.0,user3458@corp-example.com,+1-555-627-8788,crm_v2,active,0
3459,NA,IN,56591.0,2023-01-08,798.75,1.0,user3459@corp-example.com,+1-555-896-8840,crm_v2,cancelled,0
3460,NA,us,62613.0,2024-11-20,250.30,10.0,user3460@corp-example.com,+1-555-955-8165,crm_v2,active,0
3461,NA,DE,65882.0,2025-06-16,659.88,1.0,user3461@corp-example.com,+1-555-800-7634,crm_v2,cancelled,0
3462,NA,US,53544.0,2024-12-26,560.82,6.0,user3462@corp-example.com,+1-555-742-3145,crm_v2,ACTIVE,0
3463,APAC,US,48623.0,2025-05-11,"1,240.10",9.0,user3463@corp-example.com,+1-555-473-5130,crm_v2,ACTIVE,0
4548,EU,United States,52659.0,2024-08-27,320.34,6.0,user3464@corp-example.com,+1-555-583-3771,crm_v2,cancelled,0
3465,NA,United States,72697.0,2031-05-01,954.54,9.0,user3465@corp-example.com,+1-555-389-4216,crm_v2,cancelled,0
3466,NA,US,54177.0,2023-04-13,835.12,7.0,user3466@corp-example.com,+1-555-755-6327,crm_v2,active,0
3467,APAC,DE,82528.0,2024-08-06,392.50,,user3467@corp-example.com,+1-555-912-5391,crm_v2,active,1
3468,EU,IN,56880.0,2023-03-04,59.19,2.0,user3468@corp-example.com,+1-555-957-4754,crm_v2,Active,0
3469,EU, US,81255.0,2023-03-25,370.09,0.0,user3469@corp-example.com,+1-555-702-2883,crm_v2,Active,0
3470,NA,United States,42463.0,2023-04-13,694.18,0.0,user3470@corp-example.com,+1-555-716-2898,crm_v2,ACTIVE,0
3471,APAC, US,50033.0,2024-05-29,544.84,3.0,user3471@corp-example.com,+1-555-364-2240,crm_v2,ACTIVE,0
3472,EU,IN,67772.0,2024-04-28,"1,025.73",5.0,user3472@corp-example.com,+1-555-520-2253,crm_v2,ACTIVE,0
3473,EU,DE,67935.0,2023-02-17,"1,395.53",6.0,user3473@corp-example.com,+1-555-626-1466,crm_v2,cancelled,0
3474,NA,DE,58160.0,2024-09-27,467.16,7.0,user3474@corp-example.com,+1-555-249-1928,crm_v2,active,0
3475,EU,US,91394.0,1900-01-01,"2,635.90",4.0,user3475@corp-example.com,+1-555-762-1030,crm_v2,cancelled,0
3476,NA,DE,61617.0,2023-11-08,967.84,9.0,user3476@corp-example.com,+1-555-993-5188,crm_v2,cancelled,0
3477,NA, US,64902.0,2025-04-26,682.47,2.0,user3477@corp-example.com,+1-555-713-5784,crm_v2,ACTIVE,0
3478,EU,DE,51916.0,2024-03-19,"3,383.22",3.0,user3478@corp-example.com,+1-555-936-1925,crm_v2,ACTIVE,0
3479,APAC,us,85568.0,2023-04-29,944.86,7.0,user3479@corp-example.com,+1-555-665-9242,crm_v2,cancelled,0
3480,NA,US,73474.0,2023-11-02,"1,312.56",,user3480@corp-example.com,+1-555-433-2373,crm_v2,ACTIVE,1
3481,NA, US,66762.0,2024-04-19,599.92,6.0,user3481@corp-example.com,+1-555-260-9008,crm_v2,cancelled,0
3482,NA, US,35787.0,2023-03-11,"1,585.47",7.0,user3482@corp-example.com,+1-555-474-9802,crm_v2,active,0
3483,EU,United States,66007.0,2024-06-21,648.87,,user3483@corp-example.com,+1-555-773-8675,crm_v2,cancelled,1
3484,EU,US,53471.0,2023-05-15,"1,031.94",9.0,user3484@corp-example.com,+1-555-391-4234,crm_v2,Active,0
3485,NA, US,66450.0,2023-07-20,649.83,10.0,user3485@corp-example.com,+1-555-763-8039,crm_v2,active,0
3486,EU,United States,74308.0,2024-06-15,637.26,7.0,user3486@corp-example.com,+1-555-767-5697,crm_v2,Active,0
3487,EU,IN,49206.0,2025-05-15,474.06,3.0,user3487@corp-example.com,+1-555-612-9059,crm_v2,ACTIVE,0
3488,NA,US,63791.0,2024-05-30,494.48,8.0,user3488@corp-example.com,+1-555-714-9761,crm_v2,Active,0
3489,EU,IN,73772.0,2024-03-30,"1,900.44",,user3489@corp-example.com,+1-555-127-5208,crm_v2,Active,1
3490,NA,us,62966.0,2024-03-20,465.12,1.0,user3490@corp-example.com,+1-555-990-4673,crm_v2,cancelled,0
3491,NA,DE,55545.0,2023-03-12,526.04,9.0,user3491@corp-example.com,+1-555-103-2277,crm_v2,active,0
3492,APAC,US,44528.0,2024-05-28,213.88,0.0,user3492@corp-example.com,+1-555-117-7931,crm_v2,active,0
3493,NA,DE,50416.0,2024-11-22,131.75,,user3493@corp-example.com,+1-555-124-3001,crm_v2,Active,1
3494,NA,IN,41354.0,2024-05-30,624.74,0.0,user3494@corp-example.com,+1-555-474-2863,crm_v2,active,0
3495,EU,United States,75396.0,2024-03-03,615.94,4.0,user3495@corp-example.com,+1-555-200-7473,crm_v2,cancelled,0
3496,NA,United States,62072.0,2031-05-01,499.66,6.0,user3496@corp-example.com,+1-555-493-7212,crm_v2,ACTIVE,0
3497,NA,us,42175.0,2023-06-06,"1,117.86",4.0,user3497@corp-example.com,+1-555-250-9336,crm_v2,active,0
3498,APAC,US,60417.0,2031-05-01,"2,176.05",,user3498@corp-example.com,+1-555-790-8465,crm_v2,cancelled,1
3499,NA,DE,41044.0,2023-11-17,702.65,9.0,user3499@corp-example.com,+1-555-207-6819,crm_v2,cancelled,0
3500,NA,IN,10974.0,2023-09-01,414.34,5.0,user3500@corp-example.com,+1-555-494-8651,crm_v2,cancelled,0
3501,APAC,US,78696.0,2024-05-17,697.48,8.0,user3501@corp-example.com,+1-555-609-2764,crm_v2,active,0
3502,APAC,DE,78139.0,2023-12-23,"1,478.95",1.0,user3502@corp-example.com,+1-555-384-6585,crm_v2,cancelled,0
3503,APAC,United States,38271.0,2024-03-22,774.24,3.0,user3503@corp-example.com,+1-555-394-7498,crm_v2,cancelled,0
3504,NA,DE,49671.0,2025-04-22,253.68,9.0,user3504@corp-example.com,+1-555-675-8510,crm_v2,Active,0
3505,EU,United States,63586.0,2024-01-31,99.40,8.0,user3505@corp-example.com,+1-555-101-2916,crm_v2,Active,0
3506,APAC,IN,54707.0,1900-01-01,"1,234.31",1.0,user3506@corp-example.com,+1-555-739-8115,crm_v2,cancelled,0
3507,NA,US,47597.0,2023-01-05,"1,264.77",8.0,user3507@corp-example.com,+1-555-191-8273,crm_v2,Active,0
3508,APAC,US,52743.0,2025-03-18,370.60,2.0,user3508@corp-example.com,+1-555-696-7169,crm_v2,ACTIVE,0
3509,NA,us,56852.0,2023-03-31,"1,278.01",2.0,user3509@corp-example.com,+1-555-888-4585,crm_v2,cancelled,0
3510,EU,US,52149.0,1900-01-01,"1,749.74",9.0,user3510@corp-example.com,+1-555-910-2637,crm_v2,cancelled,0
3511,NA,DE,63638.0,2024-01-10,854.76,,user3511@corp-example.com,+1-555-833-8373,crm_v2,active,1
3512,NA,United States,56981.0,2023-08-20,779.28,4.0,user3512@corp-example.com,+1-555-443-4701,crm_v2,active,0
3513,NA,IN,49013.0,2025-05-28,"2,793.50",10.0,user3513@corp-example.com,+1-555-746-7106,crm_v2,ACTIVE,0
3514,APAC,IN,60825.0,2024-07-10,"2,660.95",3.0,user3514@corp-example.com,+1-555-820-6931,crm_v2,active,0
3515,NA, US,35462.0,2023-06-04,"3,274.20",6.0,user3515@corp-example.com,+1-555-588-3593,crm_v2,cancelled,0
3516,APAC,DE,82196.0,2023-07-01,889.00,8.0,user3516@corp-example.com,+1-555-463-1128,crm_v2,Active,0
3517,NA,United States,34291.0,2023-08-04,"2,078.98",9.0,user3517@corp-example.com,+1-555-963-3505,crm_v2,cancelled,0
3518,NA,IN,59200.0,2023-01-16,"1,076.23",5.0,user3518@corp-example.com,+1-555-596-3961,crm_v2,ACTIVE,0
3519,NA,DE,65560.0,2024-02-15,"2,705.39",2.0,user3519@corp-example.com,+1-555-547-6519,crm_v2,cancelled,0
3520,APAC, US,66679.0,2024-11-16,336.30,7.0,user3520@corp-example.com,+1-555-507-8256,crm_v2,ACTIVE,0
3521,NA,United States,-999.0,2023-10-06,"1,164.85",2.0,user3521@corp-example.com,+1-555-949-1796,crm_v2,ACTIVE,0
3522,APAC,us,79441.0,2023-10-06,72.05,4.0,user3522@corp-example.com,+1-555-280-6295,crm_v2,active,0
3523,NA, US,43529.0,2025-03-03,621.20,,user3523@corp-example.com,+1-555-457-9431,crm_v2,cancelled,1
3524,APAC,US,59398.0,2024-02-19,"1,710.61",7.0,user3524@corp-example.com,+1-555-636-2104,crm_v2,active,0
3525,EU,United States,62639.0,2024-11-11,57.62,6.0,user3525@corp-example.com,+1-555-267-3960,crm_v2,cancelled,0
3526,NA,US,52979.0,2024-05-11,652.85,2.0,user3526@corp-example.com,+1-555-982-9933,crm_v2,Active,0
3527,EU,DE,51511.0,2024-09-14,222.37,10.0,user3527@corp-example.com,+1-555-484-9837,crm_v2,ACTIVE,0
3528,NA,IN,79765.0,2024-10-29,655.41,3.0,user3528@corp-example.com,+1-555-125-3172,crm_v2,Active,0
3529,NA,DE,49722.0,2023-05-06,"1,047.30",,user3529@corp-example.com,+1-555-342-8324,crm_v2,Active,1
3962,NA, US,53234.0,2024-07-26,621.43,5.0,user3530@corp-example.com,+1-555-683-3575,crm_v2,cancelled,0
3531,EU,United States,56274.0,2023-11-29,574.64,4.0,user3531@corp-example.com,+1-555-660-4669,crm_v2,ACTIVE,0
3532,EU,United States,57224.0,2031-05-01,"2,741.48",0.0,user3532@corp-example.com,+1-555-894-3178,crm_v2,cancelled,0
3533,NA,United States,62845.0,2024-12-13,555.83,6.0,user3533@corp-example.com,+1-555-389-1357,crm_v2,active,0
3534,NA, US,-999.0,2023-03-04,"1,366.12",8.0,user3534@corp-example.com,+1-555-600-6543,crm_v2,ACTIVE,0
3535,APAC,us,66011.0,2024-05-19,"2,390.75",5.0,user3535@corp-example.com,+1-555-276-6351,crm_v2,ACTIVE,0
3536,NA,us,62438.0,2024-03-09,859.35,1.0,user3536@corp-example.com,+1-555-681-5149,crm_v2,ACTIVE,0
3537,NA,US,-999.0,2023-05-10,"1,600.35",3.0,user3537@corp-example.com,+1-555-891-6534,crm_v2,ACTIVE,0
3538,NA,US,80949.0,2023-07-11,"3,388.97",10.0,user3538@corp-example.com,+1-555-876-5816,crm_v2,active,0
3539,NA,DE,47729.0,2025-02-04,"1,486.26",6.0,user3539@corp-example.com,+1-555-928-1756,crm_v2,active,0
3540,NA, US,85143.0,2025-01-01,797.95,5.0,user3540@corp-example.com,+1-555-840-4734,crm_v2,cancelled,0
3541,EU,us,53656.0,2025-04-06,"4,030.08",10.0,user3541@corp-example.com,+1-555-492-4818,crm_v2,active,0
3542,NA,IN,70364.0,2024-09-17,137.37,9.0,user3542@corp-example.com,+1-555-156-8891,crm_v2,cancelled,0
3543,NA, US,62790.0,2024-11-18,"1,244.70",3.0,user3543@corp-example.com,+1-555-901-9992,crm_v2,active,0
3544,EU,DE,55939.0,2023-09-26,"1,631.85",8.0,user3544@corp-example.com,+1-555-413-2066,crm_v2,Active,0
3545,NA,IN,30976.0,2024-06-19,511.12,0.0,user3545@corp-example.com,+1-555-266-3365,crm_v2,active,0
3546,NA,us,84527.0,2023-01-14,"1,699.35",,user3546@corp-example.com,+1-555-784-6323,crm_v2,active,1
3547,NA,US,49033.0,2023-05-29,"1,153.63",2.0,user3547@corp-example.com,+1-555-959-6328,crm_v2,ACTIVE,0
3548,NA,US,48569.0,2024-07-17,604.59,4.0,user3548@corp-example.com,+1-555-578-2454,crm_v2,active,0
3549,EU,DE,76281.0,2023-11-14,45.65,2.0,user3549@corp-example.com,+1-555-118-3329,crm_v2,ACTIVE,0
3550,NA,United States,61495.0,2023-02-09,"2,199.19",,user3550@corp-example.com,+1-555-648-3536,crm_v2,ACTIVE,1
3551,NA,us,88837.0,2024-02-04,"2,828.75",3.0,user3551@corp-example.com,+1-555-469-8506,crm_v2,Active,0
3552,NA,United States,85545.0,2023-01-13,"1,026.49",7.0,user3552@corp-example.com,+1-555-760-3619,crm_v2,ACTIVE,0
3553,NA,United States,70967.0,2024-05-29,"1,460.85",3.0,user3553@corp-example.com,+1-555-471-7946,crm_v2,ACTIVE,0
3554,APAC,IN,-999.0,2024-04-17,"1,413.95",,user3554@corp-example.com,+1-555-197-7445,crm_v2,cancelled,1
3555,NA,DE,-999.0,2024-04-30,"1,093.53",6.0,user3555@corp-example.com,+1-555-803-6788,crm_v2,cancelled,0
3556,NA,us,40652.0,2024-03-29,615.95,5.0,user3556@corp-example.com,+1-555-740-2477,crm_v2,cancelled,0
3557,NA,DE,62919.0,2023-05-10,795.85,10.0,user3557@corp-example.com,+1-555-605-2436,crm_v2,ACTIVE,0
3558,APAC,United States,62557.0,2024-04-25,"2,094.59",4.0,user3558@corp-example.com,+1-555-427-7550,crm_v2,cancelled,0
3559,NA,DE,53300.0,2024-06-21,"1,724.64",6.0,user3559@corp-example.com,+1-555-676-3690,crm_v2,Active,0
3560,APAC,IN,64145.0,2024-04-04,"2,560.27",1.0,user3560@corp-example.com,+1-555-151-6198,crm_v2,active,0
3561,APAC,United States,38509.0,2024-12-29,461.01,7.0,user3561@corp-example.com,+1-555-415-3870,crm_v2,Active,0
3562,NA,US,73831.0,2023-01-24,"1,727.29",9.0,user3562@corp-example.com,+1-555-730-9947,crm_v2,cancelled,0
3563,NA,United States,79586.0,2023-07-10,"1,413.48",1.0,user3563@corp-example.com,+1-555-469-3950,crm_v2,Active,0
2103,EU,IN,40986.0,2024-02-15,"3,858.62",3.0,user3564@corp-example.com,+1-555-263-1311,crm_v2,cancelled,0
3565,NA,us,62509.0,2023-03-07,"1,219.10",7.0,user3565@corp-example.com,+1-555-678-7294,crm_v2,Active,0
3566,NA,us,83430.0,2024-05-01,"3,981.95",7.0,user3566@corp-example.com,+1-555-270-2652,crm_v2,Active,0
3567,NA,US,66592.0,2023-12-19,"1,179.85",5.0,user3567@corp-example.com,+1-555-170-4976,crm_v2,Active,0
3568,EU,DE,44934.0,2023-06-22,567.74,3.0,user3568@corp-example.com,+1-555-297-1342,crm_v2,ACTIVE,0
3569,APAC,DE,45581.0,2023-12-18,"1,957.70",9.0,user3569@corp-example.com,+1-555-146-4258,crm_v2,cancelled,0
3570,APAC, US,73066.0,2024-12-04,866.68,,user3570@corp-example.com,+1-555-508-7724,crm_v2,cancelled,1
3571,EU,US,87702.0,2025-04-13,473.16,,user3571@corp-example.com,+1-555-769-5805,crm_v2,Active,1
3572,NA,IN,44120.0,2023-10-25,677.64,7.0,user3572@corp-example.com,+1-555-217-7750,crm_v2,active,0
3573,APAC,IN,60882.0,2023-08-28,591.64,7.0,user3573@corp-example.com,+1-555-922-1362,crm_v2,Active,0
3574,EU,us,48737.0,2023-04-09,558.21,3.0,user3574@corp-example.com,+1-555-507-2581,crm_v2,cancelled,0
3575,APAC,us,56072.0,2024-11-27,880.05,7.0,user3575@corp-example.com,+1-555-322-3927,crm_v2,active,0
3576,EU,IN,64923.0,2024-04-16,682.42,1.0,user3576@corp-example.com,+1-555-630-2577,crm_v2,ACTIVE,0
3577,EU,DE,59694.0,2025-01-10,"2,065.45",2.0,user3577@corp-example.com,+1-555-978-7088,crm_v2,cancelled,0
3578,EU, US,50086.0,2024-01-01,486.47,2.0,user3578@corp-example.com,+1-555-380-5217,crm_v2,ACTIVE,0
3579,NA, US,91692.0,2023-04-29,674.19,2.0,user3579@corp-example.com,+1-555-562-8778,crm_v2,cancelled,0
3580,NA,United States,57948.0,2023-05-05,233.16,8.0,user3580@corp-example.com,+1-555-719-5268,crm_v2,cancelled,0
3581,NA,United States,57599.0,2025-03-28,"1,626.76",3.0,user3581@corp-example.com,+1-555-695-3357,crm_v2,cancelled,0
3582,APAC,US,76843.0,2024-08-16,656.96,6.0,user3582@corp-example.com,+1-555-674-9080,crm_v2,ACTIVE,0
3583,APAC,DE,60488.0,2024-06-01,216.08,,user3583@corp-example.com,+1-555-334-2155,crm_v2,cancelled,1
3584,EU,us,57286.0,2025-04-13,239.48,7.0,user3584@corp-example.com,+1-555-226-3197,crm_v2,cancelled,0
3585,NA,us,74443.0,2025-02-15,385.31,3.0,user3585@corp-example.com,+1-555-820-7569,crm_v2,active,0
3586,NA,IN,44893.0,2023-12-08,90.98,8.0,user3586@corp-example.com,+1-555-584-2917,crm_v2,Active,0
3587,NA,DE,71446.0,2024-12-11,"1,959.22",5.0,user3587@corp-example.com,+1-555-167-2513,crm_v2,Active,0
3588,NA,DE,75646.0,2023-03-03,"2,359.82",5.0,user3588@corp-example.com,+1-555-595-4042,crm_v2,cancelled,0
3589,NA,DE,70165.0,1900-01-01,"1,329.91",,user3589@corp-example.com,+1-555-916-7458,crm_v2,ACTIVE,1
3590,NA,us,57641.0,2023-02-01,"1,770.78",,user3590@corp-example.com,+1-555-704-3241,crm_v2,cancelled,1
3591,EU,United States,60181.0,2025-02-01,"1,322.42",,user3591@corp-example.com,+1-555-199-1611,crm_v2,active,1
3592,EU,US,34741.0,2024-08-07,"1,818.46",2.0,user3592@corp-example.com,+1-555-678-1120,crm_v2,active,0
3593,NA,United States,58358.0,2023-10-22,"1,222.50",2.0,user3593@corp-example.com,+1-555-360-8086,crm_v2,cancelled,0
3594,NA,DE,64601.0,2023-08-29,"1,216.39",7.0,user3594@corp-example.com,+1-555-234-6190,crm_v2,Active,0
3595,NA, US,73201.0,2023-10-17,"1,022.46",0.0,user3595@corp-example.com,+1-555-783-9145,crm_v2,ACTIVE,0
3596,EU,United States,62406.0,1900-01-01,"1,149.03",0.0,user3596@corp-example.com,+1-555-464-3235,crm_v2,cancelled,0
3597,EU,IN,54505.0,2024-06-21,904.11,3.0,user3597@corp-example.com,+1-555-218-7103,crm_v2,active,0
3598,NA,us,47823.0,2025-04-11,"2,972.00",5.0,user3598@corp-example.com,+1-555-762-5087,crm_v2,ACTIVE,0
3599,APAC, US,59612.0,2023-12-05,"1,103.85",4.0,user3599@corp-example.com,+1-555-163-1384,crm_v2,ACTIVE,0
3600,NA, US,62291.0,2023-02-17,"2,580.26",9.0,user3600@corp-example.com,+1-555-226-8255,crm_v2,active,0
3601,NA,us,78277.0,2023-07-09,"2,728.15",3.0,user3601@corp-example.com,+1-555-469-9376,crm_v2,ACTIVE,0
3602,EU,United States,60421.0,2025-06-01,663.51,0.0,user3602@corp-example.com,+1-555-700-6738,crm_v2,cancelled,0
3603,APAC,United States,52848.0,2024-12-27,383.56,8.0,user3603@corp-example.com,+1-555-754-8087,crm_v2,Active,0
3604,APAC, US,58694.0,2023-05-25,360.18,6.0,user3604@corp-example.com,+1-555-609-1564,crm_v2,cancelled,0
3605,NA,IN,53109.0,2025-01-01,"1,128.41",4.0,user3605@corp-example.com,+1-555-622-7758,crm_v2,ACTIVE,0
3606,NA,IN,-999.0,2023-07-07,893.36,3.0,user3606@corp-example.com,+1-555-738-9276,crm_v2,cancelled,0
3607,NA,IN,27500.0,2023-03-16,499.93,9.0,user3607@corp-example.com,+1-555-715-5635,crm_v2,Active,0
3608,APAC,United States,36623.0,2024-05-28,420.85,8.0,user3608@corp-example.com,+1-555-454-4799,crm_v2,ACTIVE,0
3609,EU,United States,-999.0,2024-09-28,601.66,0.0,user3609@corp-example.com,+1-555-945-2270,crm_v2,cancelled,0
3610,EU,US,67198.0,2024-12-27,645.07,2.0,user3610@corp-example.com,+1-555-853-5746,crm_v2,cancelled,0
3611,NA, US,59120.0,2025-04-07,"1,795.88",9.0,user3611@corp-example.com,+1-555-343-6127,crm_v2,cancelled,0
3612,APAC, US,62460.0,2025-05-31,293.19,2.0,user3612@corp-example.com,+1-555-289-3818,crm_v2,ACTIVE,0
3613,NA,DE,77535.0,1900-01-01,276.84,8.0,user3613@corp-example.com,+1-555-256-9406,crm_v2,Active,0
3614,EU,DE,44800.0,2025-03-27,210.72,3.0,user3614@corp-example.com,+1-555-819-4083,crm_v2,active,0
3615,EU,United States,77240.0,2023-05-12,856.29,7.0,user3615@corp-example.com,+1-555-711-4007,crm_v2,cancelled,0
3616,APAC,US,65981.0,2023-09-04,"1,122.85",2.0,user3616@corp-example.com,+1-555-777-2485,crm_v2,Active,0
3617,APAC,DE,49675.0,2023-03-20,"1,047.90",3.0,user3617@corp-example.com,+1-555-128-7766,crm_v2,cancelled,0
3618,NA,United States,82366.0,2025-01-27,"2,356.78",10.0,user3618@corp-example.com,+1-555-802-7272,crm_v2,ACTIVE,0
3619,NA,DE,39105.0,2024-02-05,"1,263.04",7.0,user3619@corp-example.com,+1-555-528-4011,crm_v2,Active,0
3620,APAC,us,43548.0,2023-06-28,328.98,0.0,user3620@corp-example.com,+1-555-747-6201,crm_v2,ACTIVE,0
3621,EU,DE,57179.0,2025-03-16,"1,802.14",0.0,user3621@corp-example.com,+1-555-766-4267,crm_v2,Active,0
3622,NA,DE,66277.0,2024-10-27,"1,584.11",6.0,user3622@corp-example.com,+1-555-156-3937,crm_v2,Active,0
3623,NA,IN,57426.0,2025-03-31,125.86,5.0,user3623@corp-example.com,+1-555-390-3109,crm_v2,cancelled,0
3624,APAC,IN,28590.0,2023-08-03,173.60,,user3624@corp-example.com,+1-555-952-4012,crm_v2,cancelled,1
3625,APAC,United States,55837.0,2023-01-24,"1,290.63",10.0,user3625@corp-example.com,+1-555-868-1260,crm_v2,cancelled,0
3626,EU,US,59014.0,2024-08-29,"2,005.55",7.0,user3626@corp-example.com,+1-555-453-4663,crm_v2,cancelled,0
3627,NA,IN,97995.0,2025-03-20,809.97,9.0,user3627@corp-example.com,+1-555-891-7229,crm_v2,Active,0
3628,EU,us,80629.0,2023-12-30,400.18,,user3628@corp-example.com,+1-555-842-9793,crm_v2,cancelled,1
3629,APAC,United States,62084.0,2024-08-03,"1,744.81",7.0,user3629@corp-example.com,+1-555-843-6299,crm_v2,ACTIVE,0
3630,EU, US,44084.0,2024-09-11,157.42,1.0,user3630@corp-example.com,+1-555-357-2646,crm_v2,cancelled,0
3631,EU,us,65327.0,2024-08-15,"1,114.20",2.0,user3631@corp-example.com,+1-555-859-8072,crm_v2,cancelled,0
3632,APAC,IN,42967.0,2023-08-16,"1,710.47",,user3632@corp-example.com,+1-555-577-1823,crm_v2,Active,1
3633,EU,United States,63261.0,2023-08-02,"1,730.12",4.0,user3633@corp-example.com,+1-555-712-3961,crm_v2,active,0
3634,NA, US,65687.0,2023-04-23,"1,755.91",8.0,user3634@corp-example.com,+1-555-109-3932,crm_v2,Active,0
3635,NA,DE,-999.0,2024-07-18,"1,772.22",8.0,user3635@corp-example.com,+1-555-354-8321,crm_v2,active,0
3636,EU,IN,63950.0,2023-07-28,305.15,3.0,user3636@corp-example.com,+1-555-896-8344,crm_v2,Active,0
3637,APAC, US,55359.0,2025-04-26,"1,988.97",,user3637@corp-example.com,+1-555-266-1783,crm_v2,ACTIVE,1
3638,APAC, US,51790.0,2024-07-15,719.41,6.0,user3638@corp-example.com,+1-555-973-6595,crm_v2,Active,0
3639,NA,us,82985.0,2024-06-08,452.33,9.0,user3639@corp-example.com,+1-555-618-6571,crm_v2,ACTIVE,0
3640,NA, US,68857.0,2024-10-25,"1,023.49",3.0,user3640@corp-example.com,+1-555-375-7554,crm_v2,ACTIVE,0
3641,EU, US,55696.0,2025-04-01,834.57,7.0,user3641@corp-example.com,+1-555-353-6978,crm_v2,active,0
3642,APAC,IN,48882.0,2023-12-22,"2,362.59",3.0,user3642@corp-example.com,+1-555-842-4602,crm_v2,ACTIVE,0
3643,NA,DE,62871.0,2024-09-11,"2,221.83",8.0,user3643@corp-example.com,+1-555-254-8548,crm_v2,cancelled,0
3644,EU, US,68639.0,2023-06-21,331.70,10.0,user3644@corp-example.com,+1-555-973-6132,crm_v2,ACTIVE,0
3645,NA,us,72855.0,2023-08-03,759.61,8.0,user3645@corp-example.com,+1-555-598-5391,crm_v2,ACTIVE,0
3646,APAC,DE,82068.0,2024-05-27,"1,251.68",0.0,user3646@corp-example.com,+1-555-809-4942,crm_v2,active,0
3647,NA,US,67074.0,2023-11-13,"1,400.27",10.0,user3647@corp-example.com,+1-555-282-7277,crm_v2,ACTIVE,0
3648,NA,United States,-999.0,2024-05-16,896.75,5.0,user3648@corp-example.com,+1-555-762-5717,crm_v2,ACTIVE,0
3649,EU,IN,90297.0,2023-08-22,"2,770.37",5.0,user3649@corp-example.com,+1-555-355-4454,crm_v2,ACTIVE,0
3650,NA, US,77423.0,2024-11-07,359.10,6.0,user3650@corp-example.com,+1-555-486-5700,crm_v2,Active,0
3651,NA,IN,72545.0,2023-09-26,"2,333.99",,user3651@corp-example.com,+1-555-189-1678,crm_v2,cancelled,1
3156,NA,DE,80029.0,2023-12-31,"1,985.29",2.0,user3652@corp-example.com,+1-555-647-9279,crm_v2,active,0
3653,NA,IN,38187.0,2024-08-24,131.61,0.0,user3653@corp-example.com,+1-555-270-8341,crm_v2,Active,0
3654,NA, US,54708.0,2024-09-04,251.54,10.0,user3654@corp-example.com,+1-555-454-3587,crm_v2,ACTIVE,0
3655,NA,DE,52656.0,2024-03-17,779.65,2.0,user3655@corp-example.com,+1-555-399-4473,crm_v2,active,0
3656,EU, US,77842.0,2024-11-26,"1,483.16",,user3656@corp-example.com,+1-555-170-7571,crm_v2,cancelled,1
4116,NA,DE,42754.0,2025-03-23,"1,404.22",10.0,user3657@corp-example.com,+1-555-288-4527,crm_v2,ACTIVE,0
3658,EU, US,55456.0,2023-03-14,"2,816.45",7.0,user3658@corp-example.com,+1-555-117-8775,crm_v2,active,0
3659,APAC,United States,-999.0,2023-06-27,"1,539.83",2.0,user3659@corp-example.com,+1-555-359-9157,crm_v2,active,0
3660,EU,US,-999.0,2031-05-01,"1,972.84",1.0,user3660@corp-example.com,+1-555-949-7435,crm_v2,ACTIVE,0
3661,NA,United States,54525.0,2023-04-28,930.58,6.0,user3661@corp-example.com,+1-555-206-2008,crm_v2,active,0
3662,APAC,IN,88048.0,2023-04-01,"1,882.28",9.0,user3662@corp-example.com,+1-555-262-6327,crm_v2,Active,0
3663,NA,DE,40546.0,2023-03-21,766.13,,user3663@corp-example.com,+1-555-397-5539,crm_v2,cancelled,1
3664,NA,us,66919.0,2024-02-06,792.72,2.0,user3664@corp-example.com,+1-555-681-6853,crm_v2,Active,0
3665,EU,us,56845.0,2023-08-12,"1,279.08",2.0,user3665@corp-example.com,+1-555-183-5328,crm_v2,ACTIVE,0
3666,EU,IN,67768.0,2024-08-26,933.64,10.0,user3666@corp-example.com,+1-555-204-4509,crm_v2,ACTIVE,0
3667,NA,us,56129.0,2024-10-05,715.60,1.0,user3667@corp-example.com,+1-555-700-4894,crm_v2,active,0
3668,NA,DE,-999.0,2024-07-21,796.14,5.0,user3668@corp-example.com,+1-555-213-6137,crm_v2,Active,0
3669,EU,DE,63360.0,2023-05-30,882.18,0.0,user3669@corp-example.com,+1-555-716-7023,crm_v2,ACTIVE,0
3670,NA,United States,40720.0,2024-12-21,991.11,,user3670@corp-example.com,+1-555-319-7916,crm_v2,Active,1
3671,NA,United States,68055.0,2024-07-29,"1,305.81",2.0,user3671@corp-example.com,+1-555-544-8574,crm_v2,ACTIVE,0
3672,NA,IN,55474.0,2023-04-30,"1,219.61",9.0,user3672@corp-example.com,+1-555-969-4828,crm_v2,Active,0
3673,NA,IN,73843.0,2025-03-31,"5,046.70",,user3673@corp-example.com,+1-555-916-5229,crm_v2,ACTIVE,1
3674,NA, US,53575.0,2023-08-28,"3,626.38",3.0,user3674@corp-example.com,+1-555-711-3887,crm_v2,Active,0
3675,EU, US,50251.0,2024-07-17,454.91,10.0,user3675@corp-example.com,+1-555-435-5106,crm_v2,active,0
3676,EU,us,-999.0,2024-08-03,366.32,4.0,user3676@corp-example.com,+1-555-673-2428,crm_v2,cancelled,0
3677,NA, US,78447.0,2023-07-05,900.29,9.0,user3677@corp-example.com,+1-555-430-4213,crm_v2,Active,0
3678,EU,IN,29552.0,2023-10-24,719.62,3.0,user3678@corp-example.com,+1-555-262-9599,crm_v2,ACTIVE,0
3679,APAC,US,61949.0,2024-11-17,516.29,6.0,user3679@corp-example.com,+1-555-600-6868,crm_v2,active,0
3680,EU,US,69443.0,2025-05-17,371.94,7.0,user3680@corp-example.com,+1-555-213-8194,crm_v2,active,0
3681,NA,US,39164.0,2025-01-24,"2,280.39",,user3681@corp-example.com,+1-555-670-1196,crm_v2,cancelled,1
3682,APAC,us,47157.0,2024-10-12,"1,553.95",8.0,user3682@corp-example.com,+1-555-450-4612,crm_v2,cancelled,0
3683,NA,US,69687.0,2024-04-19,671.48,3.0,user3683@corp-example.com,+1-555-637-9628,crm_v2,active,0
3684,APAC,DE,-999.0,2024-04-01,"2,484.05",8.0,user3684@corp-example.com,+1-555-585-6072,crm_v2,Active,0
3685,NA,United States,50738.0,2023-12-11,"1,178.93",6.0,user3685@corp-example.com,+1-555-821-5508,crm_v2,ACTIVE,0
3686,NA,IN,85567.0,2023-06-11,765.92,,user3686@corp-example.com,+1-555-607-8778,crm_v2,ACTIVE,1
3687,APAC,IN,46229.0,2024-06-29,919.73,6.0,user3687@corp-example.com,+1-555-835-5231,crm_v2,cancelled,0
3688,EU,us,47401.0,2023-06-17,624.97,10.0,user3688@corp-example.com,+1-555-667-1944,crm_v2,ACTIVE,0
3689,APAC,US,25953.0,2023-03-30,"2,675.72",0.0,user3689@corp-example.com,+1-555-491-9380,crm_v2,active,0
3690,APAC,IN,43973.0,2025-02-13,"1,796.72",7.0,user3690@corp-example.com,+1-555-611-2030,crm_v2,Active,0
3691,NA,US,41963.0,2024-08-16,659.30,4.0,user3691@corp-example.com,+1-555-579-3617,crm_v2,cancelled,0
3692,EU,US,85518.0,2025-02-28,"2,127.89",5.0,user3692@corp-example.com,+1-555-916-7104,crm_v2,ACTIVE,0
3693,EU,DE,78150.0,2023-07-24,270.74,3.0,user3693@corp-example.com,+1-555-103-3982,crm_v2,cancelled,0
3694,NA,DE,41458.0,2024-05-15,"3,738.65",6.0,user3694@corp-example.com,+1-555-433-8812,crm_v2,Active,0
3695,EU,us,89224.0,2024-07-27,177.77,4.0,user3695@corp-example.com,+1-555-436-7352,crm_v2,ACTIVE,0
3696,APAC,United States,71546.0,2025-02-24,"3,383.21",,user3696@corp-example.com,+1-555-405-1624,crm_v2,active,1
3697,NA,US,57486.0,2023-10-07,"1,321.67",9.0,user3697@corp-example.com,+1-555-814-9953,crm_v2,cancelled,0
3698,NA,us,72107.0,1900-01-01,"1,370.63",1.0,user3698@corp-example.com,+1-555-183-3979,crm_v2,active,0
3699,NA,IN,-999.0,2023-12-01,501.38,4.0,user3699@corp-example.com,+1-555-718-5442,crm_v2,cancelled,0
3700,NA,DE,48837.0,2023-05-15,"1,391.76",9.0,user3700@corp-example.com,+1-555-941-8745,crm_v2,ACTIVE,0
3701,NA,US,-999.0,2025-04-15,463.04,6.0,user3701@corp-example.com,+1-555-776-8057,crm_v2,cancelled,0
3702,NA,IN,46696.0,1900-01-01,310.30,4.0,user3702@corp-example.com,+1-555-265-6876,crm_v2,Active,0
3703,APAC, US,60063.0,2023-11-04,605.18,4.0,user3703@corp-example.com,+1-555-341-3484,crm_v2,Active,0
3704,EU,us,54868.0,2023-12-31,"2,920.12",10.0,user3704@corp-example.com,+1-555-209-3259,crm_v2,Active,0
3705,EU,DE,49201.0,2024-12-10,614.58,9.0,user3705@corp-example.com,+1-555-883-4163,crm_v2,Active,0
3706,NA,us,74550.0,2023-05-29,866.28,7.0,user3706@corp-example.com,+1-555-554-2351,crm_v2,ACTIVE,0
3707,NA,DE,44393.0,2023-04-03,"1,906.10",5.0,user3707@corp-example.com,+1-555-837-2600,crm_v2,cancelled,0
3708,APAC,US,73311.0,2023-04-22,603.39,8.0,user3708@corp-example.com,+1-555-212-3221,crm_v2,cancelled,0
3709,NA,IN,-999.0,2024-09-14,"1,013.46",0.0,user3709@corp-example.com,+1-555-143-3239,crm_v2,Active,0
3710,APAC,DE,61745.0,2031-05-01,534.87,4.0,user3710@corp-example.com,+1-555-686-3130,crm_v2,cancelled,0
3132,NA,United States,43559.0,2023-03-11,888.60,9.0,user3711@corp-example.com,+1-555-245-2224,crm_v2,cancelled,0
3712,EU,IN,60002.0,2024-03-12,"1,282.01",0.0,user3712@corp-example.com,+1-555-644-8823,crm_v2,active,0
3713,EU,US,48553.0,2024-04-01,384.84,8.0,user3713@corp-example.com,+1-555-814-9559,crm_v2,ACTIVE,0
3714,NA,US,34314.0,2024-08-29,"2,757.33",,user3714@corp-example.com,+1-555-892-9076,crm_v2,Active,1
3715,NA,US,59833.0,2025-03-09,"2,144.80",,user3715@corp-example.com,+1-555-662-2662,crm_v2,Active,1
3716,NA,United States,59360.0,2023-01-09,294.52,5.0,user3716@corp-example.com,+1-555-503-3598,crm_v2,ACTIVE,0
3717,NA,United States,72377.0,2023-08-31,"2,267.64",7.0,user3717@corp-example.com,+1-555-102-5068,crm_v2,ACTIVE,0
3718,NA, US,64317.0,2023-09-16,"1,277.35",1.0,user3718@corp-example.com,+1-555-475-1073,crm_v2,active,0
3719,NA,United States,45121.0,2023-09-10,"1,703.93",4.0,user3719@corp-example.com,+1-555-859-8891,crm_v2,ACTIVE,0
3720,NA,IN,51044.0,2024-03-31,396.61,10.0,user3720@corp-example.com,+1-555-147-5627,crm_v2,Active,0
3721,NA,us,23376.0,2025-04-04,383.19,8.0,user3721@corp-example.com,+1-555-887-8298,crm_v2,Active,0
3722,NA,US,43547.0,2024-01-03,"1,598.94",1.0,user3722@corp-example.com,+1-555-452-9945,crm_v2,active,0
3723,NA,US,79296.0,2024-01-22,"2,059.23",6.0,user3723@corp-example.com,+1-555-426-8999,crm_v2,ACTIVE,0
3724,NA,DE,82512.0,2023-07-06,"1,996.36",2.0,user3724@corp-example.com,+1-555-599-8972,crm_v2,active,0
3725,EU, US,71385.0,2024-07-24,"1,585.95",3.0,user3725@corp-example.com,+1-555-376-3709,crm_v2,cancelled,0
3726,NA,IN,64578.0,2023-07-18,444.67,1.0,user3726@corp-example.com,+1-555-157-2835,crm_v2,Active,0
3727,APAC,us,68792.0,2024-10-04,258.36,8.0,user3727@corp-example.com,+1-555-400-8684,crm_v2,active,0
3728,NA,United States,67299.0,2024-05-18,356.11,9.0,user3728@corp-example.com,+1-555-709-5239,crm_v2,active,0
3729,APAC, US,34451.0,2024-10-14,765.67,9.0,user3729@corp-example.com,+1-555-966-4394,crm_v2,ACTIVE,0
3730,NA, US,47190.0,2023-05-10,"1,181.97",0.0,user3730@corp-example.com,+1-555-336-3063,crm_v2,active,0
3731,NA, US,-999.0,2025-05-17,986.71,,user3731@corp-example.com,+1-555-102-4209,crm_v2,cancelled,1
3732,NA,us,77558.0,1900-01-01,202.40,8.0,user3732@corp-example.com,+1-555-909-4023,crm_v2,active,0
312,APAC,DE,63650.0,2025-05-08,806.12,,user3733@corp-example.com,+1-555-407-2776,crm_v2,active,1
3734,NA, US,55505.0,2025-05-11,"1,921.03",9.0,user3734@corp-example.com,+1-555-976-1654,crm_v2,active,0
3735,APAC, US,54399.0,2023-03-11,115.80,6.0,user3735@corp-example.com,+1-555-441-3185,crm_v2,cancelled,0
3736,EU,United States,52049.0,2023-12-27,"2,826.75",,user3736@corp-example.com,+1-555-463-8957,crm_v2,Active,1
3737,NA,IN,46382.0,2023-02-16,"1,460.69",9.0,user3737@corp-example.com,+1-555-342-8750,crm_v2,active,0
3738,NA, US,31577.0,2023-06-16,401.29,3.0,user3738@corp-example.com,+1-555-518-5053,crm_v2,active,0
3739,NA,United States,62294.0,2024-10-31,"1,239.46",3.0,user3739@corp-example.com,+1-555-576-7058,crm_v2,cancelled,0
889,NA,United States,53394.0,2023-10-21,73.61,0.0,user3740@corp-example.com,+1-555-431-1503,crm_v2,cancelled,0
3741,EU,us,56916.0,2023-07-02,380.77,6.0,user3741@corp-example.com,+1-555-671-7259,crm_v2,active,0
1338,NA,US,85469.0,2023-11-18,398.50,7.0,user3742@corp-example.com,+1-555-246-1122,crm_v2,cancelled,0
3743,APAC,IN,68850.0,2024-09-23,452.72,,user3743@corp-example.com,+1-555-549-3320,crm_v2,active,1
3744,NA,US,49689.0,2025-03-07,"1,199.85",,user3744@corp-example.com,+1-555-382-3792,crm_v2,Active,1
3745,NA,United States,68680.0,2023-04-14,716.12,10.0,user3745@corp-example.com,+1-555-282-4564,crm_v2,Active,0
3746,EU,DE,37803.0,2024-08-24,470.90,8.0,user3746@corp-example.com,+1-555-812-1872,crm_v2,ACTIVE,0
3747,NA,IN,75659.0,2024-02-18,545.19,3.0,user3747@corp-example.com,+1-555-691-7812,crm_v2,ACTIVE,0
3748,EU, US,63984.0,2023-02-06,"3,516.78",5.0,user3748@corp-example.com,+1-555-122-3758,crm_v2,ACTIVE,0
3749,NA,us,57211.0,2024-01-27,981.47,2.0,user3749@corp-example.com,+1-555-606-7573,crm_v2,active,0
3750,NA,US,68545.0,2023-10-13,787.18,2.0,user3750@corp-example.com,+1-555-637-9132,crm_v2,Active,0
3751,NA,IN,81652.0,2024-01-28,"3,085.42",1.0,user3751@corp-example.com,+1-555-190-5874,crm_v2,active,0
3752,NA,IN,53205.0,2023-03-03,971.25,6.0,user3752@corp-example.com,+1-555-122-5871,crm_v2,active,0
3753,APAC,United States,45440.0,2024-05-14,902.61,1.0,user3753@corp-example.com,+1-555-630-7322,crm_v2,ACTIVE,0
3754,EU,us,91419.0,2023-08-20,342.12,10.0,user3754@corp-example.com,+1-555-830-4705,crm_v2,cancelled,0
3755,NA, US,60310.0,2023-04-26,"1,763.60",10.0,user3755@corp-example.com,+1-555-601-4525,crm_v2,ACTIVE,0
3756,EU,IN,82229.0,2024-01-01,572.53,2.0,user3756@corp-example.com,+1-555-200-9337,crm_v2,ACTIVE,0
3757,APAC,us,50058.0,2024-02-07,241.74,2.0,user3757@corp-example.com,+1-555-916-4485,crm_v2,Active,0
3758,NA,IN,65687.0,2024-02-25,"2,666.54",1.0,user3758@corp-example.com,+1-555-578-6046,crm_v2,active,0
3759,APAC,US,50568.0,2025-06-10,"1,443.03",6.0,user3759@corp-example.com,+1-555-709-7170,crm_v2,active,0
3760,NA, US,69471.0,2024-10-09,680.20,9.0,user3760@corp-example.com,+1-555-387-2289,crm_v2,ACTIVE,0
3761,EU,US,55973.0,2023-02-24,914.65,8.0,user3761@corp-example.com,+1-555-379-1242,crm_v2,Active,0
3762,NA, US,50134.0,2023-04-12,956.22,2.0,user3762@corp-example.com,+1-555-690-2900,crm_v2,active,0
3763,NA,us,83089.0,2024-12-13,904.11,9.0,user3763@corp-example.com,+1-555-139-7286,crm_v2,Active,0
3764,NA,IN,-999.0,2023-10-30,"1,179.00",9.0,user3764@corp-example.com,+1-555-510-9809,crm_v2,Active,0
3765,EU,us,29949.0,2024-05-26,677.09,9.0,user3765@corp-example.com,+1-555-952-4649,crm_v2,active,0
3766,NA,us,56573.0,2024-10-30,918.22,3.0,user3766@corp-example.com,+1-555-693-6875,crm_v2,Active,0
3767,EU,United States,46447.0,2023-06-17,222.28,9.0,user3767@corp-example.com,+1-555-888-2952,crm_v2,cancelled,0
3768,APAC, US,41975.0,2024-05-08,521.17,4.0,user3768@corp-example.com,+1-555-273-2578,crm_v2,cancelled,0
3769,NA, US,51397.0,2024-08-25,"3,036.49",0.0,user3769@corp-example.com,+1-555-143-9104,crm_v2,active,0
502,NA, US,52967.0,2025-02-25,"2,078.70",9.0,user3770@corp-example.com,+1-555-561-5513,crm_v2,ACTIVE,0
3771,EU,US,60551.0,2023-11-03,"1,392.36",1.0,user3771@corp-example.com,+1-555-153-2817,crm_v2,cancelled,0
3772,NA, US,48271.0,2023-03-08,244.99,10.0,user3772@corp-example.com,+1-555-252-9931,crm_v2,cancelled,0
3773,NA,US,32393.0,2024-03-09,"1,756.72",4.0,user3773@corp-example.com,+1-555-896-2781,crm_v2,Active,0
3774,EU,US,52093.0,2024-08-08,"2,824.03",8.0,user3774@corp-example.com,+1-555-121-4787,crm_v2,ACTIVE,0
3775,EU,US,73120.0,2023-07-13,"1,282.66",1.0,user3775@corp-example.com,+1-555-616-6415,crm_v2,cancelled,0
3776,APAC,United States,39755.0,2025-05-27,687.07,2.0,user3776@corp-example.com,+1-555-359-9856,crm_v2,ACTIVE,0
3777,APAC,US,69242.0,2025-06-16,698.36,4.0,user3777@corp-example.com,+1-555-624-8252,crm_v2,active,0
3778,APAC,us,66866.0,2023-01-06,908.32,6.0,user3778@corp-example.com,+1-555-630-9289,crm_v2,ACTIVE,0
3779,NA,us,53382.0,2025-04-19,380.80,10.0,user3779@corp-example.com,+1-555-631-1368,crm_v2,Active,0
3780,APAC, US,-999.0,2025-06-17,"2,016.49",8.0,user3780@corp-example.com,+1-555-829-3916,crm_v2,ACTIVE,0
3781,EU,United States,48900.0,2024-03-29,704.56,7.0,user3781@corp-example.com,+1-555-270-7450,crm_v2,Active,0
3782,NA, US,54089.0,2024-04-10,572.79,8.0,user3782@corp-example.com,+1-555-170-1671,crm_v2,ACTIVE,0
3783,APAC,US,44845.0,2024-03-07,"2,572.36",6.0,user3783@corp-example.com,+1-555-947-2517,crm_v2,Active,0
3784,NA,IN,66956.0,2024-05-15,578.01,,user3784@corp-example.com,+1-555-980-3107,crm_v2,active,1
3785,EU,IN,-999.0,2023-12-20,849.93,3.0,user3785@corp-example.com,+1-555-587-9496,crm_v2,ACTIVE,0
3786,EU, US,49931.0,2023-02-27,650.07,9.0,user3786@corp-example.com,+1-555-463-5076,crm_v2,cancelled,0
3787,APAC,IN,77845.0,2024-06-03,"1,218.31",,user3787@corp-example.com,+1-555-694-3845,crm_v2,cancelled,1
3788,EU,us,28258.0,2025-02-21,"1,400.47",10.0,user3788@corp-example.com,+1-555-489-2739,crm_v2,ACTIVE,0
3789,APAC,United States,46847.0,2024-07-21,"1,388.65",7.0,user3789@corp-example.com,+1-555-462-1948,crm_v2,cancelled,0
3790,NA,IN,44957.0,2024-07-19,"1,561.32",2.0,user3790@corp-example.com,+1-555-127-6826,crm_v2,ACTIVE,0
3791,NA,US,85664.0,2024-11-13,"1,924.93",1.0,user3791@corp-example.com,+1-555-743-3330,crm_v2,ACTIVE,0
3792,NA,US,51221.0,2025-04-20,814.59,6.0,user3792@corp-example.com,+1-555-975-5911,crm_v2,cancelled,0
3793,EU,us,71636.0,2023-05-12,"2,105.68",2.0,user3793@corp-example.com,+1-555-941-4374,crm_v2,active,0
3794,NA,IN,-999.0,2024-09-25,971.74,9.0,user3794@corp-example.com,+1-555-725-8067,crm_v2,Active,0
3795,NA,United States,61724.0,2025-03-31,99.51,8.0,user3795@corp-example.com,+1-555-938-8043,crm_v2,active,0
3796,NA, US,68456.0,2024-12-21,449.50,7.0,user3796@corp-example.com,+1-555-112-6975,crm_v2,ACTIVE,0
3797,EU,IN,59466.0,2023-03-09,239.68,5.0,user3797@corp-example.com,+1-555-252-4049,crm_v2,ACTIVE,0
3798,NA,United States,19406.0,2023-08-02,795.63,,user3798@corp-example.com,+1-555-139-9451,crm_v2,ACTIVE,1
3799,EU,IN,62654.0,2025-04-20,"1,286.52",7.0,user3799@corp-example.com,+1-555-278-7397,crm_v2,cancelled,0
3800,NA,IN,72114.0,2023-05-01,468.18,,user3800@corp-example.com,+1-555-899-9255,crm_v2,cancelled,1
3801,APAC,DE,-999.0,2023-07-15,"1,272.39",10.0,user3801@corp-example.com,+1-555-583-4678,crm_v2,cancelled,0
3802,EU,US,65962.0,2024-10-19,"1,404.34",1.0,user3802@corp-example.com,+1-555-962-3652,crm_v2,Active,0
3803,NA,IN,34810.0,2024-03-14,"2,834.37",8.0,user3803@corp-example.com,+1-555-127-8874,crm_v2,ACTIVE,0
3804,NA,us,56893.0,2025-04-26,876.16,,user3804@corp-example.com,+1-555-169-7362,crm_v2,Active,1
3805,NA,US,73502.0,2025-01-24,251.26,10.0,user3805@corp-example.com,+1-555-887-2540,crm_v2,active,0
3806,NA,us,47793.0,2023-05-12,"1,009.65",5.0,user3806@corp-example.com,+1-555-186-4686,crm_v2,ACTIVE,0
3807,NA,United States,68449.0,2023-11-15,416.76,1.0,user3807@corp-example.com,+1-555-689-8086,crm_v2,active,0
3808,NA,United States,52862.0,2024-03-21,511.68,4.0,user3808@corp-example.com,+1-555-116-9289,crm_v2,ACTIVE,0
3809,NA, US,-999.0,2023-04-04,"1,325.34",2.0,user3809@corp-example.com,+1-555-829-2919,crm_v2,cancelled,0
3810,NA,United States,71332.0,2023-12-24,578.82,9.0,user3810@corp-example.com,+1-555-797-9480,crm_v2,cancelled,0
3811,NA,us,49420.0,2024-09-04,"1,427.15",8.0,user3811@corp-example.com,+1-555-516-2206,crm_v2,Active,0
3812,APAC,US,102808.0,2023-02-11,"2,601.33",,user3812@corp-example.com,+1-555-704-2470,crm_v2,Active,1
3813,EU,United States,62278.0,2024-10-17,"1,351.07",5.0,user3813@corp-example.com,+1-555-976-5979,crm_v2,cancelled,0
3814,NA,DE,65135.0,2024-10-20,447.65,9.0,user3814@corp-example.com,+1-555-616-3581,crm_v2,active,0
3815,NA,United States,48924.0,2024-01-02,"2,088.51",8.0,user3815@corp-example.com,+1-555-700-6781,crm_v2,ACTIVE,0
3816,NA,United States,60936.0,2025-03-18,681.66,,user3816@corp-example.com,+1-555-478-5101,crm_v2,cancelled,1
3817,NA,IN,55996.0,2024-08-15,822.39,1.0,user3817@corp-example.com,+1-555-186-2760,crm_v2,active,0
3818,NA, US,38178.0,2023-10-29,"1,911.34",8.0,user3818@corp-example.com,+1-555-126-9286,crm_v2,Active,0
3819,NA,US,37093.0,2025-01-26,276.84,5.0,user3819@corp-example.com,+1-555-618-6079,crm_v2,Active,0
3820,NA,us,64297.0,2025-03-12,"1,222.30",,user3820@corp-example.com,+1-555-480-1213,crm_v2,active,1
3821,EU,us,-999.0,2023-01-03,"1,181.58",2.0,user3821@corp-example.com,+1-555-265-4108,crm_v2,cancelled,0
3822,NA,United States,20627.0,2024-01-19,"1,506.32",2.0,user3822@corp-example.com,+1-555-811-9010,crm_v2,active,0
3823,EU,us,-999.0,2024-08-07,979.40,2.0,user3823@corp-example.com,+1-555-295-3187,crm_v2,active,0
3824,NA,United States,55381.0,2024-10-15,"1,174.31",,user3824@corp-example.com,+1-555-556-1619,crm_v2,cancelled,1
3825,EU,us,58972.0,2024-07-14,"1,576.02",10.0,user3825@corp-example.com,+1-555-152-2382,crm_v2,ACTIVE,0
3826,NA, US,69106.0,2025-06-10,"1,767.68",0.0,user3826@corp-example.com,+1-555-321-3236,crm_v2,cancelled,0
3827,NA,us,41438.0,2024-02-13,115.53,,user3827@corp-example.com,+1-555-259-8393,crm_v2,ACTIVE,1
3828,NA,DE,-999.0,2023-06-09,"1,883.42",2.0,user3828@corp-example.com,+1-555-417-5071,crm_v2,active,0
3829,NA, US,55390.0,2023-06-29,588.67,10.0,user3829@corp-example.com,+1-555-968-8136,crm_v2,active,0
3830,APAC, US,52397.0,2025-01-20,"1,454.71",3.0,user3830@corp-example.com,+1-555-194-1324,crm_v2,ACTIVE,0
3831,NA,IN,57877.0,2023-11-02,"1,440.02",8.0,user3831@corp-example.com,+1-555-362-3621,crm_v2,ACTIVE,0
3832,NA,US,74775.0,2025-04-22,"1,865.96",2.0,user3832@corp-example.com,+1-555-593-1558,crm_v2,Active,0
3833,NA,us,68359.0,2024-01-03,"1,613.21",0.0,user3833@corp-example.com,+1-555-822-2851,crm_v2,ACTIVE,0
3834,EU,us,73335.0,2024-01-02,"5,682.71",2.0,user3834@corp-example.com,+1-555-323-2867,crm_v2,ACTIVE,0
3835,APAC, US,49688.0,2025-01-04,"1,345.84",4.0,user3835@corp-example.com,+1-555-493-8990,crm_v2,Active,0
3836,EU,us,55742.0,2024-04-01,883.95,6.0,user3836@corp-example.com,+1-555-585-1758,crm_v2,active,0
3837,NA,US,42564.0,2024-10-28,"1,184.60",8.0,user3837@corp-example.com,+1-555-654-3599,crm_v2,Active,0
3838,EU,US,51699.0,2024-12-03,265.47,0.0,user3838@corp-example.com,+1-555-301-1742,crm_v2,cancelled,0
3839,APAC,us,54054.0,2024-04-03,832.34,3.0,user3839@corp-example.com,+1-555-324-4487,crm_v2,ACTIVE,0
3840,NA,DE,53016.0,2025-05-15,"2,750.66",5.0,user3840@corp-example.com,+1-555-642-8901,crm_v2,Active,0
3841,EU,us,70695.0,2023-09-30,"1,075.01",3.0,user3841@corp-example.com,+1-555-852-7906,crm_v2,ACTIVE,0
3842,EU,us,66377.0,2024-10-24,815.10,1.0,user3842@corp-example.com,+1-555-175-3899,crm_v2,cancelled,0
3843,NA,United States,71387.0,2025-02-23,172.33,4.0,user3843@corp-example.com,+1-555-911-4544,crm_v2,ACTIVE,0
3844,NA, US,61923.0,2023-12-29,"1,460.74",6.0,user3844@corp-example.com,+1-555-205-4887,crm_v2,Active,0
3845,EU,us,76088.0,2023-02-05,36.56,6.0,user3845@corp-example.com,+1-555-370-8420,crm_v2,active,0
3846,NA,us,61706.0,2023-07-18,"1,004.63",8.0,user3846@corp-example.com,+1-555-483-6136,crm_v2,Active,0
3847,NA,us,74483.0,2023-11-22,93.56,,user3847@corp-example.com,+1-555-223-2765,crm_v2,active,1
3848,EU,US,67544.0,2023-10-13,714.60,,user3848@corp-example.com,+1-555-753-4402,crm_v2,Active,1
3849,APAC,United States,-999.0,2023-10-29,349.84,10.0,user3849@corp-example.com,+1-555-274-6330,crm_v2,Active,0
3850,NA, US,58995.0,1900-01-01,370.73,7.0,user3850@corp-example.com,+1-555-372-3591,crm_v2,Active,0
3851,NA,US,41420.0,2024-03-11,972.19,9.0,user3851@corp-example.com,+1-555-181-9772,crm_v2,cancelled,0
3852,EU, US,38328.0,2023-03-27,799.59,6.0,user3852@corp-example.com,+1-555-634-9966,crm_v2,ACTIVE,0
3853,APAC,IN,89361.0,2023-02-10,"2,377.63",9.0,user3853@corp-example.com,+1-555-694-5903,crm_v2,Active,0
3854,NA,United States,65818.0,2024-06-17,"2,085.09",7.0,user3854@corp-example.com,+1-555-274-2736,crm_v2,cancelled,0
3855,EU,US,66652.0,2024-01-18,445.90,,user3855@corp-example.com,+1-555-132-6418,crm_v2,active,1
3856,NA,United States,57497.0,2024-07-20,"2,420.60",10.0,user3856@corp-example.com,+1-555-481-1660,crm_v2,Active,0
3857,EU, US,53122.0,1900-01-01,"4,090.55",2.0,user3857@corp-example.com,+1-555-149-8098,crm_v2,Active,0
3858,NA,IN,103077.0,2025-06-03,"2,847.71",1.0,user3858@corp-example.com,+1-555-330-1439,crm_v2,Active,0
3859,EU,IN,43201.0,2023-02-24,789.44,5.0,user3859@corp-example.com,+1-555-904-2493,crm_v2,active,0
3860,NA,US,59059.0,2023-08-10,"2,382.69",0.0,user3860@corp-example.com,+1-555-161-7519,crm_v2,ACTIVE,0
3861,EU,us,59230.0,2025-06-12,"1,292.45",3.0,user3861@corp-example.com,+1-555-786-9101,crm_v2,active,0
3862,NA,DE,43035.0,2024-08-01,"2,035.22",9.0,user3862@corp-example.com,+1-555-770-8626,crm_v2,Active,0
3863,NA,US,40924.0,2025-01-20,"2,250.97",,user3863@corp-example.com,+1-555-193-5009,crm_v2,ACTIVE,1
3864,NA,United States,49453.0,2023-01-17,"1,980.06",4.0,user3864@corp-example.com,+1-555-461-2861,crm_v2,cancelled,0
3865,NA, US,-999.0,1900-01-01,450.69,6.0,user3865@corp-example.com,+1-555-396-7564,crm_v2,Active,0
3866,NA,US,52716.0,2023-12-22,"1,966.42",2.0,user3866@corp-example.com,+1-555-207-3215,crm_v2,ACTIVE,0
3867,NA,United States,72199.0,2024-08-09,"2,655.40",2.0,user3867@corp-example.com,+1-555-156-9689,crm_v2,cancelled,0
3868,EU,DE,42320.0,2024-07-15,407.14,4.0,user3868@corp-example.com,+1-555-679-5009,crm_v2,ACTIVE,0
3869,NA, US,-999.0,2023-08-03,613.45,8.0,user3869@corp-example.com,+1-555-176-3811,crm_v2,Active,0
3870,APAC,US,82029.0,2023-01-02,"4,405.76",6.0,user3870@corp-example.com,+1-555-559-9899,crm_v2,Active,0
3871,NA,us,73394.0,2025-03-09,"1,396.52",10.0,user3871@corp-example.com,+1-555-825-5486,crm_v2,Active,0
3872,EU,US,42912.0,2024-12-31,"1,590.47",6.0,user3872@corp-example.com,+1-555-142-2029,crm_v2,cancelled,0
3873,EU,DE,15700.0,2024-07-28,"1,945.62",8.0,user3873@corp-example.com,+1-555-230-4872,crm_v2,Active,0
3874,APAC,United States,72680.0,2025-05-19,690.32,0.0,user3874@corp-example.com,+1-555-230-7292,crm_v2,ACTIVE,0
4103,EU,United States,67451.0,2024-01-30,764.82,7.0,user3875@corp-example.com,+1-555-968-1320,crm_v2,cancelled,0
3876,NA,United States,-999.0,2023-08-26,662.21,6.0,user3876@corp-example.com,+1-555-583-9125,crm_v2,Active,0
3877,NA, US,79210.0,2023-09-17,"1,476.74",8.0,user3877@corp-example.com,+1-555-395-8311,crm_v2,active,0
3878,NA,DE,53932.0,2023-05-28,386.39,4.0,user3878@corp-example.com,+1-555-322-8169,crm_v2,ACTIVE,0
3879,EU,United States,61619.0,2024-02-01,202.39,2.0,user3879@corp-example.com,+1-555-807-3684,crm_v2,ACTIVE,0
3880,NA,us,44428.0,2023-05-12,616.18,8.0,user3880@corp-example.com,+1-555-769-7679,crm_v2,ACTIVE,0
3881,EU,IN,64786.0,2024-11-05,"1,717.87",6.0,user3881@corp-example.com,+1-555-871-6028,crm_v2,Active,0
3882,NA,us,-999.0,2024-02-27,"1,852.17",3.0,user3882@corp-example.com,+1-555-819-4160,crm_v2,Active,0
3883,APAC,United States,52448.0,2024-12-01,"1,392.43",0.0,user3883@corp-example.com,+1-555-791-4135,crm_v2,cancelled,0
3884,NA,US,76198.0,2023-10-30,"2,059.20",10.0,user3884@corp-example.com,+1-555-396-4051,crm_v2,cancelled,0
3885,EU, US,63217.0,2023-02-19,"1,007.26",4.0,user3885@corp-example.com,+1-555-164-5895,crm_v2,cancelled,0
3886,EU,DE,-999.0,2023-04-23,167.77,3.0,user3886@corp-example.com,+1-555-478-5688,crm_v2,active,0
3887,NA,United States,70373.0,2025-05-24,"3,106.47",8.0,user3887@corp-example.com,+1-555-305-5496,crm_v2,Active,0
3888,EU,IN,72549.0,2024-01-27,794.93,6.0,user3888@corp-example.com,+1-555-819-2658,crm_v2,Active,0
3889,NA,United States,47517.0,1900-01-01,"1,031.08",,user3889@corp-example.com,+1-555-110-1807,crm_v2,cancelled,1
3890,NA,US,54105.0,2024-05-19,"1,756.52",3.0,user3890@corp-example.com,+1-555-429-4332,crm_v2,cancelled,0
3891,NA,US,60807.0,2025-03-24,"1,479.14",6.0,user3891@corp-example.com,+1-555-948-5541,crm_v2,cancelled,0
3892,NA,IN,56259.0,2024-10-28,175.24,5.0,user3892@corp-example.com,+1-555-119-3197,crm_v2,ACTIVE,0
3893,EU,IN,61858.0,2023-02-20,433.75,7.0,user3893@corp-example.com,+1-555-720-7708,crm_v2,cancelled,0
3894,NA,IN,69749.0,2024-07-25,"1,948.25",7.0,user3894@corp-example.com,+1-555-931-7595,crm_v2,Active,0
3895,NA,US,52623.0,2025-02-12,"1,556.01",2.0,user3895@corp-example.com,+1-555-124-8988,crm_v2,ACTIVE,0
3896,NA,US,91212.0,2024-06-20,743.61,2.0,user3896@corp-example.com,+1-555-126-7741,crm_v2,Active,0
3897,APAC,DE,49322.0,2024-06-15,"1,822.72",4.0,user3897@corp-example.com,+1-555-627-1880,crm_v2,active,0
3898,EU,IN,51916.0,2024-08-28,759.47,7.0,user3898@corp-example.com,+1-555-409-7182,crm_v2,ACTIVE,0
3899,NA, US,89533.0,2023-03-27,598.76,6.0,user3899@corp-example.com,+1-555-618-5093,crm_v2,Active,0
3900,EU,DE,95769.0,2023-12-20,"3,405.26",4.0,user3900@corp-example.com,+1-555-239-3988,crm_v2,cancelled,0
3901,APAC,DE,60564.0,2023-01-01,"1,018.04",8.0,user3901@corp-example.com,+1-555-908-6964,crm_v2,cancelled,0
3902,EU,IN,57191.0,2024-04-10,"1,121.01",0.0,user3902@corp-example.com,+1-555-338-7183,crm_v2,cancelled,0
3903,EU,United States,43906.0,2023-08-03,"1,720.05",3.0,user3903@corp-example.com,+1-555-843-1746,crm_v2,Active,0
3904,NA,DE,77142.0,2024-07-09,668.45,6.0,user3904@corp-example.com,+1-555-791-8472,crm_v2,Active,0
3905,EU,DE,62597.0,2025-04-03,982.31,7.0,user3905@corp-example.com,+1-555-996-4522,crm_v2,Active,0
3906,APAC,United States,47307.0,2024-07-22,733.47,4.0,user3906@corp-example.com,+1-555-616-7827,crm_v2,ACTIVE,0
3907,EU, US,66089.0,2024-08-14,"1,301.59",6.0,user3907@corp-example.com,+1-555-185-8251,crm_v2,Active,0
3908,NA,US,80557.0,2023-02-17,974.69,7.0,user3908@corp-example.com,+1-555-556-6233,crm_v2,ACTIVE,0
3909,APAC,us,70286.0,2023-10-22,"1,041.05",3.0,user3909@corp-example.com,+1-555-380-4735,crm_v2,cancelled,0
3910,NA,US,93122.0,2024-06-15,485.05,10.0,user3910@corp-example.com,+1-555-375-2526,crm_v2,Active,0
3911,NA,DE,77394.0,2023-10-01,867.37,9.0,user3911@corp-example.com,+1-555-102-9567,crm_v2,active,0
3912,EU,IN,66609.0,2023-02-04,858.23,10.0,user3912@corp-example.com,+1-555-533-3064,crm_v2,active,0
3913,APAC,DE,59508.0,2024-10-09,222.00,9.0,user3913@corp-example.com,+1-555-436-3645,crm_v2,active,0
3914,NA,us,68252.0,2024-03-23,205.05,2.0,user3914@corp-example.com,+1-555-481-6182,crm_v2,active,0
3915,NA,United States,78260.0,2023-12-25,964.70,,user3915@corp-example.com,+1-555-755-3297,crm_v2,active,1
3916,NA, US,-999.0,2025-04-03,806.52,8.0,user3916@corp-example.com,+1-555-295-3822,crm_v2,cancelled,0
3917,EU,IN,75822.0,2023-03-21,"1,202.78",10.0,user3917@corp-example.com,+1-555-260-1954,crm_v2,cancelled,0
3918,NA,us,-999.0,2023-07-05,223.98,3.0,user3918@corp-example.com,+1-555-401-3280,crm_v2,active,0
1850,EU,DE,71497.0,2024-07-29,"1,242.37",10.0,user3919@corp-example.com,+1-555-240-9606,crm_v2,ACTIVE,0
3920,EU, US,78228.0,2025-06-11,725.04,0.0,user3920@corp-example.com,+1-555-649-9538,crm_v2,Active,0
3921,NA,IN,57519.0,2024-04-02,940.77,2.0,user3921@corp-example.com,+1-555-874-5057,crm_v2,ACTIVE,0
3922,APAC, US,40558.0,2024-09-29,"1,409.61",10.0,user3922@corp-example.com,+1-555-518-5286,crm_v2,active,0
3923,NA,us,85893.0,2025-02-25,320.69,,user3923@corp-example.com,+1-555-418-3503,crm_v2,active,1
3924,EU, US,68750.0,2023-03-23,"1,132.29",9.0,user3924@corp-example.com,+1-555-549-6510,crm_v2,Active,0
3925,NA,IN,53406.0,2023-03-29,"5,293.26",6.0,user3925@corp-example.com,+1-555-601-6536,crm_v2,ACTIVE,0
3926,NA, US,63511.0,2024-06-21,396.83,2.0,user3926@corp-example.com,+1-555-444-3490,crm_v2,cancelled,0
3927,NA,DE,56294.0,2024-08-18,"1,217.40",3.0,user3927@corp-example.com,+1-555-746-7635,crm_v2,cancelled,0
3928,NA,US,34424.0,2024-11-22,"2,758.97",1.0,user3928@corp-example.com,+1-555-910-6606,crm_v2,Active,0
3929,NA,IN,-999.0,2024-11-26,556.09,9.0,user3929@corp-example.com,+1-555-654-5260,crm_v2,active,0
3930,NA, US,-999.0,2023-04-18,"4,433.92",4.0,user3930@corp-example.com,+1-555-459-3127,crm_v2,Active,0
3931,NA, US,63042.0,2024-03-29,352.01,8.0,user3931@corp-example.com,+1-555-233-6039,crm_v2,active,0
3932,NA,us,58361.0,2023-01-16,"1,443.66",3.0,user3932@corp-example.com,+1-555-620-7737,crm_v2,cancelled,0
3933,NA,United States,77004.0,2024-12-20,709.97,3.0,user3933@corp-example.com,+1-555-539-5773,crm_v2,Active,0
3934,EU,DE,58199.0,2025-06-14,185.56,7.0,user3934@corp-example.com,+1-555-523-5987,crm_v2,cancelled,0
3935,APAC,IN,65611.0,2025-03-09,"1,352.81",3.0,user3935@corp-example.com,+1-555-622-7748,crm_v2,cancelled,0
3936,NA,United States,55519.0,2025-06-16,586.57,5.0,user3936@corp-example.com,+1-555-581-2133,crm_v2,active,0
3937,APAC,DE,54303.0,2024-10-24,729.69,4.0,user3937@corp-example.com,+1-555-377-8908,crm_v2,Active,0
3938,EU,DE,39039.0,2023-04-08,385.42,0.0,user3938@corp-example.com,+1-555-205-1218,crm_v2,Active,0
3939,NA,us,-999.0,2023-06-27,389.06,6.0,user3939@corp-example.com,+1-555-419-8791,crm_v2,cancelled,0
3940,NA,DE,62561.0,2023-07-01,479.83,1.0,user3940@corp-example.com,+1-555-148-8365,crm_v2,cancelled,0
3941,APAC,us,51258.0,2023-04-22,"2,551.59",1.0,user3941@corp-example.com,+1-555-501-6955,crm_v2,active,0
223,NA, US,63126.0,2023-02-28,847.50,,user3942@corp-example.com,+1-555-714-9827,crm_v2,Active,1
3943,NA,IN,53781.0,2024-05-07,"1,417.03",1.0,user3943@corp-example.com,+1-555-251-3564,crm_v2,cancelled,0
3944,EU,United States,49138.0,2024-08-10,48.82,6.0,user3944@corp-example.com,+1-555-582-2084,crm_v2,Active,0
3945,EU,DE,63741.0,2025-06-02,"2,373.87",7.0,user3945@corp-example.com,+1-555-362-9218,crm_v2,ACTIVE,0
3946,APAC,DE,78226.0,2024-06-24,964.18,9.0,user3946@corp-example.com,+1-555-961-8670,crm_v2,Active,0
3947,EU,US,55958.0,1900-01-01,522.45,3.0,user3947@corp-example.com,+1-555-727-1918,crm_v2,ACTIVE,0
3948,NA,IN,38630.0,2024-10-03,863.03,2.0,user3948@corp-example.com,+1-555-207-4975,crm_v2,cancelled,0
3949,NA,us,50780.0,2024-02-16,"1,539.64",1.0,user3949@corp-example.com,+1-555-618-1867,crm_v2,Active,0
3950,NA, US,86960.0,2024-05-26,"1,277.86",9.0,user3950@corp-example.com,+1-555-817-8653,crm_v2,active,0
3951,EU,United States,47833.0,2024-07-13,"1,327.72",0.0,user3951@corp-example.com,+1-555-629-8120,crm_v2,cancelled,0
3952,APAC, US,77819.0,2024-05-28,170.28,5.0,user3952@corp-example.com,+1-555-897-3195,crm_v2,Active,0
3953,NA,us,56415.0,2023-10-08,"1,799.81",2.0,user3953@corp-example.com,+1-555-377-2901,crm_v2,ACTIVE,0
3954,NA,United States,71103.0,2024-07-19,671.06,9.0,user3954@corp-example.com,+1-555-529-1000,crm_v2,ACTIVE,0
3955,NA, US,58407.0,2024-07-27,449.68,8.0,user3955@corp-example.com,+1-555-900-7322,crm_v2,active,0
3956,NA, US,36340.0,2024-07-25,"1,493.91",5.0,user3956@corp-example.com,+1-555-207-7876,crm_v2,Active,0
3957,EU,DE,53822.0,2023-01-17,864.54,5.0,user3957@corp-example.com,+1-555-232-4561,crm_v2,ACTIVE,0
3958,APAC, US,91681.0,2024-08-17,"3,360.79",9.0,user3958@corp-example.com,+1-555-645-2472,crm_v2,active,0
3959,NA,US,58024.0,2025-03-18,153.79,8.0,user3959@corp-example.com,+1-555-538-6769,crm_v2,active,0
3960,EU,IN,68472.0,2024-02-25,"1,020.57",9.0,user3960@corp-example.com,+1-555-302-6458,crm_v2,cancelled,0
3961,APAC,us,54957.0,2025-03-27,"1,728.72",7.0,user3961@corp-example.com,+1-555-376-2456,crm_v2,active,0
3962,NA,DE,58023.0,2024-03-29,144.14,2.0,user3962@corp-example.com,+1-555-725-2711,crm_v2,ACTIVE,0
3963,APAC,IN,64836.0,2024-09-07,778.03,2.0,user3963@corp-example.com,+1-555-928-5957,crm_v2,Active,0
3964,EU,US,67113.0,2025-01-30,293.21,7.0,user3964@corp-example.com,+1-555-982-6429,crm_v2,cancelled,0
3965,EU,US,93296.0,2023-05-08,130.78,3.0,user3965@corp-example.com,+1-555-439-5946,crm_v2,active,0
3966,NA,United States,59774.0,2023-10-17,"2,458.20",1.0,user3966@corp-example.com,+1-555-587-8904,crm_v2,ACTIVE,0
3967,NA,US,57308.0,2023-09-10,"1,328.52",1.0,user3967@corp-example.com,+1-555-134-3101,crm_v2,Active,0
3968,NA,United States,50079.0,2024-12-23,"2,310.20",10.0,user3968@corp-example.com,+1-555-501-2085,crm_v2,active,0
3969,APAC,DE,40318.0,2025-02-18,"1,664.53",4.0,user3969@corp-example.com,+1-555-908-3217,crm_v2,active,0
3970,APAC,DE,35871.0,2023-02-19,563.93,4.0,user3970@corp-example.com,+1-555-109-2754,crm_v2,Active,0
3971,NA,DE,69964.0,2023-10-01,"1,101.77",10.0,user3971@corp-example.com,+1-555-710-6185,crm_v2,cancelled,0
3972,EU,IN,32096.0,2023-09-09,"1,604.74",10.0,user3972@corp-example.com,+1-555-182-6458,crm_v2,ACTIVE,0
3418,NA, US,81111.0,2024-12-13,835.59,7.0,user3973@corp-example.com,+1-555-546-9561,crm_v2,ACTIVE,0
3974,EU,United States,72904.0,2023-07-02,"1,174.30",4.0,user3974@corp-example.com,+1-555-774-5614,crm_v2,active,0
3975,EU,IN,55598.0,2025-02-12,877.26,,user3975@corp-example.com,+1-555-787-3580,crm_v2,cancelled,1
3976,APAC, US,42715.0,2024-04-07,561.64,2.0,user3976@corp-example.com,+1-555-728-7589,crm_v2,cancelled,0
3977,EU,us,60453.0,2024-10-02,"1,078.72",,user3977@corp-example.com,+1-555-368-2841,crm_v2,cancelled,1
3978,NA,IN,60361.0,2023-06-21,756.18,3.0,user3978@corp-example.com,+1-555-387-5276,crm_v2,active,0
3979,NA,US,76939.0,2023-09-28,"2,032.82",,user3979@corp-example.com,+1-555-464-2003,crm_v2,ACTIVE,1
3980,EU,US,48909.0,2023-11-17,256.80,7.0,user3980@corp-example.com,+1-555-948-5401,crm_v2,cancelled,0
3981,APAC,DE,54371.0,2024-07-13,"1,121.97",3.0,user3981@corp-example.com,+1-555-567-7909,crm_v2,Active,0
3982,NA,United States,59248.0,2025-03-09,"1,353.55",5.0,user3982@corp-example.com,+1-555-916-9709,crm_v2,Active,0
3983,NA,United States,55882.0,2025-02-10,"2,947.55",,user3983@corp-example.com,+1-555-405-3532,crm_v2,cancelled,1
3984,NA,DE,50678.0,2025-02-19,699.27,8.0,user3984@corp-example.com,+1-555-280-3930,crm_v2,active,0
3985,NA, US,34324.0,1900-01-01,"1,118.95",8.0,user3985@corp-example.com,+1-555-771-9936,crm_v2,ACTIVE,0
3986,NA,DE,35451.0,2023-09-02,"1,026.62",2.0,user3986@corp-example.com,+1-555-837-5288,crm_v2,ACTIVE,0
3987,NA,United States,49911.0,2025-01-07,999.69,4.0,user3987@corp-example.com,+1-555-133-2556,crm_v2,cancelled,0
3988,NA,us,56677.0,2024-10-19,634.16,7.0,user3988@corp-example.com,+1-555-926-8183,crm_v2,ACTIVE,0
3989,EU,US,75027.0,2025-02-26,"1,486.76",,user3989@corp-example.com,+1-555-605-2470,crm_v2,active,1
3990,APAC,us,94685.0,2024-04-08,"1,373.44",0.0,user3990@corp-example.com,+1-555-276-1201,crm_v2,cancelled,0
3991,APAC,us,85758.0,2031-05-01,284.88,6.0,user3991@corp-example.com,+1-555-285-7112,crm_v2,Active,0
3992,NA,IN,65976.0,2024-02-08,538.31,2.0,user3992@corp-example.com,+1-555-222-5526,crm_v2,ACTIVE,0
3993,EU,United States,88223.0,2024-08-29,"1,301.29",6.0,user3993@corp-example.com,+1-555-993-4851,crm_v2,ACTIVE,0
3994,EU,DE,58309.0,2024-07-06,701.87,1.0,user3994@corp-example.com,+1-555-524-2764,crm_v2,cancelled,0
3995,NA,IN,52150.0,2024-05-24,972.09,5.0,user3995@corp-example.com,+1-555-750-9676,crm_v2,cancelled,0
3996,EU,DE,94749.0,2024-10-22,"1,975.99",4.0,user3996@corp-example.com,+1-555-722-4880,crm_v2,active,0
3997,NA,us,44049.0,2025-06-02,"1,933.89",5.0,user3997@corp-example.com,+1-555-253-8401,crm_v2,ACTIVE,0
3998,NA,us,53838.0,2024-05-01,515.15,,user3998@corp-example.com,+1-555-427-7764,crm_v2,cancelled,1
3999,NA,US,56109.0,2023-03-26,"1,717.03",8.0,user3999@corp-example.com,+1-555-670-5876,crm_v2,cancelled,0
4000,APAC,us,-999.0,2025-03-30,"1,115.19",5.0,user4000@corp-example.com,+1-555-813-8328,crm_v2,Active,0
4001,NA,US,51140.0,2023-01-24,"3,263.02",,user4001@corp-example.com,+1-555-244-4365,crm_v2,ACTIVE,1
4002,EU,us,71772.0,2024-07-06,"1,653.18",10.0,user4002@corp-example.com,+1-555-552-1096,crm_v2,ACTIVE,0
4003,EU,us,53953.0,2024-12-17,"1,645.99",6.0,user4003@corp-example.com,+1-555-506-3265,crm_v2,cancelled,0
4004,NA,us,41711.0,2023-12-05,637.35,6.0,user4004@corp-example.com,+1-555-172-9460,crm_v2,active,0
4005,APAC,United States,63594.0,2024-11-27,719.44,8.0,user4005@corp-example.com,+1-555-671-6133,crm_v2,ACTIVE,0
4006,NA,IN,62581.0,2025-04-06,587.39,,user4006@corp-example.com,+1-555-514-7713,crm_v2,ACTIVE,1
4007,NA,DE,42725.0,2024-07-06,"1,889.88",8.0,user4007@corp-example.com,+1-555-718-9529,crm_v2,cancelled,0
4008,EU,DE,47082.0,2025-05-08,83.94,1.0,user4008@corp-example.com,+1-555-104-3212,crm_v2,Active,0
4009,NA,DE,48170.0,2023-01-11,935.65,1.0,user4009@corp-example.com,+1-555-178-1297,crm_v2,active,0
4010,EU, US,74513.0,2024-05-14,355.48,1.0,user4010@corp-example.com,+1-555-638-6581,crm_v2,cancelled,0
4011,NA,IN,66988.0,2023-10-02,"1,890.69",5.0,user4011@corp-example.com,+1-555-152-6390,crm_v2,active,0
4012,NA,DE,63640.0,2023-07-30,"1,965.14",10.0,user4012@corp-example.com,+1-555-714-8887,crm_v2,ACTIVE,0
4013,EU,DE,67423.0,1900-01-01,115.14,6.0,user4013@corp-example.com,+1-555-913-6172,crm_v2,cancelled,0
4014,NA,IN,52929.0,2025-03-13,613.46,5.0,user4014@corp-example.com,+1-555-374-2625,crm_v2,cancelled,0
4015,APAC,DE,67233.0,2023-05-16,461.56,3.0,user4015@corp-example.com,+1-555-293-8368,crm_v2,active,0
4016,NA, US,51003.0,2024-03-04,"1,088.91",2.0,user4016@corp-example.com,+1-555-579-4468,crm_v2,Active,0
4017,NA,United States,-999.0,2023-01-23,902.46,1.0,user4017@corp-example.com,+1-555-662-2275,crm_v2,Active,0
4018,APAC,DE,49535.0,2023-11-14,"1,408.43",0.0,user4018@corp-example.com,+1-555-989-3933,crm_v2,active,0
4019,NA,United States,63238.0,2025-05-31,"1,578.24",1.0,user4019@corp-example.com,+1-555-567-3072,crm_v2,Active,0
4020,NA,United States,61430.0,2023-07-28,"2,092.57",0.0,user4020@corp-example.com,+1-555-835-7775,crm_v2,active,0
4021,NA,DE,75940.0,2024-05-05,748.12,1.0,user4021@corp-example.com,+1-555-956-7579,crm_v2,ACTIVE,0
4022,EU,US,34762.0,2023-10-08,"1,589.46",8.0,user4022@corp-example.com,+1-555-729-4553,crm_v2,active,0
4023,NA,IN,56791.0,2023-04-16,"1,015.93",1.0,user4023@corp-example.com,+1-555-306-4971,crm_v2,cancelled,0
4024,EU,IN,66006.0,2024-05-17,840.13,8.0,user4024@corp-example.com,+1-555-355-2757,crm_v2,active,0
4025,APAC,us,45656.0,2023-11-29,"1,389.59",4.0,user4025@corp-example.com,+1-555-496-4757,crm_v2,ACTIVE,0
4026,EU,us,63827.0,2023-08-30,"3,129.06",,user4026@corp-example.com,+1-555-276-2176,crm_v2,cancelled,1
4027,EU,United States,53957.0,2025-02-03,"1,505.89",7.0,user4027@corp-example.com,+1-555-419-9175,crm_v2,Active,0
4028,APAC,US,43151.0,2024-12-16,"1,920.21",7.0,user4028@corp-example.com,+1-555-499-2890,crm_v2,cancelled,0
4029,NA,US,76908.0,2025-01-31,322.97,4.0,user4029@corp-example.com,+1-555-586-5697,crm_v2,Active,0
4030,APAC,DE,39267.0,2024-04-13,"1,357.53",2.0,user4030@corp-example.com,+1-555-412-9516,crm_v2,cancelled,0
4031,EU,us,75098.0,2023-08-21,"1,687.20",3.0,user4031@corp-example.com,+1-555-101-3793,crm_v2,cancelled,0
4032,NA,us,53893.0,2025-06-17,358.43,10.0,user4032@corp-example.com,+1-555-474-8617,crm_v2,ACTIVE,0
4033,NA,IN,-999.0,2024-11-24,"1,328.76",2.0,user4033@corp-example.com,+1-555-605-6218,crm_v2,Active,0
4034,NA,IN,46837.0,2023-05-06,"4,961.79",2.0,user4034@corp-example.com,+1-555-703-2130,crm_v2,cancelled,0
4035,NA, US,49044.0,2023-11-02,"1,809.46",5.0,user4035@corp-example.com,+1-555-241-5356,crm_v2,active,0
4036,EU,DE,47396.0,2023-10-10,929.54,10.0,user4036@corp-example.com,+1-555-509-5141,crm_v2,ACTIVE,0
4037,EU,United States,64140.0,2023-06-16,"2,749.27",2.0,user4037@corp-example.com,+1-555-367-6759,crm_v2,cancelled,0
4038,NA,us,32093.0,2023-01-19,192.51,6.0,user4038@corp-example.com,+1-555-448-8744,crm_v2,active,0
4039,APAC,us,78700.0,2024-06-01,"2,355.49",0.0,user4039@corp-example.com,+1-555-361-3007,crm_v2,Active,0
4040,EU,United States,72630.0,2024-11-22,"2,140.77",4.0,user4040@corp-example.com,+1-555-146-6882,crm_v2,cancelled,0
4041,NA,United States,80918.0,2023-12-04,354.22,8.0,user4041@corp-example.com,+1-555-526-9864,crm_v2,Active,0
4042,NA, US,-999.0,2024-02-16,"2,150.73",4.0,user4042@corp-example.com,+1-555-399-8699,crm_v2,ACTIVE,0
4043,NA,US,-999.0,2024-11-29,"1,485.08",6.0,user4043@corp-example.com,+1-555-584-6097,crm_v2,ACTIVE,0
4044,APAC,United States,50759.0,2024-07-09,177.53,2.0,user4044@corp-example.com,+1-555-864-4744,crm_v2,cancelled,0
4045,EU,United States,57602.0,2025-03-12,"1,253.70",4.0,user4045@corp-example.com,+1-555-767-7097,crm_v2,cancelled,0
4046,NA,United States,64665.0,2023-08-14,"1,050.50",9.0,user4046@corp-example.com,+1-555-728-5373,crm_v2,active,0
4047,EU,IN,52347.0,2025-05-26,725.31,5.0,user4047@corp-example.com,+1-555-536-7708,crm_v2,active,0
4048,EU,us,58864.0,2024-08-05,"1,180.21",10.0,user4048@corp-example.com,+1-555-914-2683,crm_v2,active,0
4049,EU,DE,62366.0,2024-11-09,683.24,5.0,user4049@corp-example.com,+1-555-219-9013,crm_v2,Active,0
4050,NA, US,36903.0,2023-06-02,"1,648.16",3.0,user4050@corp-example.com,+1-555-900-4911,crm_v2,cancelled,0
4051,NA,United States,87206.0,2023-11-18,"1,073.00",4.0,user4051@corp-example.com,+1-555-239-1987,crm_v2,ACTIVE,0
4052,NA,United States,43299.0,2024-05-20,"1,388.29",4.0,user4052@corp-example.com,+1-555-482-4712,crm_v2,cancelled,0
4053,APAC,United States,-999.0,2023-11-08,170.77,6.0,user4053@corp-example.com,+1-555-408-2905,crm_v2,Active,0
4054,NA, US,76309.0,1900-01-01,"2,069.60",,user4054@corp-example.com,+1-555-621-9105,crm_v2,cancelled,1
4055,NA,us,48405.0,2023-06-19,961.17,4.0,user4055@corp-example.com,+1-555-817-2731,crm_v2,cancelled,0
4056,EU,United States,60191.0,2023-08-02,462.61,7.0,user4056@corp-example.com,+1-555-790-6080,crm_v2,Active,0
4057,NA,DE,84625.0,2024-02-25,586.48,8.0,user4057@corp-example.com,+1-555-595-3206,crm_v2,active,0
4058,APAC,IN,55927.0,2023-11-22,"1,282.85",6.0,user4058@corp-example.com,+1-555-612-2536,crm_v2,ACTIVE,0
4059,NA, US,75825.0,2024-10-31,"1,356.53",,user4059@corp-example.com,+1-555-193-4888,crm_v2,Active,1
4060,NA, US,64522.0,2024-06-01,733.30,,user4060@corp-example.com,+1-555-281-8491,crm_v2,ACTIVE,1
4061,NA, US,63586.0,1900-01-01,347.55,10.0,user4061@corp-example.com,+1-555-794-6486,crm_v2,active,0
4062,NA,IN,70925.0,2024-02-15,266.43,10.0,user4062@corp-example.com,+1-555-573-6568,crm_v2,Active,0
4063,NA,United States,56697.0,2023-04-13,"1,282.65",,user4063@corp-example.com,+1-555-303-9826,crm_v2,ACTIVE,1
4064,NA, US,57026.0,2024-03-08,712.99,10.0,user4064@corp-example.com,+1-555-209-1621,crm_v2,active,0
4065,EU,IN,74590.0,2024-09-15,119.60,2.0,user4065@corp-example.com,+1-555-230-7084,crm_v2,cancelled,0
4066,NA,IN,64095.0,2024-10-21,"1,296.52",6.0,user4066@corp-example.com,+1-555-872-1895,crm_v2,Active,0
4067,EU,DE,67640.0,2023-08-19,933.37,4.0,user4067@corp-example.com,+1-555-566-3983,crm_v2,Active,0
4068,NA,DE,42252.0,2023-12-14,609.03,0.0,user4068@corp-example.com,+1-555-732-6102,crm_v2,cancelled,0
4069,EU,DE,-999.0,2024-05-10,669.92,10.0,user4069@corp-example.com,+1-555-838-7860,crm_v2,Active,0
4070,APAC,us,78372.0,2024-10-21,751.23,7.0,user4070@corp-example.com,+1-555-188-7356,crm_v2,cancelled,0
4071,APAC,US,73680.0,2024-04-19,636.51,8.0,user4071@corp-example.com,+1-555-139-1089,crm_v2,ACTIVE,0
4072,EU,IN,65356.0,2025-02-05,769.78,8.0,user4072@corp-example.com,+1-555-559-5504,crm_v2,ACTIVE,0
4073,APAC,DE,52445.0,2023-05-31,"3,008.66",2.0,user4073@corp-example.com,+1-555-929-7159,crm_v2,ACTIVE,0
4074,NA,us,51025.0,2023-02-06,"2,336.21",2.0,user4074@corp-example.com,+1-555-652-4643,crm_v2,ACTIVE,0
4075,NA, US,66781.0,2025-03-03,412.51,3.0,user4075@corp-example.com,+1-555-330-3993,crm_v2,ACTIVE,0
4076,NA,United States,81483.0,2024-02-15,"1,280.20",9.0,user4076@corp-example.com,+1-555-755-6508,crm_v2,ACTIVE,0
4077,EU,United States,60864.0,2024-02-22,956.02,4.0,user4077@corp-example.com,+1-555-874-6668,crm_v2,cancelled,0
4078,APAC,DE,79774.0,2025-01-11,723.09,10.0,user4078@corp-example.com,+1-555-835-9556,crm_v2,ACTIVE,0
4079,NA,United States,55731.0,2023-02-02,718.17,8.0,user4079@corp-example.com,+1-555-931-3806,crm_v2,active,0
4080,NA,United States,78227.0,1900-01-01,"1,562.24",,user4080@corp-example.com,+1-555-202-1389,crm_v2,cancelled,1
4081,EU,DE,45245.0,2025-02-28,598.42,6.0,user4081@corp-example.com,+1-555-672-9007,crm_v2,ACTIVE,0
4082,NA,US,63028.0,2024-08-06,766.64,0.0,user4082@corp-example.com,+1-555-885-4920,crm_v2,ACTIVE,0
4083,APAC,US,44229.0,2024-10-19,"1,316.37",,user4083@corp-example.com,+1-555-285-1652,crm_v2,Active,1
4084,NA,IN,70120.0,2023-01-17,"2,473.06",7.0,user4084@corp-example.com,+1-555-647-4640,crm_v2,cancelled,0
4085,NA,US,68815.0,2023-05-29,645.54,2.0,user4085@corp-example.com,+1-555-905-3539,crm_v2,Active,0
4086,NA,US,45999.0,2024-07-13,"1,254.35",2.0,user4086@corp-example.com,+1-555-258-8253,crm_v2,cancelled,0
4087,NA,us,49069.0,2024-12-19,"1,584.15",6.0,user4087@corp-example.com,+1-555-192-7789,crm_v2,cancelled,0
4088,EU, US,53593.0,2024-10-07,967.65,9.0,user4088@corp-example.com,+1-555-936-2100,crm_v2,Active,0
4089,NA,us,-999.0,2023-04-17,836.08,6.0,user4089@corp-example.com,+1-555-661-2571,crm_v2,Active,0
4090,NA,US,46350.0,1900-01-01,"1,445.66",1.0,user4090@corp-example.com,+1-555-105-6901,crm_v2,Active,0
4091,EU,DE,47274.0,2024-03-11,308.47,10.0,user4091@corp-example.com,+1-555-276-2146,crm_v2,ACTIVE,0
4092,EU,DE,71950.0,2024-02-03,572.43,,user4092@corp-example.com,+1-555-201-8157,crm_v2,Active,1
4093,NA,US,80963.0,2024-08-24,719.44,,user4093@corp-example.com,+1-555-376-4461,crm_v2,active,1
4094,NA,US,53574.0,2025-05-11,842.05,10.0,user4094@corp-example.com,+1-555-847-7732,crm_v2,active,0
4095,NA,US,55917.0,2025-06-12,"1,703.83",10.0,user4095@corp-example.com,+1-555-634-1993,crm_v2,Active,0
4096,NA,us,63432.0,2023-10-28,"1,267.05",10.0,user4096@corp-example.com,+1-555-488-5810,crm_v2,Active,0
4097,NA,United States,52412.0,2025-05-06,"2,225.13",0.0,user4097@corp-example.com,+1-555-124-8449,crm_v2,ACTIVE,0
4098,NA,IN,-999.0,2024-06-02,"2,879.91",,user4098@corp-example.com,+1-555-474-8313,crm_v2,Active,1
4099,APAC,US,72776.0,2025-03-07,"1,211.81",4.0,user4099@corp-example.com,+1-555-555-9385,crm_v2,cancelled,0
4100,NA,US,63677.0,2024-06-12,"2,571.53",8.0,user4100@corp-example.com,+1-555-274-4369,crm_v2,ACTIVE,0
4101,EU,DE,58955.0,2025-04-17,"1,201.17",0.0,user4101@corp-example.com,+1-555-261-3577,crm_v2,ACTIVE,0
4102,EU, US,51651.0,2024-05-20,"1,016.00",2.0,user4102@corp-example.com,+1-555-889-9662,crm_v2,Active,0
4103,NA,us,82272.0,2023-04-15,759.77,0.0,user4103@corp-example.com,+1-555-908-6219,crm_v2,Active,0
4104,EU,IN,51032.0,2025-03-23,"1,217.44",6.0,user4104@corp-example.com,+1-555-519-8793,crm_v2,active,0
4105,NA,us,62045.0,2023-02-14,"1,710.03",6.0,user4105@corp-example.com,+1-555-256-4516,crm_v2,active,0
4106,NA,IN,44755.0,2023-05-29,747.46,,user4106@corp-example.com,+1-555-150-3691,crm_v2,ACTIVE,1
4107,NA,United States,51320.0,2023-04-11,"1,631.02",5.0,user4107@corp-example.com,+1-555-647-1941,crm_v2,active,0
4108,APAC,us,61643.0,2024-10-04,"1,249.62",0.0,user4108@corp-example.com,+1-555-850-5672,crm_v2,cancelled,0
4109,NA,IN,54314.0,2024-09-05,317.11,3.0,user4109@corp-example.com,+1-555-260-3164,crm_v2,active,0
4110,NA,IN,68219.0,2023-02-13,"2,638.09",,user4110@corp-example.com,+1-555-556-9123,crm_v2,active,1
4111,EU,us,61246.0,2023-02-09,475.33,7.0,user4111@corp-example.com,+1-555-642-9683,crm_v2,Active,0
4112,NA,United States,39507.0,2023-01-13,781.84,2.0,user4112@corp-example.com,+1-555-893-7518,crm_v2,active,0
4113,EU,us,-999.0,2023-07-01,571.60,1.0,user4113@corp-example.com,+1-555-719-8334,crm_v2,cancelled,0
4114,NA,us,75137.0,2023-08-28,765.94,8.0,user4114@corp-example.com,+1-555-533-6210,crm_v2,cancelled,0
4115,NA, US,51479.0,2023-02-14,"3,189.11",9.0,user4115@corp-example.com,+1-555-813-2590,crm_v2,ACTIVE,0
4116,EU, US,82389.0,2023-11-18,901.35,0.0,user4116@corp-example.com,+1-555-287-2645,crm_v2,cancelled,0
4117,NA,DE,60435.0,2024-07-18,"1,768.87",3.0,user4117@corp-example.com,+1-555-861-6454,crm_v2,active,0
4118,NA,us,48770.0,2024-09-22,616.04,5.0,user4118@corp-example.com,+1-555-608-7895,crm_v2,active,0
4119,EU,IN,68579.0,2024-08-31,"3,101.52",10.0,user4119@corp-example.com,+1-555-880-7704,crm_v2,cancelled,0
4120,NA,United States,56156.0,2024-02-05,"2,662.55",5.0,user4120@corp-example.com,+1-555-782-4418,crm_v2,active,0
4121,APAC,US,60404.0,2023-07-27,"1,337.66",3.0,user4121@corp-example.com,+1-555-357-7514,crm_v2,cancelled,0
4122,NA,US,-999.0,2025-02-02,855.77,10.0,user4122@corp-example.com,+1-555-283-8551,crm_v2,Active,0
4123,EU,US,69776.0,2023-08-13,482.64,10.0,user4123@corp-example.com,+1-555-734-4603,crm_v2,ACTIVE,0
4124,EU,IN,76622.0,2023-03-19,382.53,8.0,user4124@corp-example.com,+1-555-445-9323,crm_v2,active,0
4125,EU,us,52342.0,2025-05-27,550.61,2.0,user4125@corp-example.com,+1-555-532-2753,crm_v2,cancelled,0
4126,EU, US,86932.0,2024-08-24,501.12,7.0,user4126@corp-example.com,+1-555-861-8775,crm_v2,active,0
4127,NA,us,51688.0,2024-01-25,944.78,6.0,user4127@corp-example.com,+1-555-393-2038,crm_v2,cancelled,0
4128,EU,DE,63945.0,2024-06-19,"1,036.21",2.0,user4128@corp-example.com,+1-555-875-9028,crm_v2,Active,0
4129,EU,DE,35704.0,2023-08-31,"1,588.93",1.0,user4129@corp-example.com,+1-555-987-1365,crm_v2,ACTIVE,0
4130,NA,DE,31396.0,2024-11-11,"1,738.92",3.0,user4130@corp-example.com,+1-555-418-1033,crm_v2,active,0
4131,EU,DE,91693.0,2024-08-29,"1,058.87",4.0,user4131@corp-example.com,+1-555-921-9846,crm_v2,ACTIVE,0
4132,NA,DE,81546.0,2025-01-14,"1,285.82",9.0,user4132@corp-example.com,+1-555-445-3247,crm_v2,ACTIVE,0
4133,NA,DE,-999.0,2024-10-09,"2,164.43",0.0,user4133@corp-example.com,+1-555-422-6554,crm_v2,Active,0
4134,EU,us,34772.0,2024-02-01,498.29,1.0,user4134@corp-example.com,+1-555-456-3289,crm_v2,ACTIVE,0
4135,EU, US,63591.0,2024-04-14,"1,006.36",4.0,user4135@corp-example.com,+1-555-201-5273,crm_v2,cancelled,0
4136,EU,us,66491.0,2024-09-09,657.67,1.0,user4136@corp-example.com,+1-555-100-2316,crm_v2,ACTIVE,0
4137,APAC, US,61392.0,2023-03-21,977.71,5.0,user4137@corp-example.com,+1-555-841-5775,crm_v2,active,0
4138,EU,DE,64659.0,2023-08-04,"2,052.98",9.0,user4138@corp-example.com,+1-555-672-5221,crm_v2,ACTIVE,0
4139,APAC,IN,46436.0,2023-08-22,173.32,,user4139@corp-example.com,+1-555-611-3929,crm_v2,Active,1
4140,EU,IN,57798.0,2024-08-18,949.50,5.0,user4140@corp-example.com,+1-555-928-7646,crm_v2,Active,0
4141,NA,US,43123.0,2024-12-21,723.13,1.0,user4141@corp-example.com,+1-555-284-6652,crm_v2,Active,0
4142,NA,us,54962.0,2024-04-03,708.26,4.0,user4142@corp-example.com,+1-555-681-2302,crm_v2,ACTIVE,0
4143,NA,US,65761.0,2023-09-08,"3,022.57",2.0,user4143@corp-example.com,+1-555-914-3365,crm_v2,cancelled,0
4144,NA, US,48474.0,2024-10-02,"2,344.52",8.0,user4144@corp-example.com,+1-555-842-9275,crm_v2,Active,0
4145,NA,US,56040.0,2023-05-25,800.72,6.0,user4145@corp-example.com,+1-555-256-1418,crm_v2,Active,0
4146,EU,DE,53731.0,2024-01-25,"1,458.79",1.0,user4146@corp-example.com,+1-555-649-6010,crm_v2,ACTIVE,0
4147,EU,DE,60410.0,2023-09-09,"1,050.22",,user4147@corp-example.com,+1-555-461-8275,crm_v2,ACTIVE,1
4148,EU,IN,73973.0,2024-04-05,855.46,9.0,user4148@corp-example.com,+1-555-895-8670,crm_v2,Active,0
4149,NA,United States,63722.0,2024-11-05,"2,580.26",6.0,user4149@corp-example.com,+1-555-769-1968,crm_v2,active,0
4150,NA,us,66098.0,1900-01-01,938.05,6.0,user4150@corp-example.com,+1-555-803-5289,crm_v2,active,0
4151,NA,DE,38603.0,2025-03-29,176.70,9.0,user4151@corp-example.com,+1-555-861-4840,crm_v2,Active,0
4152,APAC,us,54741.0,2023-04-21,"2,258.45",,user4152@corp-example.com,+1-555-937-3793,crm_v2,active,1
4153,NA,United States,72427.0,2025-02-26,"1,380.32",,user4153@corp-example.com,+1-555-715-5324,crm_v2,active,1
4154,NA,United States,47275.0,2025-05-22,665.17,1.0,user4154@corp-example.com,+1-555-990-3180,crm_v2,cancelled,0
4155,EU,DE,-999.0,2025-03-11,187.61,5.0,user4155@corp-example.com,+1-555-478-2325,crm_v2,active,0
4156,NA, US,45649.0,2024-09-08,"1,379.36",8.0,user4156@corp-example.com,+1-555-461-3084,crm_v2,Active,0
4157,APAC,United States,80150.0,2025-03-16,"1,086.84",3.0,user4157@corp-example.com,+1-555-507-9465,crm_v2,ACTIVE,0
4158,NA,IN,53387.0,2023-03-01,550.93,9.0,user4158@corp-example.com,+1-555-589-7797,crm_v2,active,0
4159,NA,us,49236.0,2025-05-21,247.74,0.0,user4159@corp-example.com,+1-555-864-5376,crm_v2,Active,0
4160,NA,IN,-999.0,2024-04-02,762.87,1.0,user4160@corp-example.com,+1-555-414-8337,crm_v2,active,0
4161,NA,US,76627.0,2025-02-02,971.60,7.0,user4161@corp-example.com,+1-555-641-1293,crm_v2,ACTIVE,0
4162,EU,IN,67558.0,2025-04-09,436.86,4.0,user4162@corp-example.com,+1-555-288-8046,crm_v2,Active,0
4163,NA, US,74859.0,2024-07-17,410.02,7.0,user4163@corp-example.com,+1-555-386-6654,crm_v2,active,0
4164,NA, US,63314.0,2025-01-05,"2,483.85",5.0,user4164@corp-example.com,+1-555-165-5011,crm_v2,cancelled,0
4165,EU,us,58217.0,2023-09-27,255.65,10.0,user4165@corp-example.com,+1-555-734-8337,crm_v2,cancelled,0
4166,NA, US,53546.0,2023-11-16,660.94,5.0,user4166@corp-example.com,+1-555-976-5649,crm_v2,active,0
4167,APAC,IN,52528.0,2025-06-17,"1,740.91",0.0,user4167@corp-example.com,+1-555-665-9254,crm_v2,cancelled,0
4168,EU,IN,51197.0,2024-05-29,"2,265.63",,user4168@corp-example.com,+1-555-183-9913,crm_v2,Active,1
4169,EU,DE,65647.0,2023-07-17,56.07,9.0,user4169@corp-example.com,+1-555-494-9882,crm_v2,active,0
4170,APAC,IN,58441.0,2023-07-28,940.06,,user4170@corp-example.com,+1-555-743-9191,crm_v2,active,1
4171,APAC,us,61438.0,2023-10-14,707.49,3.0,user4171@corp-example.com,+1-555-125-2169,crm_v2,cancelled,0
4172,NA,IN,69201.0,2024-09-04,"2,180.49",9.0,user4172@corp-example.com,+1-555-479-3828,crm_v2,cancelled,0
4173,EU,United States,59316.0,2024-11-19,849.31,10.0,user4173@corp-example.com,+1-555-890-1331,crm_v2,Active,0
4174,NA,US,39610.0,2023-09-23,345.34,7.0,user4174@corp-example.com,+1-555-992-2624,crm_v2,cancelled,0
4175,NA, US,48270.0,2024-01-31,798.90,,user4175@corp-example.com,+1-555-834-4705,crm_v2,ACTIVE,1
4176,NA,IN,43358.0,2024-03-25,395.54,8.0,user4176@corp-example.com,+1-555-783-3345,crm_v2,cancelled,0
4177,NA,United States,31556.0,2023-02-07,"1,939.67",,user4177@corp-example.com,+1-555-735-5862,crm_v2,ACTIVE,1
4178,NA,us,61685.0,2023-02-18,267.26,10.0,user4178@corp-example.com,+1-555-844-1198,crm_v2,Active,0
4179,NA,IN,42157.0,2024-05-09,526.71,6.0,user4179@corp-example.com,+1-555-288-9918,crm_v2,ACTIVE,0
4180,EU,IN,40897.0,2023-10-18,"1,629.82",2.0,user4180@corp-example.com,+1-555-686-6321,crm_v2,cancelled,0
4181,NA,us,43976.0,2025-03-01,"2,086.93",10.0,user4181@corp-example.com,+1-555-414-8481,crm_v2,Active,0
4182,NA,United States,73191.0,2023-09-27,928.28,,user4182@corp-example.com,+1-555-255-4371,crm_v2,active,1
4183,NA,United States,55450.0,2024-04-16,202.78,,user4183@corp-example.com,+1-555-375-6826,crm_v2,cancelled,1
4184,NA,US,75076.0,2023-01-05,701.63,4.0,user4184@corp-example.com,+1-555-457-4360,crm_v2,active,0
4185,EU,United States,58757.0,2024-11-21,"1,524.98",,user4185@corp-example.com,+1-555-340-1831,crm_v2,ACTIVE,1
4186,NA,US,53570.0,2023-02-03,998.40,8.0,user4186@corp-example.com,+1-555-835-3397,crm_v2,cancelled,0
4187,EU,IN,68567.0,2023-06-28,827.60,1.0,user4187@corp-example.com,+1-555-164-4610,crm_v2,ACTIVE,0
4188,NA,US,69037.0,2024-04-26,357.70,10.0,user4188@corp-example.com,+1-555-426-1281,crm_v2,ACTIVE,0
4189,NA,us,61819.0,2024-12-04,885.90,9.0,user4189@corp-example.com,+1-555-976-8089,crm_v2,ACTIVE,0
4190,APAC,us,44559.0,2024-10-29,"1,611.02",2.0,user4190@corp-example.com,+1-555-982-7621,crm_v2,active,0
4191,NA,United States,53243.0,2023-10-24,"3,036.21",3.0,user4191@corp-example.com,+1-555-576-6252,crm_v2,Active,0
4192,EU,us,42385.0,2023-04-01,304.11,0.0,user4192@corp-example.com,+1-555-973-4933,crm_v2,Active,0
4193,NA,US,56219.0,2023-11-18,"1,140.04",9.0,user4193@corp-example.com,+1-555-454-4613,crm_v2,cancelled,0
4194,NA,IN,61483.0,2024-02-02,"1,691.83",3.0,user4194@corp-example.com,+1-555-940-6712,crm_v2,active,0
2213,NA,United States,82301.0,2024-10-27,55.65,0.0,user4195@corp-example.com,+1-555-155-9421,crm_v2,cancelled,0
4196,APAC,us,81247.0,2024-04-21,"1,348.49",0.0,user4196@corp-example.com,+1-555-179-2134,crm_v2,ACTIVE,0
4197,NA,IN,70220.0,2024-05-19,954.67,4.0,user4197@corp-example.com,+1-555-771-9052,crm_v2,ACTIVE,0
4198,EU,IN,74374.0,2024-08-25,"1,493.33",10.0,user4198@corp-example.com,+1-555-177-9539,crm_v2,ACTIVE,0
4199,NA,DE,63520.0,2024-01-25,"1,537.36",,user4199@corp-example.com,+1-555-154-9522,crm_v2,active,1
4200,APAC,US,101604.0,2024-02-20,877.09,2.0,user4200@corp-example.com,+1-555-864-3277,crm_v2,active,0
4201,NA,US,-999.0,2023-11-16,844.29,10.0,user4201@corp-example.com,+1-555-935-4169,crm_v2,cancelled,0
4202,NA,US,99716.0,2023-10-30,"1,142.09",10.0,user4202@corp-example.com,+1-555-108-8933,crm_v2,active,0
4203,EU,IN,65776.0,2023-10-07,497.88,8.0,user4203@corp-example.com,+1-555-126-2685,crm_v2,Active,0
4204,EU,United States,66245.0,2025-01-25,784.45,4.0,user4204@corp-example.com,+1-555-992-7473,crm_v2,active,0
4205,NA,United States,75829.0,2025-03-01,"2,251.59",,user4205@corp-example.com,+1-555-662-7035,crm_v2,ACTIVE,1
4206,NA,DE,62880.0,2023-01-22,131.80,6.0,user4206@corp-example.com,+1-555-370-4168,crm_v2,ACTIVE,0
4207,NA,United States,64709.0,2024-06-04,"2,062.51",10.0,user4207@corp-example.com,+1-555-465-6681,crm_v2,active,0
4208,EU,United States,45249.0,1900-01-01,458.17,2.0,user4208@corp-example.com,+1-555-429-3868,crm_v2,cancelled,0
4209,NA,IN,-999.0,2024-11-24,"1,914.53",10.0,user4209@corp-example.com,+1-555-357-8629,crm_v2,ACTIVE,0
4210,EU,IN,62073.0,2023-09-30,"1,003.37",10.0,user4210@corp-example.com,+1-555-441-1586,crm_v2,ACTIVE,0
4211,EU,United States,72172.0,2025-05-09,"1,470.20",4.0,user4211@corp-example.com,+1-555-605-7276,crm_v2,cancelled,0
4212,EU,United States,56731.0,2023-10-03,"1,352.21",,user4212@corp-example.com,+1-555-884-9362,crm_v2,cancelled,1
4213,NA,us,33409.0,2024-02-13,"1,490.25",6.0,user4213@corp-example.com,+1-555-730-5233,crm_v2,active,0
4214,NA, US,67548.0,2023-11-18,200.89,,user4214@corp-example.com,+1-555-278-1959,crm_v2,ACTIVE,1
4215,NA, US,77497.0,2024-10-06,"1,175.96",7.0,user4215@corp-example.com,+1-555-583-5147,crm_v2,active,0
4216,NA,IN,40840.0,2024-06-02,"1,495.21",1.0,user4216@corp-example.com,+1-555-668-5052,crm_v2,Active,0
4217,NA,DE,45473.0,2023-03-06,"1,642.16",,user4217@corp-example.com,+1-555-864-6224,crm_v2,active,1
4218,APAC,United States,55510.0,2024-03-13,725.63,2.0,user4218@corp-example.com,+1-555-157-7439,crm_v2,ACTIVE,0
4219,NA, US,56317.0,2024-03-23,254.34,,user4219@corp-example.com,+1-555-703-9316,crm_v2,Active,1
4220,APAC,IN,34530.0,2024-04-30,"2,418.78",2.0,user4220@corp-example.com,+1-555-531-2366,crm_v2,ACTIVE,0
4221,NA,us,86349.0,2024-09-03,981.25,1.0,user4221@corp-example.com,+1-555-449-4519,crm_v2,Active,0
4222,NA, US,75175.0,2023-12-13,"2,783.90",10.0,user4222@corp-example.com,+1-555-920-7764,crm_v2,active,0
4223,NA, US,-999.0,1900-01-01,"1,930.48",4.0,user4223@corp-example.com,+1-555-510-9630,crm_v2,active,0
4224,NA,DE,32844.0,2023-07-29,"1,199.84",0.0,user4224@corp-example.com,+1-555-343-7495,crm_v2,cancelled,0
4225,APAC,US,65447.0,2024-07-10,"1,212.82",10.0,user4225@corp-example.com,+1-555-878-9284,crm_v2,ACTIVE,0
4226,APAC,US,89762.0,2031-05-01,486.60,9.0,user4226@corp-example.com,+1-555-290-6651,crm_v2,active,0
4227,APAC,US,72430.0,2024-03-03,"1,477.94",8.0,user4227@corp-example.com,+1-555-911-1171,crm_v2,Active,0
4228,NA,DE,77321.0,2024-12-03,"1,934.78",0.0,user4228@corp-example.com,+1-555-917-2134,crm_v2,cancelled,0
4229,NA,US,45888.0,1900-01-01,298.56,10.0,user4229@corp-example.com,+1-555-616-1901,crm_v2,Active,0
4230,EU,IN,63493.0,2024-08-12,"1,344.55",4.0,user4230@corp-example.com,+1-555-847-6082,crm_v2,active,0
4231,APAC,United States,37509.0,2023-06-09,903.95,5.0,user4231@corp-example.com,+1-555-176-7116,crm_v2,cancelled,0
4232,NA,us,89680.0,2024-09-06,"4,214.71",2.0,user4232@corp-example.com,+1-555-796-1369,crm_v2,active,0
4233,APAC,us,68545.0,2024-09-11,"1,026.56",6.0,user4233@corp-example.com,+1-555-296-8456,crm_v2,Active,0
4234,NA,us,28425.0,2023-10-11,297.97,3.0,user4234@corp-example.com,+1-555-457-7279,crm_v2,ACTIVE,0
4235,EU,us,32285.0,2023-12-19,907.13,6.0,user4235@corp-example.com,+1-555-514-6228,crm_v2,Active,0
4236,NA,US,67193.0,2025-01-11,247.77,4.0,user4236@corp-example.com,+1-555-624-7320,crm_v2,ACTIVE,0
4237,APAC,DE,62064.0,2023-01-13,231.07,,user4237@corp-example.com,+1-555-877-1000,crm_v2,cancelled,1
4238,APAC,US,55336.0,2024-06-20,"1,344.35",5.0,user4238@corp-example.com,+1-555-945-1028,crm_v2,Active,0
4239,NA,United States,69231.0,2025-06-15,"1,883.70",2.0,user4239@corp-example.com,+1-555-106-2021,crm_v2,Active,0
4240,NA,United States,90107.0,2025-01-13,"3,083.02",2.0,user4240@corp-example.com,+1-555-674-9884,crm_v2,ACTIVE,0
4241,NA,DE,-999.0,2024-11-25,"1,093.36",10.0,user4241@corp-example.com,+1-555-423-8042,crm_v2,active,0
4242,NA,us,32937.0,2023-09-05,"3,185.39",3.0,user4242@corp-example.com,+1-555-315-6202,crm_v2,Active,0
4243,NA,US,57606.0,2025-02-03,"1,029.89",4.0,user4243@corp-example.com,+1-555-787-8037,crm_v2,cancelled,0
4244,NA, US,40323.0,2023-02-12,"2,515.92",8.0,user4244@corp-example.com,+1-555-998-1987,crm_v2,cancelled,0
4245,NA,United States,47924.0,2023-04-11,"3,950.03",8.0,user4245@corp-example.com,+1-555-244-2078,crm_v2,active,0
4246,NA,us,64862.0,2024-06-23,627.81,6.0,user4246@corp-example.com,+1-555-346-1090,crm_v2,cancelled,0
4247,NA,us,-999.0,2025-01-10,908.00,8.0,user4247@corp-example.com,+1-555-851-8493,crm_v2,ACTIVE,0
4248,APAC,DE,43994.0,2025-02-07,583.61,4.0,user4248@corp-example.com,+1-555-112-5484,crm_v2,cancelled,0
4249,NA, US,59549.0,2024-02-05,"1,952.62",10.0,user4249@corp-example.com,+1-555-961-6502,crm_v2,ACTIVE,0
4250,APAC,IN,47701.0,2023-02-24,"2,078.84",9.0,user4250@corp-example.com,+1-555-625-3577,crm_v2,cancelled,0
4251,NA, US,67876.0,1900-01-01,"1,373.48",5.0,user4251@corp-example.com,+1-555-838-8283,crm_v2,ACTIVE,0
4252,NA,United States,56287.0,2025-05-20,"2,644.08",0.0,user4252@corp-example.com,+1-555-321-3272,crm_v2,ACTIVE,0
4253,APAC,United States,65778.0,2024-05-15,"1,255.07",9.0,user4253@corp-example.com,+1-555-256-3567,crm_v2,ACTIVE,0
4254,NA,US,55897.0,2025-06-01,377.63,10.0,user4254@corp-example.com,+1-555-571-5342,crm_v2,active,0
4255,NA,United States,71126.0,2025-02-03,929.52,10.0,user4255@corp-example.com,+1-555-453-3933,crm_v2,Active,0
4256,NA,DE,57857.0,2024-05-29,867.60,,user4256@corp-example.com,+1-555-228-1945,crm_v2,cancelled,1
4257,APAC,IN,59702.0,2025-04-28,"1,656.20",3.0,user4257@corp-example.com,+1-555-630-5071,crm_v2,Active,0
4258,NA,US,51410.0,2024-12-24,263.20,6.0,user4258@corp-example.com,+1-555-361-7013,crm_v2,active,0
4259,NA,United States,62012.0,2024-03-31,"1,068.36",5.0,user4259@corp-example.com,+1-555-192-7901,crm_v2,ACTIVE,0
4260,NA,United States,33276.0,2023-07-08,"1,324.12",3.0,user4260@corp-example.com,+1-555-474-9274,crm_v2,Active,0
4261,NA, US,99868.0,2024-11-09,"3,090.09",1.0,user4261@corp-example.com,+1-555-358-9569,crm_v2,cancelled,0
4262,APAC,us,49655.0,2024-02-07,"1,435.78",6.0,user4262@corp-example.com,+1-555-729-9629,crm_v2,active,0
4263,NA,DE,61343.0,2025-01-20,"1,092.74",7.0,user4263@corp-example.com,+1-555-933-7163,crm_v2,active,0
4264,EU, US,52743.0,2024-09-14,"1,281.49",10.0,user4264@corp-example.com,+1-555-178-3725,crm_v2,Active,0
4265,APAC,US,-999.0,2024-08-03,473.28,4.0,user4265@corp-example.com,+1-555-581-4762,crm_v2,Active,0
4266,NA,DE,65879.0,2025-03-06,453.42,8.0,user4266@corp-example.com,+1-555-287-5700,crm_v2,Active,0
4267,NA,DE,-999.0,2025-06-07,365.19,1.0,user4267@corp-example.com,+1-555-338-7135,crm_v2,Active,0
4268,EU,DE,-999.0,2023-12-09,"1,062.64",0.0,user4268@corp-example.com,+1-555-322-5481,crm_v2,cancelled,0
4269,EU,United States,39161.0,2024-02-17,"1,857.39",2.0,user4269@corp-example.com,+1-555-460-1819,crm_v2,Active,0
4270,NA,DE,45972.0,2024-08-27,"1,212.21",4.0,user4270@corp-example.com,+1-555-324-7060,crm_v2,cancelled,0
4271,NA,us,42286.0,2023-04-02,"2,489.06",,user4271@corp-example.com,+1-555-942-3962,crm_v2,Active,1
4272,NA,IN,86843.0,2024-08-30,418.05,,user4272@corp-example.com,+1-555-325-2206,crm_v2,cancelled,1
4273,EU,DE,39804.0,2024-02-06,478.62,10.0,user4273@corp-example.com,+1-555-241-9002,crm_v2,Active,0
4274,NA,United States,43711.0,2023-06-21,"5,518.21",7.0,user4274@corp-example.com,+1-555-294-3148,crm_v2,Active,0
4275,APAC,US,-999.0,2024-04-17,"2,717.68",,user4275@corp-example.com,+1-555-591-2506,crm_v2,Active,1
4276,NA,us,81222.0,2024-11-14,"1,428.80",1.0,user4276@corp-example.com,+1-555-511-5089,crm_v2,Active,0
4277,NA,US,-999.0,2024-11-13,169.97,7.0,user4277@corp-example.com,+1-555-450-6976,crm_v2,active,0
4278,NA,us,36566.0,2025-05-16,201.48,10.0,user4278@corp-example.com,+1-555-227-4172,crm_v2,active,0
4279,NA,us,61664.0,2025-01-17,477.78,,user4279@corp-example.com,+1-555-980-5522,crm_v2,Active,1
4280,NA,United States,-999.0,2024-01-20,"1,972.66",9.0,user4280@corp-example.com,+1-555-658-5465,crm_v2,ACTIVE,0
4281,EU,United States,38551.0,2023-02-10,405.19,1.0,user4281@corp-example.com,+1-555-357-7516,crm_v2,ACTIVE,0
4282,APAC,DE,32764.0,2024-12-08,995.10,6.0,user4282@corp-example.com,+1-555-312-3647,crm_v2,active,0
4283,NA,United States,45357.0,2023-08-02,"3,175.21",6.0,user4283@corp-example.com,+1-555-466-8603,crm_v2,active,0
3867,APAC,United States,70975.0,2023-02-09,298.57,9.0,user4284@corp-example.com,+1-555-776-4788,crm_v2,active,0
4285,NA,us,59114.0,2023-05-21,656.19,6.0,user4285@corp-example.com,+1-555-244-3774,crm_v2,ACTIVE,0
4286,NA,DE,70934.0,2025-05-11,"1,990.75",9.0,user4286@corp-example.com,+1-555-312-9837,crm_v2,active,0
4287,NA,United States,58147.0,2025-03-28,608.97,0.0,user4287@corp-example.com,+1-555-675-4634,crm_v2,ACTIVE,0
4288,APAC,United States,59252.0,2024-07-01,"2,246.70",,user4288@corp-example.com,+1-555-135-6942,crm_v2,ACTIVE,1
4289,NA,IN,-999.0,2023-04-02,"1,320.79",0.0,user4289@corp-example.com,+1-555-985-6763,crm_v2,ACTIVE,0
4290,EU,US,57960.0,2024-03-03,"2,463.33",3.0,user4290@corp-example.com,+1-555-737-1627,crm_v2,ACTIVE,0
4291,NA,IN,63272.0,2025-02-20,496.90,5.0,user4291@corp-example.com,+1-555-894-5872,crm_v2,cancelled,0
4292,EU,IN,46056.0,2024-05-21,229.65,8.0,user4292@corp-example.com,+1-555-243-3316,crm_v2,active,0
4293,NA,DE,50726.0,2023-06-22,685.84,6.0,user4293@corp-example.com,+1-555-646-4212,crm_v2,active,0
4294,NA,United States,66750.0,2024-05-28,"1,270.93",0.0,user4294@corp-example.com,+1-555-983-7643,crm_v2,cancelled,0
4295,EU,us,56120.0,2025-02-19,"1,546.89",10.0,user4295@corp-example.com,+1-555-480-4123,crm_v2,cancelled,0
4296,NA, US,48504.0,1900-01-01,"2,707.25",9.0,user4296@corp-example.com,+1-555-768-2934,crm_v2,Active,0
4297,EU, US,69575.0,2024-04-02,"1,010.53",2.0,user4297@corp-example.com,+1-555-507-8052,crm_v2,active,0
4298,APAC, US,67907.0,2024-12-25,"2,111.93",3.0,user4298@corp-example.com,+1-555-658-3199,crm_v2,Active,0
4299,NA,DE,59599.0,2024-12-22,"1,040.60",10.0,user4299@corp-example.com,+1-555-857-8733,crm_v2,cancelled,0
4300,NA, US,48320.0,2024-12-24,"1,187.51",10.0,user4300@corp-example.com,+1-555-479-3891,crm_v2,active,0
4301,NA,IN,73153.0,2025-05-07,979.33,9.0,user4301@corp-example.com,+1-555-975-5002,crm_v2,active,0
4302,NA,IN,97151.0,2024-07-17,"2,579.06",5.0,user4302@corp-example.com,+1-555-541-9854,crm_v2,cancelled,0
4303,NA,IN,47366.0,2025-06-07,160.45,,user4303@corp-example.com,+1-555-820-2237,crm_v2,active,1
4304,NA,DE,36573.0,2023-11-23,"1,348.63",5.0,user4304@corp-example.com,+1-555-594-1704,crm_v2,active,0
4305,EU, US,47994.0,2023-03-15,"1,010.63",4.0,user4305@corp-example.com,+1-555-895-4241,crm_v2,Active,0
4306,APAC,us,45688.0,2024-09-16,"1,300.25",10.0,user4306@corp-example.com,+1-555-952-8898,crm_v2,Active,0
4307,EU, US,40717.0,2025-03-05,"1,756.48",,user4307@corp-example.com,+1-555-927-9266,crm_v2,Active,1
4308,NA,United States,41939.0,2023-11-30,688.84,9.0,user4308@corp-example.com,+1-555-133-6163,crm_v2,ACTIVE,0
4309,NA, US,72388.0,2024-11-01,904.65,4.0,user4309@corp-example.com,+1-555-504-5936,crm_v2,Active,0
4310,EU,DE,72562.0,2023-03-01,707.66,10.0,user4310@corp-example.com,+1-555-666-3961,crm_v2,cancelled,0
4311,APAC,DE,-999.0,2023-11-16,554.87,9.0,user4311@corp-example.com,+1-555-633-7186,crm_v2,ACTIVE,0
4312,EU, US,70860.0,2023-11-25,253.35,10.0,user4312@corp-example.com,+1-555-804-5104,crm_v2,Active,0
4313,EU,IN,52497.0,2023-07-07,225.22,8.0,user4313@corp-example.com,+1-555-625-2198,crm_v2,cancelled,0
4314,NA,United States,75924.0,2023-06-24,"1,455.92",8.0,user4314@corp-example.com,+1-555-624-2906,crm_v2,active,0
4315,APAC,United States,50480.0,2024-08-08,705.75,4.0,user4315@corp-example.com,+1-555-794-6099,crm_v2,ACTIVE,0
4316,NA,United States,54439.0,2025-05-13,857.92,,user4316@corp-example.com,+1-555-770-9456,crm_v2,Active,1
4317,NA, US,42052.0,2024-09-19,"1,253.36",8.0,user4317@corp-example.com,+1-555-220-6554,crm_v2,Active,0
4318,APAC,us,78040.0,2023-01-05,948.51,3.0,user4318@corp-example.com,+1-555-353-6554,crm_v2,ACTIVE,0
4319,NA,United States,74793.0,2023-05-03,519.27,9.0,user4319@corp-example.com,+1-555-330-4020,crm_v2,cancelled,0
4320,APAC,us,52680.0,1900-01-01,982.06,4.0,user4320@corp-example.com,+1-555-854-2579,crm_v2,Active,0
4321,NA, US,54971.0,2024-10-18,718.33,5.0,user4321@corp-example.com,+1-555-204-8163,crm_v2,cancelled,0
4322,NA, US,60156.0,2023-09-12,"2,227.82",10.0,user4322@corp-example.com,+1-555-732-6322,crm_v2,ACTIVE,0
4323,EU,United States,62636.0,2024-05-12,"2,095.02",9.0,user4323@corp-example.com,+1-555-750-7919,crm_v2,active,0
4324,EU,IN,72286.0,2024-12-13,429.74,6.0,user4324@corp-example.com,+1-555-148-3771,crm_v2,active,0
4325,NA,us,60609.0,2024-09-05,"1,199.98",2.0,user4325@corp-example.com,+1-555-157-7391,crm_v2,active,0
4326,APAC,DE,65618.0,2023-03-15,"1,569.67",,user4326@corp-example.com,+1-555-310-4250,crm_v2,cancelled,1
4327,NA,US,37108.0,2025-01-17,"2,125.82",4.0,user4327@corp-example.com,+1-555-804-2882,crm_v2,ACTIVE,0
4328,APAC, US,55082.0,2024-01-06,346.98,,user4328@corp-example.com,+1-555-405-5337,crm_v2,cancelled,1
4329,NA, US,32708.0,2024-02-20,"3,347.46",0.0,user4329@corp-example.com,+1-555-448-7494,crm_v2,Active,0
4330,NA,United States,86334.0,2024-03-06,856.64,3.0,user4330@corp-example.com,+1-555-384-1453,crm_v2,Active,0
4331,NA,us,80516.0,2025-04-12,"1,003.17",,user4331@corp-example.com,+1-555-989-9063,crm_v2,cancelled,1
4332,EU,DE,70322.0,2024-12-16,777.80,9.0,user4332@corp-example.com,+1-555-822-1463,crm_v2,cancelled,0
4333,NA,US,76248.0,2024-05-30,604.22,8.0,user4333@corp-example.com,+1-555-801-3207,crm_v2,cancelled,0
4334,EU,US,89638.0,2023-01-01,"1,082.62",0.0,user4334@corp-example.com,+1-555-960-4435,crm_v2,active,0
4335,NA,IN,73667.0,2023-08-31,"2,221.93",1.0,user4335@corp-example.com,+1-555-259-3882,crm_v2,active,0
4336,EU, US,35697.0,2023-07-17,"1,602.18",3.0,user4336@corp-example.com,+1-555-135-1480,crm_v2,Active,0
4337,APAC,DE,56475.0,2023-11-30,"1,712.69",2.0,user4337@corp-example.com,+1-555-511-7734,crm_v2,Active,0
4338,NA, US,24262.0,2023-10-22,"1,901.80",0.0,user4338@corp-example.com,+1-555-627-6041,crm_v2,ACTIVE,0
4339,NA, US,47348.0,2023-09-24,"1,923.41",2.0,user4339@corp-example.com,+1-555-544-6926,crm_v2,active,0
4340,APAC,US,40901.0,2025-01-26,"2,188.55",8.0,user4340@corp-example.com,+1-555-744-6977,crm_v2,Active,0
4341,APAC,IN,59425.0,2025-04-27,376.25,4.0,user4341@corp-example.com,+1-555-947-7079,crm_v2,cancelled,0
4342,APAC, US,65387.0,2024-07-04,"1,205.50",7.0,user4342@corp-example.com,+1-555-100-1607,crm_v2,active,0
4343,NA,US,45623.0,2024-08-13,415.44,5.0,user4343@corp-example.com,+1-555-419-4344,crm_v2,Active,0
4344,EU,IN,55290.0,2023-10-19,"1,027.55",1.0,user4344@corp-example.com,+1-555-475-8155,crm_v2,Active,0
4345,NA, US,63720.0,2024-05-01,412.12,3.0,user4345@corp-example.com,+1-555-191-6041,crm_v2,active,0
4346,NA,US,57171.0,2025-03-24,"1,377.24",5.0,user4346@corp-example.com,+1-555-455-2921,crm_v2,cancelled,0
4347,EU,IN,56840.0,2025-04-04,297.13,6.0,user4347@corp-example.com,+1-555-487-1434,crm_v2,Active,0
4348,NA,US,23457.0,2023-07-15,"1,492.74",7.0,user4348@corp-example.com,+1-555-828-3274,crm_v2,Active,0
4349,NA,IN,-999.0,2024-06-28,875.19,0.0,user4349@corp-example.com,+1-555-151-5332,crm_v2,ACTIVE,0
4350,NA,IN,71385.0,2024-05-05,491.75,9.0,user4350@corp-example.com,+1-555-205-8416,crm_v2,ACTIVE,0
4351,NA,DE,63370.0,2024-04-03,95.90,2.0,user4351@corp-example.com,+1-555-237-4274,crm_v2,active,0
4352,NA, US,37257.0,2023-10-27,519.14,5.0,user4352@corp-example.com,+1-555-427-9359,crm_v2,Active,0
4353,EU,us,55400.0,2024-02-06,992.74,5.0,user4353@corp-example.com,+1-555-652-6551,crm_v2,cancelled,0
4354,NA,US,63476.0,2024-01-28,"1,086.34",10.0,user4354@corp-example.com,+1-555-508-9560,crm_v2,Active,0
4355,APAC,United States,44873.0,2025-02-19,993.74,,user4355@corp-example.com,+1-555-989-2584,crm_v2,Active,1
4356,APAC,us,69593.0,2024-12-03,388.76,10.0,user4356@corp-example.com,+1-555-133-6370,crm_v2,Active,0
4357,APAC,US,47455.0,2024-04-10,883.66,,user4357@corp-example.com,+1-555-589-6493,crm_v2,active,1
4358,EU,DE,54508.0,2023-12-07,"1,301.61",0.0,user4358@corp-example.com,+1-555-853-6419,crm_v2,Active,0
4359,NA,US,57834.0,2023-11-28,"2,251.16",8.0,user4359@corp-example.com,+1-555-409-7666,crm_v2,active,0
4360,NA,IN,92860.0,2024-02-26,"4,062.64",7.0,user4360@corp-example.com,+1-555-881-7387,crm_v2,Active,0
4361,NA,IN,54653.0,2023-07-01,723.50,0.0,user4361@corp-example.com,+1-555-273-1915,crm_v2,ACTIVE,0
4362,NA,DE,50895.0,2024-03-14,395.84,2.0,user4362@corp-example.com,+1-555-761-4879,crm_v2,Active,0
4363,NA,US,70195.0,1900-01-01,"1,003.09",,user4363@corp-example.com,+1-555-786-5713,crm_v2,Active,1
4364,APAC,United States,52391.0,2024-04-01,"1,302.33",,user4364@corp-example.com,+1-555-169-7189,crm_v2,active,1
4365,APAC,US,62355.0,2024-11-30,"1,503.23",5.0,user4365@corp-example.com,+1-555-826-5255,crm_v2,active,0
4366,EU,us,25653.0,2023-02-19,"1,073.77",8.0,user4366@corp-example.com,+1-555-864-5638,crm_v2,cancelled,0
4367,NA,US,63923.0,2023-07-06,"2,104.59",3.0,user4367@corp-example.com,+1-555-871-9864,crm_v2,cancelled,0
4368,APAC,US,59161.0,2024-07-17,"1,201.02",1.0,user4368@corp-example.com,+1-555-371-3905,crm_v2,ACTIVE,0
4369,APAC,DE,40098.0,2025-02-05,"1,147.93",8.0,user4369@corp-example.com,+1-555-833-5110,crm_v2,cancelled,0
4370,NA,DE,79800.0,2025-04-19,854.84,,user4370@corp-example.com,+1-555-710-6220,crm_v2,ACTIVE,1
4371,NA,United States,55871.0,2024-12-28,"1,595.90",2.0,user4371@corp-example.com,+1-555-737-4805,crm_v2,ACTIVE,0
4372,NA,US,56509.0,2023-11-29,"3,078.57",1.0,user4372@corp-example.com,+1-555-388-6274,crm_v2,ACTIVE,0
4373,NA,us,39738.0,2023-08-05,"1,022.44",1.0,user4373@corp-example.com,+1-555-186-7361,crm_v2,active,0
4374,APAC,United States,35065.0,2024-01-08,"1,671.61",8.0,user4374@corp-example.com,+1-555-806-6601,crm_v2,cancelled,0
4375,NA, US,50920.0,2023-04-14,465.14,4.0,user4375@corp-example.com,+1-555-169-4529,crm_v2,active,0
4376,NA, US,36602.0,2025-02-27,547.76,2.0,user4376@corp-example.com,+1-555-626-6883,crm_v2,active,0
4377,NA,IN,-999.0,2025-01-30,"1,433.62",3.0,user4377@corp-example.com,+1-555-685-7375,crm_v2,Active,0
4378,APAC,IN,72473.0,2023-01-03,"1,811.77",4.0,user4378@corp-example.com,+1-555-761-2934,crm_v2,Active,0
4379,NA,us,49915.0,2024-06-08,"1,629.49",8.0,user4379@corp-example.com,+1-555-235-5930,crm_v2,active,0
4380,EU,us,35300.0,2023-02-27,664.53,4.0,user4380@corp-example.com,+1-555-329-4004,crm_v2,cancelled,0
4381,NA,US,53522.0,2025-01-31,669.82,2.0,user4381@corp-example.com,+1-555-800-9982,crm_v2,cancelled,0
4382,EU,United States,43525.0,2024-04-09,677.56,8.0,user4382@corp-example.com,+1-555-740-5151,crm_v2,cancelled,0
4383,APAC,United States,61928.0,2025-04-27,395.48,5.0,user4383@corp-example.com,+1-555-154-8407,crm_v2,ACTIVE,0
4384,APAC,IN,62121.0,2023-08-03,"2,565.29",2.0,user4384@corp-example.com,+1-555-559-1576,crm_v2,active,0
4385,APAC,US,53028.0,1900-01-01,429.16,8.0,user4385@corp-example.com,+1-555-966-9553,crm_v2,active,0
4386,NA,United States,60518.0,2023-12-10,"1,376.19",,user4386@corp-example.com,+1-555-851-4523,crm_v2,ACTIVE,1
4387,NA,United States,75024.0,2024-08-09,929.21,6.0,user4387@corp-example.com,+1-555-210-7492,crm_v2,Active,0
4388,NA,United States,84967.0,2024-02-06,"2,888.67",1.0,user4388@corp-example.com,+1-555-402-9085,crm_v2,cancelled,0
4389,NA,us,51584.0,2023-08-17,"1,167.11",1.0,user4389@corp-example.com,+1-555-373-4684,crm_v2,active,0
4390,NA,US,70241.0,2023-07-20,"1,618.36",10.0,user4390@corp-example.com,+1-555-212-9633,crm_v2,cancelled,0
4391,EU,US,55840.0,2024-03-22,"1,916.75",3.0,user4391@corp-example.com,+1-555-889-8049,crm_v2,Active,0
4392,NA,IN,43544.0,2025-02-22,"2,273.84",,user4392@corp-example.com,+1-555-893-5696,crm_v2,cancelled,1
4393,NA,United States,78626.0,2023-04-19,447.20,7.0,user4393@corp-example.com,+1-555-665-9891,crm_v2,Active,0
4394,EU,IN,65287.0,2023-05-21,"1,321.50",0.0,user4394@corp-example.com,+1-555-635-7934,crm_v2,cancelled,0
4395,EU,DE,61504.0,2024-12-20,"1,105.85",7.0,user4395@corp-example.com,+1-555-713-8244,crm_v2,cancelled,0
4396,APAC,IN,64712.0,2023-03-29,"1,633.11",2.0,user4396@corp-example.com,+1-555-490-3528,crm_v2,Active,0
4397,NA,us,56953.0,2023-12-17,"2,398.66",8.0,user4397@corp-example.com,+1-555-346-6592,crm_v2,active,0
4398,NA,us,43597.0,2023-12-24,"1,462.98",10.0,user4398@corp-example.com,+1-555-789-6350,crm_v2,active,0
4399,APAC,US,86019.0,2023-05-12,"1,444.76",10.0,user4399@corp-example.com,+1-555-905-5529,crm_v2,Active,0
4400,NA,us,-999.0,2023-06-25,793.86,6.0,user4400@corp-example.com,+1-555-863-2404,crm_v2,ACTIVE,0
4401,EU,IN,63334.0,2023-04-18,254.36,2.0,user4401@corp-example.com,+1-555-215-8696,crm_v2,Active,0
4402,NA,US,73864.0,2023-11-23,316.74,8.0,user4402@corp-example.com,+1-555-632-4646,crm_v2,cancelled,0
4403,NA,us,78667.0,2024-01-11,"1,209.34",9.0,user4403@corp-example.com,+1-555-196-4125,crm_v2,Active,0
4404,EU,IN,56386.0,2023-02-09,862.80,7.0,user4404@corp-example.com,+1-555-968-4592,crm_v2,ACTIVE,0
4405,EU,us,68187.0,2023-10-03,"1,321.07",0.0,user4405@corp-example.com,+1-555-232-7806,crm_v2,active,0
4406,EU,us,54517.0,2024-08-17,992.02,10.0,user4406@corp-example.com,+1-555-515-4938,crm_v2,active,0
4407,EU, US,69048.0,2024-09-25,"1,108.09",7.0,user4407@corp-example.com,+1-555-125-4654,crm_v2,cancelled,0
4408,EU,DE,55566.0,2023-05-16,"2,569.51",,user4408@corp-example.com,+1-555-102-2312,crm_v2,Active,1
4409,NA,us,95889.0,2023-06-06,"2,525.82",,user4409@corp-example.com,+1-555-685-1993,crm_v2,Active,1
4410,NA,United States,54022.0,2024-05-25,"1,110.83",5.0,user4410@corp-example.com,+1-555-651-9718,crm_v2,cancelled,0
4411,NA,us,67115.0,2023-10-03,"1,202.54",9.0,user4411@corp-example.com,+1-555-963-3700,crm_v2,ACTIVE,0
4412,EU,IN,66325.0,2031-05-01,128.80,7.0,user4412@corp-example.com,+1-555-182-2717,crm_v2,cancelled,0
4792,NA,IN,54357.0,2025-04-13,"1,381.61",6.0,user4413@corp-example.com,+1-555-965-2653,crm_v2,ACTIVE,0
4414,NA,United States,73421.0,2025-06-01,"1,146.34",4.0,user4414@corp-example.com,+1-555-403-2125,crm_v2,cancelled,0
4415,NA,US,58125.0,2023-11-09,631.26,7.0,user4415@corp-example.com,+1-555-387-1003,crm_v2,Active,0
4416,NA,IN,53199.0,2024-11-08,290.87,5.0,user4416@corp-example.com,+1-555-283-9439,crm_v2,Active,0
4417,NA,IN,59399.0,2023-04-25,772.13,1.0,user4417@corp-example.com,+1-555-291-6935,crm_v2,active,0
4418,APAC, US,48115.0,2024-01-23,"1,383.58",6.0,user4418@corp-example.com,+1-555-741-1170,crm_v2,cancelled,0
4419,APAC,United States,77324.0,2023-06-20,375.61,2.0,user4419@corp-example.com,+1-555-647-1101,crm_v2,Active,0
4420,NA, US,68753.0,2025-03-14,988.33,5.0,user4420@corp-example.com,+1-555-134-2909,crm_v2,ACTIVE,0
4421,NA,US,74106.0,2025-03-23,561.40,0.0,user4421@corp-example.com,+1-555-151-4467,crm_v2,cancelled,0
4422,NA, US,-999.0,2023-05-31,461.54,7.0,user4422@corp-example.com,+1-555-873-9703,crm_v2,ACTIVE,0
4423,NA,US,63437.0,2023-05-25,"1,130.75",6.0,user4423@corp-example.com,+1-555-538-3356,crm_v2,ACTIVE,0
4424,NA,DE,47844.0,2024-02-13,"2,271.60",,user4424@corp-example.com,+1-555-687-9199,crm_v2,Active,1
4425,NA,United States,60671.0,2023-07-08,820.84,6.0,user4425@corp-example.com,+1-555-549-5142,crm_v2,cancelled,0
4426,NA,United States,78485.0,2025-05-07,"1,215.94",9.0,user4426@corp-example.com,+1-555-567-2607,crm_v2,ACTIVE,0
4427,NA,United States,63230.0,2031-05-01,"1,323.52",3.0,user4427@corp-example.com,+1-555-942-8150,crm_v2,Active,0
4428,EU, US,56742.0,2025-01-01,580.79,9.0,user4428@corp-example.com,+1-555-308-6023,crm_v2,Active,0
4429,NA,us,76176.0,2023-11-26,"1,078.24",8.0,user4429@corp-example.com,+1-555-884-6209,crm_v2,active,0
4430,APAC,US,74538.0,2023-11-02,"1,839.65",9.0,user4430@corp-example.com,+1-555-679-8681,crm_v2,Active,0
4431,APAC,us,87100.0,2023-02-10,569.70,1.0,user4431@corp-example.com,+1-555-998-2132,crm_v2,Active,0
4432,NA, US,31468.0,2024-09-21,"1,943.51",8.0,user4432@corp-example.com,+1-555-370-9903,crm_v2,active,0
4433,EU,IN,64287.0,2024-01-10,850.08,8.0,user4433@corp-example.com,+1-555-171-6714,crm_v2,ACTIVE,0
4434,APAC,United States,-999.0,2023-07-12,776.20,10.0,user4434@corp-example.com,+1-555-895-5723,crm_v2,active,0
4435,NA,DE,46261.0,2023-07-12,"1,121.80",2.0,user4435@corp-example.com,+1-555-109-5825,crm_v2,ACTIVE,0
4436,EU, US,61106.0,2023-11-01,"2,612.77",,user4436@corp-example.com,+1-555-558-1154,crm_v2,active,1
4437,NA,United States,41941.0,2024-01-04,"1,255.65",,user4437@corp-example.com,+1-555-315-9844,crm_v2,ACTIVE,1
4438,NA, US,25877.0,2024-06-07,997.61,9.0,user4438@corp-example.com,+1-555-902-3870,crm_v2,active,0
4439,NA,IN,45842.0,2024-05-30,471.04,1.0,user4439@corp-example.com,+1-555-323-4345,crm_v2,ACTIVE,0
4440,NA,US,55460.0,2025-05-06,"1,526.10",7.0,user4440@corp-example.com,+1-555-293-7507,crm_v2,cancelled,0
4441,EU,us,87375.0,2024-03-19,"3,259.06",9.0,user4441@corp-example.com,+1-555-163-4584,crm_v2,Active,0
4442,NA,DE,48558.0,2023-06-11,"1,581.00",10.0,user4442@corp-example.com,+1-555-209-6068,crm_v2,cancelled,0
4443,NA,us,41850.0,2023-04-22,"1,670.58",8.0,user4443@corp-example.com,+1-555-456-5660,crm_v2,cancelled,0
4444,APAC,United States,29718.0,2024-01-31,373.54,1.0,user4444@corp-example.com,+1-555-747-3421,crm_v2,active,0
4445,NA,IN,54105.0,2024-08-28,668.00,5.0,user4445@corp-example.com,+1-555-196-4574,crm_v2,cancelled,0
4446,NA,IN,55778.0,2024-02-14,"3,502.57",5.0,user4446@corp-example.com,+1-555-940-3770,crm_v2,active,0
4447,APAC, US,61603.0,2023-07-08,722.25,1.0,user4447@corp-example.com,+1-555-365-7536,crm_v2,cancelled,0
4448,EU,us,37690.0,2023-01-31,"1,079.52",9.0,user4448@corp-example.com,+1-555-821-5694,crm_v2,Active,0
4449,EU, US,47948.0,2024-12-28,"2,791.81",5.0,user4449@corp-example.com,+1-555-803-6180,crm_v2,active,0
4450,NA,us,25370.0,2023-08-31,"2,714.92",8.0,user4450@corp-example.com,+1-555-950-2015,crm_v2,active,0
4451,EU,DE,61901.0,2024-03-26,265.51,9.0,user4451@corp-example.com,+1-555-752-8842,crm_v2,active,0
4452,NA,IN,-999.0,2024-10-18,635.14,,user4452@corp-example.com,+1-555-897-6391,crm_v2,cancelled,1
4453,EU,IN,18179.0,2023-02-05,"1,417.72",9.0,user4453@corp-example.com,+1-555-748-5953,crm_v2,active,0
4454,NA,us,76784.0,2023-06-19,748.41,9.0,user4454@corp-example.com,+1-555-740-6267,crm_v2,ACTIVE,0
4455,NA,IN,66959.0,2025-06-13,570.91,2.0,user4455@corp-example.com,+1-555-563-1809,crm_v2,cancelled,0
4456,APAC,IN,64651.0,2023-02-14,"2,282.63",2.0,user4456@corp-example.com,+1-555-725-9788,crm_v2,ACTIVE,0
4457,EU,DE,64639.0,2023-08-09,"2,845.01",3.0,user4457@corp-example.com,+1-555-459-8065,crm_v2,ACTIVE,0
4458,APAC,United States,43853.0,2024-05-02,966.54,,user4458@corp-example.com,+1-555-217-6715,crm_v2,active,1
4459,NA, US,75487.0,2023-01-06,455.29,,user4459@corp-example.com,+1-555-632-1275,crm_v2,active,1
4460,NA, US,43661.0,2024-08-14,977.54,9.0,user4460@corp-example.com,+1-555-649-5961,crm_v2,ACTIVE,0
4461,NA,DE,88057.0,2025-02-02,"1,521.69",6.0,user4461@corp-example.com,+1-555-648-8277,crm_v2,ACTIVE,0
4462,NA,us,62773.0,2025-06-06,"1,115.88",10.0,user4462@corp-example.com,+1-555-792-8828,crm_v2,Active,0
4463,NA,us,31720.0,2024-01-20,"4,198.03",,user4463@corp-example.com,+1-555-460-6762,crm_v2,ACTIVE,1
4464,NA, US,72420.0,2025-01-19,"1,081.30",6.0,user4464@corp-example.com,+1-555-829-7652,crm_v2,Active,0
4465,NA,us,88985.0,2023-12-01,597.54,2.0,user4465@corp-example.com,+1-555-656-7051,crm_v2,Active,0
4466,NA,US,55571.0,2023-04-13,"2,181.11",10.0,user4466@corp-example.com,+1-555-822-9148,crm_v2,Active,0
4467,APAC,us,75386.0,2024-11-14,898.72,0.0,user4467@corp-example.com,+1-555-252-3368,crm_v2,ACTIVE,0
4468,NA,IN,56212.0,1900-01-01,480.48,5.0,user4468@corp-example.com,+1-555-123-6914,crm_v2,active,0
4469,APAC,DE,49976.0,2025-06-18,"1,466.92",8.0,user4469@corp-example.com,+1-555-420-5393,crm_v2,cancelled,0
4470,NA, US,20667.0,2031-05-01,"1,125.07",5.0,user4470@corp-example.com,+1-555-852-1303,crm_v2,active,0
4471,NA,IN,77941.0,2023-05-07,440.48,10.0,user4471@corp-example.com,+1-555-395-7970,crm_v2,cancelled,0
4472,APAC,United States,52720.0,2023-09-29,"1,747.00",7.0,user4472@corp-example.com,+1-555-759-1414,crm_v2,active,0
4473,NA,DE,65100.0,2024-12-16,905.09,,user4473@corp-example.com,+1-555-959-5816,crm_v2,ACTIVE,1
4474,NA,US,42394.0,2023-02-06,"3,245.68",3.0,user4474@corp-example.com,+1-555-749-7074,crm_v2,active,0
4475,EU,us,45771.0,2025-06-03,967.05,,user4475@corp-example.com,+1-555-830-5427,crm_v2,Active,1
4476,NA,US,76167.0,2025-02-24,"1,474.81",8.0,user4476@corp-example.com,+1-555-970-1783,crm_v2,active,0
4477,NA,United States,53610.0,2025-04-21,"1,217.02",2.0,user4477@corp-example.com,+1-555-515-6882,crm_v2,ACTIVE,0
4478,EU,DE,53390.0,2024-06-01,604.23,3.0,user4478@corp-example.com,+1-555-879-9993,crm_v2,active,0
4479,EU, US,40499.0,2023-10-03,"1,862.51",4.0,user4479@corp-example.com,+1-555-842-8519,crm_v2,Active,0
4480,NA, US,62562.0,2024-12-14,"1,792.09",2.0,user4480@corp-example.com,+1-555-220-1857,crm_v2,active,0
4481,EU,DE,71100.0,2023-02-15,"2,526.20",6.0,user4481@corp-example.com,+1-555-935-6146,crm_v2,cancelled,0
4482,NA,US,52506.0,2023-07-27,181.70,10.0,user4482@corp-example.com,+1-555-476-3006,crm_v2,cancelled,0
4483,APAC, US,56606.0,2024-04-01,"2,834.14",0.0,user4483@corp-example.com,+1-555-245-3214,crm_v2,ACTIVE,0
4484,NA, US,41102.0,2024-09-17,377.47,2.0,user4484@corp-example.com,+1-555-534-4995,crm_v2,Active,0
4485,NA,us,80477.0,2024-07-11,"1,190.63",7.0,user4485@corp-example.com,+1-555-540-6330,crm_v2,cancelled,0
4486,EU, US,50143.0,2024-07-16,"3,788.08",2.0,user4486@corp-example.com,+1-555-936-5866,crm_v2,Active,0
4487,NA,us,57096.0,1900-01-01,"2,163.46",8.0,user4487@corp-example.com,+1-555-424-5999,crm_v2,cancelled,0
4488,APAC,DE,84724.0,2024-04-15,894.01,9.0,user4488@corp-example.com,+1-555-597-1108,crm_v2,Active,0
4489,APAC,US,56035.0,2024-06-20,"1,055.08",9.0,user4489@corp-example.com,+1-555-229-9569,crm_v2,active,0
4490,NA,US,36128.0,2025-01-25,382.21,1.0,user4490@corp-example.com,+1-555-526-6280,crm_v2,ACTIVE,0
4491,EU, US,45529.0,2023-01-29,582.58,1.0,user4491@corp-example.com,+1-555-365-5406,crm_v2,Active,0
4492,NA,US,54058.0,2023-06-29,319.60,4.0,user4492@corp-example.com,+1-555-788-8655,crm_v2,active,0
4493,APAC, US,86245.0,2025-02-11,373.19,,user4493@corp-example.com,+1-555-260-1643,crm_v2,active,1
4494,NA,DE,62823.0,2024-02-29,"1,091.61",4.0,user4494@corp-example.com,+1-555-763-6432,crm_v2,active,0
4495,NA, US,56084.0,2023-11-16,294.02,,user4495@corp-example.com,+1-555-187-7443,crm_v2,cancelled,1
4496,NA,DE,71938.0,2023-05-22,340.69,1.0,user4496@corp-example.com,+1-555-777-3470,crm_v2,Active,0
4497,NA,United States,79096.0,2023-02-14,"1,292.53",10.0,user4497@corp-example.com,+1-555-677-3197,crm_v2,cancelled,0
4498,NA,United States,48072.0,2023-06-20,"4,032.72",1.0,user4498@corp-example.com,+1-555-114-5528,crm_v2,Active,0
4499,APAC,IN,81065.0,2023-08-31,"1,175.73",2.0,user4499@corp-example.com,+1-555-104-1036,crm_v2,ACTIVE,0
4500,EU,United States,72421.0,2023-09-27,112.93,9.0,user4500@corp-example.com,+1-555-517-8195,crm_v2,Active,0
4501,EU,DE,-999.0,2025-03-13,432.94,1.0,user4501@corp-example.com,+1-555-992-1273,crm_v2,cancelled,0
4502,EU,IN,23886.0,2025-01-23,101.35,2.0,user4502@corp-example.com,+1-555-243-3415,crm_v2,ACTIVE,0
4503,NA,United States,62468.0,2023-06-22,956.86,7.0,user4503@corp-example.com,+1-555-988-9054,crm_v2,ACTIVE,0
4504,APAC,us,80520.0,2023-04-01,913.59,,user4504@corp-example.com,+1-555-367-2587,crm_v2,active,1
4505,EU, US,55400.0,2023-08-19,470.61,6.0,user4505@corp-example.com,+1-555-611-3658,crm_v2,Active,0
4506,NA,US,94340.0,2023-05-30,409.38,4.0,user4506@corp-example.com,+1-555-462-8163,crm_v2,active,0
4507,NA,us,60647.0,2023-11-01,"3,415.94",10.0,user4507@corp-example.com,+1-555-356-6837,crm_v2,cancelled,0
4508,NA,us,-999.0,2024-12-05,585.39,,user4508@corp-example.com,+1-555-715-8307,crm_v2,Active,1
4509,NA,United States,68493.0,2024-01-27,159.61,5.0,user4509@corp-example.com,+1-555-288-8328,crm_v2,Active,0
4510,NA,US,63990.0,2023-05-30,"1,784.94",0.0,user4510@corp-example.com,+1-555-314-1744,crm_v2,active,0
4511,NA,US,72125.0,2023-06-18,"1,582.09",8.0,user4511@corp-example.com,+1-555-587-2070,crm_v2,ACTIVE,0
4512,APAC,US,-999.0,2024-02-26,"2,807.74",3.0,user4512@corp-example.com,+1-555-316-7733,crm_v2,Active,0
4513,NA,US,79227.0,2023-07-24,"1,546.99",6.0,user4513@corp-example.com,+1-555-557-3907,crm_v2,cancelled,0
4514,EU,IN,-999.0,2023-09-10,695.49,8.0,user4514@corp-example.com,+1-555-327-4977,crm_v2,cancelled,0
4515,NA,United States,61569.0,2024-12-15,"1,166.01",,user4515@corp-example.com,+1-555-271-5842,crm_v2,ACTIVE,1
4516,EU,United States,40759.0,2023-02-22,"1,031.38",1.0,user4516@corp-example.com,+1-555-941-9213,crm_v2,Active,0
4517,EU,US,47514.0,2024-06-24,292.98,9.0,user4517@corp-example.com,+1-555-819-4101,crm_v2,Active,0
4518,NA,United States,62665.0,2023-05-02,"1,225.92",6.0,user4518@corp-example.com,+1-555-771-3423,crm_v2,ACTIVE,0
4519,APAC,IN,49679.0,1900-01-01,"2,836.58",8.0,user4519@corp-example.com,+1-555-642-5818,crm_v2,Active,0
4520,NA,us,52807.0,2024-12-30,694.48,8.0,user4520@corp-example.com,+1-555-760-6891,crm_v2,cancelled,0
4521,NA,DE,56484.0,2025-05-31,"3,446.19",4.0,user4521@corp-example.com,+1-555-322-6871,crm_v2,ACTIVE,0
4522,EU, US,63435.0,2024-11-19,"1,726.38",5.0,user4522@corp-example.com,+1-555-755-5746,crm_v2,Active,0
4523,NA,United States,71199.0,2023-11-04,523.59,,user4523@corp-example.com,+1-555-196-4822,crm_v2,ACTIVE,1
340,APAC,DE,71231.0,2024-01-06,"1,388.64",,user4524@corp-example.com,+1-555-939-8962,crm_v2,ACTIVE,1
4525,NA,IN,75103.0,2024-05-07,"1,594.10",7.0,user4525@corp-example.com,+1-555-406-9200,crm_v2,ACTIVE,0
842,NA, US,62727.0,2023-02-14,"1,114.75",,user4526@corp-example.com,+1-555-129-6387,crm_v2,ACTIVE,1
4527,EU,US,51385.0,2024-07-28,"1,490.91",8.0,user4527@corp-example.com,+1-555-262-2651,crm_v2,active,0
4528,APAC,IN,35637.0,2023-06-25,755.00,8.0,user4528@corp-example.com,+1-555-466-8687,crm_v2,active,0
4529,APAC,us,54375.0,2025-05-31,400.29,7.0,user4529@corp-example.com,+1-555-604-6484,crm_v2,ACTIVE,0
4530,NA,IN,47590.0,2023-01-28,"2,284.02",9.0,user4530@corp-example.com,+1-555-382-1177,crm_v2,Active,0
4531,EU,United States,32152.0,2024-09-16,"2,684.88",10.0,user4531@corp-example.com,+1-555-688-9553,crm_v2,ACTIVE,0
4532,NA,us,84597.0,2025-02-07,670.53,0.0,user4532@corp-example.com,+1-555-726-9131,crm_v2,active,0
4533,EU,IN,31791.0,2025-02-09,365.90,5.0,user4533@corp-example.com,+1-555-739-9095,crm_v2,active,0
4534,NA,us,65040.0,2023-12-19,271.23,0.0,user4534@corp-example.com,+1-555-310-4156,crm_v2,cancelled,0
4535,APAC,US,68068.0,2023-12-29,436.62,4.0,user4535@corp-example.com,+1-555-920-3832,crm_v2,ACTIVE,0
4536,EU,us,56103.0,2024-04-12,528.17,1.0,user4536@corp-example.com,+1-555-503-1796,crm_v2,Active,0
4537,NA,United States,98861.0,2023-09-30,"1,668.58",,user4537@corp-example.com,+1-555-505-9723,crm_v2,cancelled,1
4538,NA,DE,59972.0,2023-01-08,"6,939.56",6.0,user4538@corp-example.com,+1-555-502-4836,crm_v2,ACTIVE,0
4539,NA,IN,48042.0,2024-11-15,"2,226.69",2.0,user4539@corp-example.com,+1-555-550-4338,crm_v2,Active,0
4540,APAC,DE,86362.0,2023-12-30,"1,215.00",,user4540@corp-example.com,+1-555-465-8587,crm_v2,cancelled,1
4541,NA,US,-999.0,2024-07-01,"1,140.85",1.0,user4541@corp-example.com,+1-555-750-6391,crm_v2,active,0
4542,EU,United States,37887.0,2023-11-20,789.33,,user4542@corp-example.com,+1-555-990-6098,crm_v2,ACTIVE,1
4543,APAC,DE,-999.0,2024-02-02,555.91,4.0,user4543@corp-example.com,+1-555-879-4437,crm_v2,cancelled,0
4544,NA,IN,-999.0,2024-05-27,"1,398.96",2.0,user4544@corp-example.com,+1-555-461-1118,crm_v2,active,0
4545,APAC,DE,60355.0,2023-04-03,"2,971.28",6.0,user4545@corp-example.com,+1-555-477-2053,crm_v2,active,0
4546,NA,DE,64786.0,2025-03-14,489.96,1.0,user4546@corp-example.com,+1-555-751-6414,crm_v2,active,0
4547,NA, US,36567.0,2024-02-10,"1,471.14",10.0,user4547@corp-example.com,+1-555-122-9130,crm_v2,ACTIVE,0
4548,NA, US,64977.0,2023-06-22,495.25,10.0,user4548@corp-example.com,+1-555-484-2495,crm_v2,Active,0
4549,EU,United States,93577.0,2023-03-10,523.08,,user4549@corp-example.com,+1-555-295-4786,crm_v2,ACTIVE,1
4550,NA,us,48814.0,2023-07-29,707.73,7.0,user4550@corp-example.com,+1-555-270-7630,crm_v2,Active,0
4551,APAC,IN,57662.0,2024-10-16,298.44,,user4551@corp-example.com,+1-555-910-8446,crm_v2,cancelled,1
4552,EU,DE,70233.0,2024-09-28,578.79,1.0,user4552@corp-example.com,+1-555-938-8570,crm_v2,active,0
4553,EU, US,77975.0,2023-07-24,"3,565.78",0.0,user4553@corp-example.com,+1-555-167-4613,crm_v2,active,0
4554,NA, US,49513.0,2025-03-30,318.98,7.0,user4554@corp-example.com,+1-555-651-1594,crm_v2,active,0
4555,EU, US,45036.0,2024-04-19,82.41,5.0,user4555@corp-example.com,+1-555-206-1447,crm_v2,Active,0
4556,EU,US,44328.0,2023-04-21,789.44,,user4556@corp-example.com,+1-555-503-2252,crm_v2,cancelled,1
978,NA,United States,76336.0,2024-03-02,"1,550.57",6.0,user4557@corp-example.com,+1-555-597-4266,crm_v2,cancelled,0
4558,NA,IN,73354.0,2023-02-23,"1,438.45",5.0,user4558@corp-example.com,+1-555-239-7726,crm_v2,Active,0
4559,APAC,US,26744.0,2023-01-06,"2,781.15",,user4559@corp-example.com,+1-555-960-6083,crm_v2,ACTIVE,1
4560,APAC,IN,27125.0,2025-01-01,"1,246.39",7.0,user4560@corp-example.com,+1-555-936-4670,crm_v2,Active,0
4561,NA,DE,40843.0,2025-05-18,"1,846.27",9.0,user4561@corp-example.com,+1-555-201-2839,crm_v2,active,0
4562,NA,US,36843.0,2024-11-01,"1,299.44",4.0,user4562@corp-example.com,+1-555-927-3022,crm_v2,Active,0
4563,APAC,US,65892.0,2023-06-30,692.46,1.0,user4563@corp-example.com,+1-555-653-9972,crm_v2,Active,0
4564,NA,DE,-999.0,2024-08-25,"1,138.97",8.0,user4564@corp-example.com,+1-555-188-3426,crm_v2,ACTIVE,0
4565,APAC,IN,89479.0,2024-10-24,781.47,10.0,user4565@corp-example.com,+1-555-519-6592,crm_v2,ACTIVE,0
4566,EU, US,71752.0,2023-05-13,"2,769.55",1.0,user4566@corp-example.com,+1-555-392-7694,crm_v2,active,0
4567,NA,IN,61523.0,2025-04-11,"1,994.93",8.0,user4567@corp-example.com,+1-555-546-8421,crm_v2,active,0
4568,APAC,IN,77630.0,2024-03-09,"2,040.14",0.0,user4568@corp-example.com,+1-555-766-8870,crm_v2,active,0
4569,EU,DE,46088.0,2024-03-03,"1,238.20",10.0,user4569@corp-example.com,+1-555-515-2998,crm_v2,cancelled,0
4570,EU,IN,38394.0,2024-06-19,"1,281.99",10.0,user4570@corp-example.com,+1-555-860-2289,crm_v2,active,0
4571,APAC,IN,60169.0,2023-10-21,175.68,,user4571@corp-example.com,+1-555-764-6232,crm_v2,cancelled,1
4572,EU,US,73962.0,2024-01-06,380.14,2.0,user4572@corp-example.com,+1-555-655-9227,crm_v2,ACTIVE,0
4573,APAC,United States,35016.0,2023-03-16,508.85,8.0,user4573@corp-example.com,+1-555-586-4152,crm_v2,cancelled,0
4574,NA,US,73291.0,2025-02-05,97.89,1.0,user4574@corp-example.com,+1-555-422-1614,crm_v2,Active,0
4575,NA,us,72753.0,2023-09-27,"2,355.76",5.0,user4575@corp-example.com,+1-555-335-3277,crm_v2,Active,0
4576,EU,US,52042.0,2023-10-17,284.45,2.0,user4576@corp-example.com,+1-555-675-1986,crm_v2,ACTIVE,0
4577,NA,United States,62246.0,2024-02-14,"2,147.79",7.0,user4577@corp-example.com,+1-555-941-9042,crm_v2,active,0
4578,EU,DE,-999.0,2024-10-22,"1,205.49",9.0,user4578@corp-example.com,+1-555-544-8686,crm_v2,cancelled,0
4579,EU,DE,-999.0,1900-01-01,871.75,0.0,user4579@corp-example.com,+1-555-953-9121,crm_v2,cancelled,0
4580,EU,us,71967.0,2023-10-13,"3,974.06",0.0,user4580@corp-example.com,+1-555-502-6348,crm_v2,active,0
4581,APAC,US,47435.0,2023-07-16,"1,031.16",7.0,user4581@corp-example.com,+1-555-675-4317,crm_v2,cancelled,0
4582,EU,US,-999.0,2025-03-25,"1,339.90",5.0,user4582@corp-example.com,+1-555-688-7462,crm_v2,cancelled,0
4583,APAC,DE,72927.0,2024-07-08,"3,764.12",2.0,user4583@corp-example.com,+1-555-251-2353,crm_v2,ACTIVE,0
4584,EU,United States,73491.0,1900-01-01,723.01,1.0,user4584@corp-example.com,+1-555-158-9939,crm_v2,Active,0
4585,APAC,us,29663.0,2024-12-01,223.89,4.0,user4585@corp-example.com,+1-555-454-7276,crm_v2,active,0
4586,NA,us,31306.0,2025-04-14,"1,290.30",,user4586@corp-example.com,+1-555-716-4010,crm_v2,Active,1
4587,NA,United States,70213.0,2023-12-21,584.46,7.0,user4587@corp-example.com,+1-555-767-1724,crm_v2,active,0
4588,EU, US,50737.0,2025-01-26,986.19,4.0,user4588@corp-example.com,+1-555-672-2132,crm_v2,Active,0
4589,NA,us,49146.0,2023-07-28,880.54,3.0,user4589@corp-example.com,+1-555-633-8127,crm_v2,cancelled,0
4590,APAC,us,48020.0,2023-12-30,690.82,9.0,user4590@corp-example.com,+1-555-102-1039,crm_v2,Active,0
4591,NA,us,39218.0,2023-09-26,"3,133.12",1.0,user4591@corp-example.com,+1-555-239-2268,crm_v2,cancelled,0
4592,EU,IN,55297.0,2024-02-28,"1,664.66",4.0,user4592@corp-example.com,+1-555-725-7255,crm_v2,cancelled,0
4593,NA,IN,48657.0,2023-06-27,"1,490.99",0.0,user4593@corp-example.com,+1-555-597-6396,crm_v2,cancelled,0
4594,EU,DE,49675.0,2025-03-25,"1,650.66",5.0,user4594@corp-example.com,+1-555-928-1481,crm_v2,active,0
4595,APAC,DE,66960.0,2025-05-14,"1,725.29",4.0,user4595@corp-example.com,+1-555-544-6590,crm_v2,active,0
4596,APAC,US,41648.0,2024-06-06,"1,494.52",0.0,user4596@corp-example.com,+1-555-681-6408,crm_v2,active,0
4597,NA,US,-999.0,2025-02-15,"1,987.54",7.0,user4597@corp-example.com,+1-555-359-3555,crm_v2,Active,0
4598,NA,us,25785.0,2023-08-25,865.88,3.0,user4598@corp-example.com,+1-555-244-6393,crm_v2,active,0
4599,EU,DE,97879.0,2023-03-12,"1,289.25",6.0,user4599@corp-example.com,+1-555-808-8602,crm_v2,Active,0
4600,NA,DE,38929.0,2024-05-17,683.27,2.0,user4600@corp-example.com,+1-555-777-5609,crm_v2,active,0
4601,NA,IN,68549.0,2023-04-23,"2,647.49",1.0,user4601@corp-example.com,+1-555-520-6241,crm_v2,cancelled,0
4602,APAC,US,73577.0,2025-03-28,"1,387.54",8.0,user4602@corp-example.com,+1-555-366-3975,crm_v2,cancelled,0
4603,APAC,DE,59600.0,2025-01-09,916.79,4.0,user4603@corp-example.com,+1-555-174-9786,crm_v2,ACTIVE,0
4604,NA,US,71010.0,2023-01-03,"1,728.33",10.0,user4604@corp-example.com,+1-555-432-3965,crm_v2,active,0
4605,EU,DE,58009.0,2024-03-13,"4,270.62",2.0,user4605@corp-example.com,+1-555-473-9439,crm_v2,cancelled,0
4606,APAC,us,32787.0,2024-03-07,"2,171.19",1.0,user4606@corp-example.com,+1-555-429-3270,crm_v2,active,0
4607,NA,us,64917.0,2023-10-13,804.20,,user4607@corp-example.com,+1-555-654-9329,crm_v2,cancelled,1
4608,APAC,US,77114.0,2024-04-15,"1,808.82",8.0,user4608@corp-example.com,+1-555-553-4688,crm_v2,cancelled,0
4609,EU,DE,51243.0,2025-04-14,"1,375.02",1.0,user4609@corp-example.com,+1-555-139-2921,crm_v2,active,0
4610,APAC,DE,33756.0,2024-08-11,"1,654.76",4.0,user4610@corp-example.com,+1-555-409-2157,crm_v2,active,0
2161,NA, US,-999.0,2024-01-01,"1,622.68",9.0,user4611@corp-example.com,+1-555-107-3509,crm_v2,cancelled,0
4612,APAC,us,64618.0,2023-10-10,"1,115.48",4.0,user4612@corp-example.com,+1-555-292-5712,crm_v2,ACTIVE,0
4613,APAC,IN,64265.0,2024-01-21,"2,257.66",1.0,user4613@corp-example.com,+1-555-618-3794,crm_v2,ACTIVE,0
4614,NA,us,76525.0,2023-12-01,654.53,9.0,user4614@corp-example.com,+1-555-136-4669,crm_v2,Active,0
4615,EU,DE,68171.0,2025-02-20,"1,058.46",,user4615@corp-example.com,+1-555-282-7414,crm_v2,cancelled,1
4616,NA, US,67398.0,2025-03-21,"1,252.75",8.0,user4616@corp-example.com,+1-555-339-9628,crm_v2,cancelled,0
4617,EU,us,29093.0,2024-10-26,"1,964.88",2.0,user4617@corp-example.com,+1-555-269-9808,crm_v2,active,0
4618,EU, US,93679.0,2023-07-24,162.26,10.0,user4618@corp-example.com,+1-555-429-7321,crm_v2,cancelled,0
4619,EU,IN,60410.0,2024-04-29,172.11,7.0,user4619@corp-example.com,+1-555-405-9782,crm_v2,ACTIVE,0
4620,APAC,us,72836.0,2023-05-10,"1,513.65",5.0,user4620@corp-example.com,+1-555-325-6827,crm_v2,Active,0
4621,NA,DE,54371.0,2031-05-01,"1,328.08",9.0,user4621@corp-example.com,+1-555-239-1570,crm_v2,cancelled,0
4211,NA,DE,-999.0,2024-01-06,"1,287.52",10.0,user4622@corp-example.com,+1-555-635-9898,crm_v2,cancelled,0
4623,APAC,us,60576.0,2024-04-04,178.21,10.0,user4623@corp-example.com,+1-555-522-9604,crm_v2,active,0
4624,NA,United States,83733.0,2023-05-14,"2,190.35",3.0,user4624@corp-example.com,+1-555-548-7080,crm_v2,active,0
4625,NA,us,82843.0,2025-01-14,"1,246.14",,user4625@corp-example.com,+1-555-457-4773,crm_v2,Active,1
4626,NA,US,69123.0,2024-05-12,"1,308.67",,user4626@corp-example.com,+1-555-288-4310,crm_v2,Active,1
4627,EU,US,90021.0,2024-04-20,"1,115.28",0.0,user4627@corp-example.com,+1-555-506-6302,crm_v2,Active,0
4628,NA, US,53653.0,2025-05-01,943.22,3.0,user4628@corp-example.com,+1-555-475-3458,crm_v2,Active,0
4629,APAC,DE,67612.0,2023-05-31,607.84,0.0,user4629@corp-example.com,+1-555-935-7774,crm_v2,active,0
4630,EU,us,52733.0,2024-12-23,"2,436.01",1.0,user4630@corp-example.com,+1-555-245-8417,crm_v2,active,0
4631,APAC,US,79510.0,2024-07-11,"1,518.15",3.0,user4631@corp-example.com,+1-555-257-2643,crm_v2,cancelled,0
4632,EU, US,60275.0,2023-01-04,"1,527.74",3.0,user4632@corp-example.com,+1-555-876-7123,crm_v2,ACTIVE,0
4633,APAC,us,74682.0,2024-11-28,89.16,8.0,user4633@corp-example.com,+1-555-291-1145,crm_v2,cancelled,0
4634,NA,us,86092.0,2023-02-20,"1,416.83",6.0,user4634@corp-example.com,+1-555-351-2715,crm_v2,cancelled,0
4635,NA,DE,28035.0,2024-04-10,"1,086.16",6.0,user4635@corp-example.com,+1-555-947-5282,crm_v2,ACTIVE,0
4636,EU,US,92950.0,2024-09-25,"1,644.23",6.0,user4636@corp-example.com,+1-555-358-9872,crm_v2,active,0
4637,EU,us,64628.0,2024-03-21,"1,497.77",3.0,user4637@corp-example.com,+1-555-976-8217,crm_v2,cancelled,0
4638,EU,IN,54872.0,2023-01-04,"2,827.95",6.0,user4638@corp-example.com,+1-555-297-2052,crm_v2,cancelled,0
4639,APAC,us,30430.0,2024-12-12,"1,124.04",9.0,user4639@corp-example.com,+1-555-357-3047,crm_v2,ACTIVE,0
4640,NA, US,55131.0,2024-11-05,"1,355.99",3.0,user4640@corp-example.com,+1-555-479-6936,crm_v2,cancelled,0
4641,NA,US,24555.0,2023-10-29,467.42,4.0,user4641@corp-example.com,+1-555-473-3392,crm_v2,cancelled,0
4642,EU,US,61124.0,2025-05-05,"2,062.29",6.0,user4642@corp-example.com,+1-555-991-4020,crm_v2,cancelled,0
4643,EU,US,57172.0,2023-09-18,"1,385.53",8.0,user4643@corp-example.com,+1-555-116-1485,crm_v2,active,0
4644,NA,United States,87717.0,2023-01-29,403.12,7.0,user4644@corp-example.com,+1-555-544-6519,crm_v2,active,0
4645,NA,United States,54774.0,2023-12-31,"1,277.07",7.0,user4645@corp-example.com,+1-555-325-2658,crm_v2,ACTIVE,0
4646,NA, US,76224.0,2023-07-29,"1,023.98",5.0,user4646@corp-example.com,+1-555-244-6336,crm_v2,cancelled,0
4647,NA,US,77668.0,2023-11-09,"1,245.12",4.0,user4647@corp-example.com,+1-555-321-5865,crm_v2,cancelled,0
4648,NA,us,91431.0,2024-03-01,"1,656.92",10.0,user4648@corp-example.com,+1-555-889-7183,crm_v2,active,0
4649,NA,IN,56006.0,2024-08-22,"1,134.52",3.0,user4649@corp-example.com,+1-555-516-5250,crm_v2,active,0
4650,NA,DE,71478.0,2024-10-02,330.14,1.0,user4650@corp-example.com,+1-555-319-2811,crm_v2,active,0
4651,NA,US,-999.0,2024-11-14,347.72,,user4651@corp-example.com,+1-555-229-6447,crm_v2,cancelled,1
4652,NA,IN,42806.0,2023-02-14,"1,774.01",10.0,user4652@corp-example.com,+1-555-168-9285,crm_v2,active,0
4653,NA,us,55629.0,2024-04-07,"1,044.66",7.0,user4653@corp-example.com,+1-555-621-4903,crm_v2,Active,0
4654,NA, US,59469.0,2023-03-04,446.83,9.0,user4654@corp-example.com,+1-555-460-2475,crm_v2,active,0
4655,NA,us,41184.0,2025-04-13,737.69,9.0,user4655@corp-example.com,+1-555-953-3154,crm_v2,active,0
4656,APAC, US,53506.0,2025-03-29,"1,433.16",0.0,user4656@corp-example.com,+1-555-888-5716,crm_v2,active,0
4657,APAC,IN,70600.0,1900-01-01,396.09,,user4657@corp-example.com,+1-555-732-5027,crm_v2,active,1
4658,NA,us,52837.0,2025-03-15,348.29,1.0,user4658@corp-example.com,+1-555-779-7729,crm_v2,Active,0
4659,NA,DE,57474.0,2025-02-07,949.71,6.0,user4659@corp-example.com,+1-555-126-2330,crm_v2,cancelled,0
4660,NA,IN,46184.0,2024-07-28,453.47,9.0,user4660@corp-example.com,+1-555-523-3921,crm_v2,active,0
4661,EU,US,81083.0,2024-10-21,796.52,2.0,user4661@corp-example.com,+1-555-480-7202,crm_v2,ACTIVE,0
4662,NA,us,-999.0,2023-12-20,935.66,7.0,user4662@corp-example.com,+1-555-517-3671,crm_v2,Active,0
4663,EU,US,63017.0,1900-01-01,908.69,2.0,user4663@corp-example.com,+1-555-703-4321,crm_v2,cancelled,0
4664,EU,United States,-999.0,2023-10-15,982.38,5.0,user4664@corp-example.com,+1-555-753-9167,crm_v2,Active,0
4665,EU,US,-999.0,2023-09-17,395.65,5.0,user4665@corp-example.com,+1-555-742-1051,crm_v2,cancelled,0
4666,APAC,us,67238.0,2024-01-14,554.73,,user4666@corp-example.com,+1-555-166-9889,crm_v2,cancelled,1
4667,NA,DE,-999.0,2024-09-15,912.91,6.0,user4667@corp-example.com,+1-555-164-5105,crm_v2,active,0
4668,NA,IN,39157.0,2023-12-26,88.84,1.0,user4668@corp-example.com,+1-555-453-1219,crm_v2,Active,0
4669,NA,DE,50832.0,2023-12-27,"2,975.40",,user4669@corp-example.com,+1-555-692-4804,crm_v2,active,1
4670,EU,DE,93639.0,2025-05-18,"1,058.64",,user4670@corp-example.com,+1-555-919-1571,crm_v2,active,1
4671,EU,United States,-999.0,2024-01-25,"1,662.62",4.0,user4671@corp-example.com,+1-555-771-8111,crm_v2,cancelled,0
4672,NA, US,-999.0,2025-04-15,477.55,4.0,user4672@corp-example.com,+1-555-993-6442,crm_v2,ACTIVE,0
4673,NA, US,59871.0,2025-05-24,"1,719.69",7.0,user4673@corp-example.com,+1-555-456-6919,crm_v2,ACTIVE,0
4674,NA,United States,56582.0,2023-10-22,"1,112.86",3.0,user4674@corp-example.com,+1-555-520-5330,crm_v2,cancelled,0
4675,NA, US,80257.0,2024-04-21,"2,812.05",10.0,user4675@corp-example.com,+1-555-684-5025,crm_v2,active,0
4676,NA,US,56140.0,2023-03-05,808.80,1.0,user4676@corp-example.com,+1-555-435-1164,crm_v2,active,0
4677,NA,United States,65742.0,2024-06-10,"1,334.50",10.0,user4677@corp-example.com,+1-555-143-8767,crm_v2,active,0
4678,APAC,us,43923.0,2023-03-12,498.71,,user4678@corp-example.com,+1-555-184-2641,crm_v2,ACTIVE,1
4679,NA,US,40776.0,2023-04-13,"1,728.53",6.0,user4679@corp-example.com,+1-555-252-6500,crm_v2,Active,0
4680,EU, US,48572.0,2025-01-02,765.92,,user4680@corp-example.com,+1-555-903-6592,crm_v2,ACTIVE,1
4681,NA,DE,63351.0,2024-12-08,"2,635.25",0.0,user4681@corp-example.com,+1-555-145-2735,crm_v2,active,0
4682,NA,United States,49704.0,2024-05-16,"2,220.28",4.0,user4682@corp-example.com,+1-555-321-1077,crm_v2,Active,0
4683,NA,DE,29721.0,2023-09-10,994.21,10.0,user4683@corp-example.com,+1-555-966-7924,crm_v2,ACTIVE,0
4684,NA,DE,-999.0,2023-05-30,730.69,,user4684@corp-example.com,+1-555-152-8474,crm_v2,cancelled,1
4685,EU,DE,57400.0,2024-01-30,"1,170.76",1.0,user4685@corp-example.com,+1-555-759-7756,crm_v2,active,0
4686,NA,us,55636.0,2025-05-27,"2,051.15",1.0,user4686@corp-example.com,+1-555-906-3826,crm_v2,active,0
4687,NA,us,50505.0,2023-08-11,314.26,10.0,user4687@corp-example.com,+1-555-697-6808,crm_v2,ACTIVE,0
4688,APAC,United States,-999.0,2024-11-10,697.35,7.0,user4688@corp-example.com,+1-555-216-1851,crm_v2,Active,0
4689,APAC,us,84399.0,2024-08-13,818.41,3.0,user4689@corp-example.com,+1-555-578-7707,crm_v2,active,0
4690,NA,IN,52554.0,2024-07-09,979.49,6.0,user4690@corp-example.com,+1-555-992-9241,crm_v2,active,0
4691,NA,IN,68060.0,2023-07-24,330.13,1.0,user4691@corp-example.com,+1-555-484-3695,crm_v2,ACTIVE,0
4692,EU,IN,81383.0,2024-04-04,"2,237.84",8.0,user4692@corp-example.com,+1-555-805-7742,crm_v2,ACTIVE,0
4693,NA,IN,77331.0,2024-05-29,"1,085.62",8.0,user4693@corp-example.com,+1-555-853-1337,crm_v2,cancelled,0
4694,NA,DE,63070.0,2025-06-15,465.18,5.0,user4694@corp-example.com,+1-555-146-6032,crm_v2,Active,0
4695,NA,DE,60099.0,2024-01-19,876.25,0.0,user4695@corp-example.com,+1-555-274-6552,crm_v2,cancelled,0
4696,APAC,United States,64674.0,2023-07-14,"1,181.11",3.0,user4696@corp-example.com,+1-555-580-7909,crm_v2,active,0
4697,NA,DE,73922.0,2024-06-05,646.42,2.0,user4697@corp-example.com,+1-555-266-4602,crm_v2,cancelled,0
4698,APAC,US,-999.0,2023-07-16,640.58,5.0,user4698@corp-example.com,+1-555-519-6818,crm_v2,active,0
4699,NA, US,-999.0,2025-03-01,921.03,,user4699@corp-example.com,+1-555-234-4569,crm_v2,Active,1
4700,NA,United States,66894.0,2025-06-12,"1,607.86",2.0,user4700@corp-example.com,+1-555-940-7414,crm_v2,ACTIVE,0
4701,NA,IN,65782.0,2024-03-10,"2,026.37",10.0,user4701@corp-example.com,+1-555-834-6060,crm_v2,active,0
4702,APAC,DE,70664.0,2023-02-17,"1,271.35",,user4702@corp-example.com,+1-555-707-5017,crm_v2,Active,1
4703,APAC,DE,63126.0,2024-06-28,931.43,9.0,user4703@corp-example.com,+1-555-737-5767,crm_v2,ACTIVE,0
4704,NA,US,81060.0,2025-03-15,"1,253.88",10.0,user4704@corp-example.com,+1-555-699-2934,crm_v2,Active,0
4705,EU, US,63072.0,2024-06-13,856.60,9.0,user4705@corp-example.com,+1-555-916-4383,crm_v2,cancelled,0
4706,NA, US,73652.0,2023-06-24,925.91,3.0,user4706@corp-example.com,+1-555-744-7018,crm_v2,cancelled,0
4707,EU,DE,60647.0,2023-06-26,844.43,1.0,user4707@corp-example.com,+1-555-360-4754,crm_v2,ACTIVE,0
4708,NA,us,51134.0,2024-03-17,"1,010.78",5.0,user4708@corp-example.com,+1-555-709-2023,crm_v2,ACTIVE,0
4709,APAC,US,45412.0,2025-01-23,"3,234.36",1.0,user4709@corp-example.com,+1-555-970-9314,crm_v2,ACTIVE,0
4710,NA,us,57529.0,2024-12-12,"1,294.96",10.0,user4710@corp-example.com,+1-555-616-4302,crm_v2,Active,0
4711,APAC, US,68226.0,2024-04-10,"1,469.78",8.0,user4711@corp-example.com,+1-555-547-3444,crm_v2,Active,0
4712,NA,US,79491.0,2031-05-01,"2,064.62",5.0,user4712@corp-example.com,+1-555-174-9963,crm_v2,cancelled,0
4713,EU,IN,58599.0,2025-01-27,979.09,10.0,user4713@corp-example.com,+1-555-419-6243,crm_v2,cancelled,0
4714,NA,United States,51978.0,2025-02-27,502.66,9.0,user4714@corp-example.com,+1-555-663-7800,crm_v2,Active,0
4715,EU, US,-999.0,2023-02-18,332.34,,user4715@corp-example.com,+1-555-113-6773,crm_v2,ACTIVE,1
4716,EU, US,79845.0,2023-03-30,"1,851.53",7.0,user4716@corp-example.com,+1-555-557-9785,crm_v2,cancelled,0
4717,EU,United States,61613.0,2024-04-03,654.26,9.0,user4717@corp-example.com,+1-555-953-3377,crm_v2,ACTIVE,0
4718,NA,US,-999.0,2025-05-22,"1,021.12",5.0,user4718@corp-example.com,+1-555-679-9362,crm_v2,active,0
4719,NA,United States,71374.0,2023-10-09,206.88,6.0,user4719@corp-example.com,+1-555-602-4594,crm_v2,Active,0
4720,APAC,US,39654.0,2024-02-24,922.36,0.0,user4720@corp-example.com,+1-555-869-3878,crm_v2,ACTIVE,0
4721,NA,IN,61778.0,2023-03-14,951.99,6.0,user4721@corp-example.com,+1-555-224-5453,crm_v2,ACTIVE,0
4722,NA,IN,59324.0,2024-02-21,387.72,9.0,user4722@corp-example.com,+1-555-599-9040,crm_v2,ACTIVE,0
4723,NA,us,57918.0,2025-05-09,"1,232.93",4.0,user4723@corp-example.com,+1-555-493-8748,crm_v2,cancelled,0
4724,EU,us,42226.0,2025-01-18,"1,562.02",3.0,user4724@corp-example.com,+1-555-398-9713,crm_v2,active,0
4725,APAC,DE,75092.0,2024-08-26,"2,870.63",1.0,user4725@corp-example.com,+1-555-155-9107,crm_v2,active,0
4726,NA,United States,85875.0,2024-07-09,"1,005.74",4.0,user4726@corp-example.com,+1-555-955-4577,crm_v2,ACTIVE,0
4727,NA, US,-999.0,2025-03-05,"3,203.72",6.0,user4727@corp-example.com,+1-555-205-4958,crm_v2,ACTIVE,0
4728,NA,IN,61834.0,2023-09-23,"1,430.14",0.0,user4728@corp-example.com,+1-555-417-3272,crm_v2,cancelled,0
4729,NA,us,69914.0,2024-06-18,"1,729.87",5.0,user4729@corp-example.com,+1-555-161-7341,crm_v2,Active,0
4730,NA,IN,94725.0,2023-11-01,529.29,2.0,user4730@corp-example.com,+1-555-954-3764,crm_v2,Active,0
4731,NA,US,53583.0,2023-11-04,"2,069.73",10.0,user4731@corp-example.com,+1-555-410-5058,crm_v2,ACTIVE,0
4732,NA,IN,45399.0,2025-05-31,"1,579.70",6.0,user4732@corp-example.com,+1-555-705-4182,crm_v2,ACTIVE,0
4733,APAC,United States,59922.0,2024-03-13,701.05,10.0,user4733@corp-example.com,+1-555-805-8023,crm_v2,active,0
4734,NA,US,90969.0,2024-01-02,107.77,6.0,user4734@corp-example.com,+1-555-910-1659,crm_v2,Active,0
4735,EU,us,61061.0,2023-04-09,"1,239.53",6.0,user4735@corp-example.com,+1-555-220-2413,crm_v2,cancelled,0
4736,NA,IN,64065.0,2023-01-13,998.89,,user4736@corp-example.com,+1-555-512-6202,crm_v2,Active,1
4737,NA,United States,87297.0,2024-07-10,927.79,10.0,user4737@corp-example.com,+1-555-333-7857,crm_v2,Active,0
4738,APAC,United States,27143.0,2024-03-05,340.30,6.0,user4738@corp-example.com,+1-555-325-1467,crm_v2,cancelled,0
4739,NA, US,26666.0,2024-08-25,"3,662.44",10.0,user4739@corp-example.com,+1-555-621-4699,crm_v2,active,0
4740,NA,DE,73951.0,2023-08-26,636.06,6.0,user4740@corp-example.com,+1-555-141-6528,crm_v2,active,0
4741,APAC, US,71911.0,2031-05-01,"2,642.09",,user4741@corp-example.com,+1-555-223-4006,crm_v2,ACTIVE,1
4742,NA,US,-999.0,2025-03-28,"3,285.45",3.0,user4742@corp-example.com,+1-555-518-7649,crm_v2,cancelled,0
4743,NA,IN,67958.0,2024-11-11,"1,450.66",5.0,user4743@corp-example.com,+1-555-513-8875,crm_v2,ACTIVE,0
4744,APAC,us,60629.0,2024-11-27,466.89,6.0,user4744@corp-example.com,+1-555-772-2838,crm_v2,active,0
4745,NA,US,63337.0,2023-09-29,"1,727.13",2.0,user4745@corp-example.com,+1-555-997-8026,crm_v2,ACTIVE,0
4746,APAC,IN,47624.0,2023-01-01,202.86,2.0,user4746@corp-example.com,+1-555-815-2513,crm_v2,active,0
4747,NA,United States,53026.0,2025-03-20,331.50,7.0,user4747@corp-example.com,+1-555-986-4502,crm_v2,cancelled,0
4748,EU,DE,46508.0,2023-01-19,953.24,3.0,user4748@corp-example.com,+1-555-574-6298,crm_v2,active,0
4749,NA, US,60782.0,2024-08-28,"1,812.44",0.0,user4749@corp-example.com,+1-555-440-4323,crm_v2,active,0
4750,NA,DE,56441.0,2023-10-03,"2,149.03",0.0,user4750@corp-example.com,+1-555-992-2855,crm_v2,Active,0
4751,APAC,US,85876.0,2023-07-31,545.39,3.0,user4751@corp-example.com,+1-555-639-2684,crm_v2,active,0
4752,APAC,DE,69657.0,2023-10-17,937.38,2.0,user4752@corp-example.com,+1-555-951-2079,crm_v2,ACTIVE,0
4753,NA, US,35790.0,2024-08-30,633.71,4.0,user4753@corp-example.com,+1-555-309-4421,crm_v2,ACTIVE,0
4754,EU,IN,66392.0,2023-11-21,123.21,5.0,user4754@corp-example.com,+1-555-617-1313,crm_v2,active,0
4755,NA,IN,82026.0,2024-09-18,"1,187.22",3.0,user4755@corp-example.com,+1-555-189-5885,crm_v2,cancelled,0
4756,NA,United States,64328.0,2024-07-23,"2,331.82",1.0,user4756@corp-example.com,+1-555-448-1934,crm_v2,Active,0
4757,NA,us,76704.0,2025-03-30,"1,817.94",10.0,user4757@corp-example.com,+1-555-216-5887,crm_v2,Active,0
4758,EU,United States,-999.0,2024-08-07,138.05,8.0,user4758@corp-example.com,+1-555-667-1712,crm_v2,Active,0
4759,EU,DE,70836.0,2024-03-09,473.85,10.0,user4759@corp-example.com,+1-555-527-1751,crm_v2,ACTIVE,0
4760,EU,IN,45616.0,2024-09-05,378.27,4.0,user4760@corp-example.com,+1-555-392-1867,crm_v2,ACTIVE,0
4761,EU,us,72095.0,2023-07-31,706.31,5.0,user4761@corp-example.com,+1-555-759-9416,crm_v2,active,0
4762,NA,United States,38794.0,1900-01-01,947.52,5.0,user4762@corp-example.com,+1-555-829-1696,crm_v2,ACTIVE,0
4763,NA,United States,79874.0,2023-05-05,543.98,,user4763@corp-example.com,+1-555-253-2119,crm_v2,Active,1
4764,NA,DE,36721.0,2024-07-25,"1,052.29",2.0,user4764@corp-example.com,+1-555-454-6126,crm_v2,ACTIVE,0
4765,NA,United States,27463.0,2023-10-27,"1,527.98",2.0,user4765@corp-example.com,+1-555-252-6858,crm_v2,ACTIVE,0
4766,APAC,US,68157.0,2024-05-08,"1,277.01",6.0,user4766@corp-example.com,+1-555-629-3006,crm_v2,ACTIVE,0
4767,NA,US,57344.0,2024-01-18,420.22,4.0,user4767@corp-example.com,+1-555-359-8846,crm_v2,Active,0
4768,EU,DE,61751.0,2023-06-06,"2,563.49",9.0,user4768@corp-example.com,+1-555-329-8823,crm_v2,ACTIVE,0
4769,APAC,DE,66576.0,2024-11-03,"2,264.11",3.0,user4769@corp-example.com,+1-555-486-9926,crm_v2,Active,0
4770,APAC,IN,59580.0,2023-02-05,432.34,2.0,user4770@corp-example.com,+1-555-736-1602,crm_v2,cancelled,0
4771,EU, US,46387.0,2023-02-25,102.47,10.0,user4771@corp-example.com,+1-555-813-6267,crm_v2,Active,0
4772,EU,us,63247.0,2024-05-03,284.76,7.0,user4772@corp-example.com,+1-555-242-4999,crm_v2,cancelled,0
4773,NA,us,65344.0,2023-04-10,743.40,6.0,user4773@corp-example.com,+1-555-453-8682,crm_v2,ACTIVE,0
4774,EU,US,67577.0,2023-09-01,"1,570.70",4.0,user4774@corp-example.com,+1-555-356-6024,crm_v2,ACTIVE,0
4775,NA,us,90555.0,2024-10-30,"1,339.60",8.0,user4775@corp-example.com,+1-555-186-3125,crm_v2,active,0
4776,EU, US,48693.0,2024-07-31,"2,820.98",4.0,user4776@corp-example.com,+1-555-548-5122,crm_v2,Active,0
4777,NA,IN,61032.0,2023-06-29,653.26,7.0,user4777@corp-example.com,+1-555-951-1832,crm_v2,active,0
4778,APAC,us,68610.0,2023-05-03,"1,062.34",3.0,user4778@corp-example.com,+1-555-672-7290,crm_v2,active,0
4779,NA,IN,53123.0,2023-01-22,"3,091.71",1.0,user4779@corp-example.com,+1-555-791-5987,crm_v2,cancelled,0
4780,EU, US,41563.0,2025-03-27,"1,800.16",9.0,user4780@corp-example.com,+1-555-292-9222,crm_v2,ACTIVE,0
4781,APAC, US,51270.0,2023-03-21,"1,797.37",0.0,user4781@corp-example.com,+1-555-296-4617,crm_v2,ACTIVE,0
4782,NA,IN,76373.0,2023-08-19,"1,377.72",7.0,user4782@corp-example.com,+1-555-152-5190,crm_v2,Active,0
4783,APAC,us,55854.0,2024-08-08,138.98,3.0,user4783@corp-example.com,+1-555-789-7338,crm_v2,ACTIVE,0
4784,EU,IN,69413.0,2025-03-24,401.62,8.0,user4784@corp-example.com,+1-555-251-6848,crm_v2,active,0
4785,EU,DE,-999.0,2024-06-14,"1,321.62",1.0,user4785@corp-example.com,+1-555-920-2749,crm_v2,cancelled,0
4786,NA,us,66862.0,2024-02-07,"1,585.98",5.0,user4786@corp-example.com,+1-555-491-1392,crm_v2,active,0
4787,NA,US,49605.0,2025-04-18,"1,546.81",5.0,user4787@corp-example.com,+1-555-974-5980,crm_v2,cancelled,0
4788,NA,US,47040.0,2023-03-13,"1,642.06",1.0,user4788@corp-example.com,+1-555-837-4175,crm_v2,Active,0
4789,NA,IN,61728.0,2023-05-10,"1,653.50",9.0,user4789@corp-example.com,+1-555-804-6871,crm_v2,Active,0
4790,EU,US,60801.0,2023-08-30,793.29,10.0,user4790@corp-example.com,+1-555-948-5266,crm_v2,cancelled,0
4791,EU,US,82670.0,2024-08-20,"1,232.23",7.0,user4791@corp-example.com,+1-555-112-5452,crm_v2,Active,0
4792,EU,DE,35007.0,2023-04-26,692.00,5.0,user4792@corp-example.com,+1-555-708-4507,crm_v2,cancelled,0
4793,NA,US,67829.0,2023-03-03,351.43,8.0,user4793@corp-example.com,+1-555-228-8346,crm_v2,cancelled,0
4794,NA,United States,84795.0,2023-10-15,"2,842.35",,user4794@corp-example.com,+1-555-353-5765,crm_v2,cancelled,1
4795,EU, US,80951.0,2025-01-03,"1,661.92",8.0,user4795@corp-example.com,+1-555-145-9374,crm_v2,active,0
4796,APAC,United States,54094.0,2024-06-21,270.99,9.0,user4796@corp-example.com,+1-555-120-7940,crm_v2,Active,0
4797,NA, US,-999.0,2024-04-02,"1,766.34",6.0,user4797@corp-example.com,+1-555-722-2029,crm_v2,active,0
4798,NA,United States,52385.0,2024-02-14,"2,814.68",8.0,user4798@corp-example.com,+1-555-172-9137,crm_v2,active,0
4799,NA,US,64627.0,2023-02-17,"1,101.90",3.0,user4799@corp-example.com,+1-555-994-3521,crm_v2,ACTIVE,0
4800,APAC, US,62913.0,2024-05-10,723.66,3.0,user4800@corp-example.com,+1-555-957-2822,crm_v2,cancelled,0
4801,NA,us,65377.0,2023-01-04,484.77,6.0,user4801@corp-example.com,+1-555-898-7196,crm_v2,Active,0
4802,APAC,DE,69208.0,2025-05-03,"1,095.63",3.0,user4802@corp-example.com,+1-555-186-2457,crm_v2,Active,0
4803,EU,IN,43537.0,1900-01-01,592.86,3.0,user4803@corp-example.com,+1-555-892-1491,crm_v2,ACTIVE,0
4804,NA, US,42645.0,2023-01-16,246.77,,user4804@corp-example.com,+1-555-270-1767,crm_v2,ACTIVE,1
4805,EU,DE,41128.0,2024-03-04,835.74,10.0,user4805@corp-example.com,+1-555-860-7981,crm_v2,Active,0
4806,NA,us,39349.0,2023-08-17,"2,001.07",3.0,user4806@corp-example.com,+1-555-507-1974,crm_v2,active,0
4807,EU,US,58473.0,2025-04-06,862.44,,user4807@corp-example.com,+1-555-720-4409,crm_v2,cancelled,1
4808,NA,DE,64790.0,2023-05-22,789.56,2.0,user4808@corp-example.com,+1-555-816-9792,crm_v2,Active,0
4809,APAC,IN,98958.0,2023-04-30,324.94,7.0,user4809@corp-example.com,+1-555-938-8559,crm_v2,Active,0
4810,NA,IN,68206.0,2031-05-01,980.72,1.0,user4810@corp-example.com,+1-555-322-1176,crm_v2,ACTIVE,0
4811,APAC, US,-999.0,2024-03-03,426.15,10.0,user4811@corp-example.com,+1-555-276-4322,crm_v2,cancelled,0
4812,EU,IN,81833.0,2024-02-04,"2,795.76",4.0,user4812@corp-example.com,+1-555-386-8097,crm_v2,active,0
4813,NA,IN,48701.0,2024-09-16,"3,065.64",6.0,user4813@corp-example.com,+1-555-989-3556,crm_v2,active,0
4814,APAC,US,65223.0,2023-02-25,"1,668.41",0.0,user4814@corp-example.com,+1-555-370-4773,crm_v2,Active,0
4815,NA,us,74981.0,2023-02-24,"1,067.93",1.0,user4815@corp-example.com,+1-555-869-6111,crm_v2,cancelled,0
4816,APAC,US,72100.0,2024-08-24,941.06,4.0,user4816@corp-example.com,+1-555-503-9386,crm_v2,active,0
4817,APAC,us,66213.0,2024-05-19,"1,168.56",8.0,user4817@corp-example.com,+1-555-126-3200,crm_v2,cancelled,0
4818,APAC,us,54634.0,2024-03-31,"3,547.88",4.0,user4818@corp-example.com,+1-555-697-3224,crm_v2,ACTIVE,0
4819,EU,DE,40896.0,2025-05-16,"1,112.73",8.0,user4819@corp-example.com,+1-555-634-5498,crm_v2,Active,0
4820,EU,IN,57641.0,2023-07-06,117.16,,user4820@corp-example.com,+1-555-225-5654,crm_v2,active,1
4821,APAC, US,50838.0,2023-08-16,"1,347.58",,user4821@corp-example.com,+1-555-850-8184,crm_v2,ACTIVE,1
4822,NA,US,70598.0,2024-03-24,"1,563.39",6.0,user4822@corp-example.com,+1-555-255-7412,crm_v2,ACTIVE,0
4823,APAC,us,57902.0,2023-08-19,869.58,6.0,user4823@corp-example.com,+1-555-392-1125,crm_v2,ACTIVE,0
4824,EU,United States,68640.0,2024-05-06,984.44,7.0,user4824@corp-example.com,+1-555-851-3448,crm_v2,Active,0
4825,APAC,United States,35246.0,2023-08-16,643.43,7.0,user4825@corp-example.com,+1-555-730-6182,crm_v2,Active,0
4826,NA,United States,74968.0,2023-04-03,"1,465.64",,user4826@corp-example.com,+1-555-846-2444,crm_v2,cancelled,1
4827,EU,United States,46887.0,2024-04-17,"3,144.11",2.0,user4827@corp-example.com,+1-555-547-4260,crm_v2,ACTIVE,0
4828,NA,IN,35970.0,2024-01-02,436.95,7.0,user4828@corp-example.com,+1-555-838-1333,crm_v2,cancelled,0
4829,NA,us,38831.0,2023-10-28,706.46,3.0,user4829@corp-example.com,+1-555-817-7785,crm_v2,Active,0
4830,NA,DE,50339.0,2023-10-25,"1,423.10",8.0,user4830@corp-example.com,+1-555-125-5606,crm_v2,active,0
4831,EU,DE,77280.0,2024-06-15,329.33,1.0,user4831@corp-example.com,+1-555-620-4718,crm_v2,ACTIVE,0
4832,NA,IN,70970.0,2023-04-14,"2,344.27",0.0,user4832@corp-example.com,+1-555-482-6726,crm_v2,active,0
4833,APAC,DE,41951.0,2025-05-21,"1,476.10",1.0,user4833@corp-example.com,+1-555-145-6055,crm_v2,ACTIVE,0
4834,NA,US,61330.0,2023-03-08,"1,225.87",9.0,user4834@corp-example.com,+1-555-547-6706,crm_v2,cancelled,0
4835,NA,DE,58385.0,2023-03-19,727.35,10.0,user4835@corp-example.com,+1-555-188-4985,crm_v2,ACTIVE,0
4836,APAC,IN,35887.0,2025-03-13,"1,019.73",3.0,user4836@corp-example.com,+1-555-662-8677,crm_v2,Active,0
4120,NA,United States,44762.0,2025-04-26,"2,097.84",,user4837@corp-example.com,+1-555-301-4611,crm_v2,cancelled,1
4838,NA,IN,28666.0,2024-02-04,371.95,,user4838@corp-example.com,+1-555-598-6402,crm_v2,active,1
4839,EU,us,46622.0,2024-12-02,312.92,5.0,user4839@corp-example.com,+1-555-850-5288,crm_v2,Active,0
4840,NA,DE,19243.0,2024-02-14,529.09,4.0,user4840@corp-example.com,+1-555-447-2842,crm_v2,active,0
4841,APAC,DE,47768.0,2024-07-21,495.12,0.0,user4841@corp-example.com,+1-555-675-8983,crm_v2,active,0
4842,NA, US,45605.0,2031-05-01,"1,024.04",0.0,user4842@corp-example.com,+1-555-756-9901,crm_v2,Active,0
4843,APAC,us,47745.0,2023-11-28,362.37,0.0,user4843@corp-example.com,+1-555-599-9666,crm_v2,active,0
4844,NA, US,47340.0,2023-08-29,"1,869.70",,user4844@corp-example.com,+1-555-274-7776,crm_v2,active,1
4845,APAC,US,77777.0,2024-11-19,681.31,5.0,user4845@corp-example.com,+1-555-701-9579,crm_v2,ACTIVE,0
4846,NA,United States,54645.0,2025-01-18,90.31,0.0,user4846@corp-example.com,+1-555-914-3815,crm_v2,Active,0
4847,APAC,United States,63707.0,2023-05-07,959.48,,user4847@corp-example.com,+1-555-738-8268,crm_v2,cancelled,1
4848,NA, US,71602.0,2024-06-10,"1,256.87",0.0,user4848@corp-example.com,+1-555-167-1321,crm_v2,ACTIVE,0
4849,NA,us,73841.0,2023-01-19,"1,530.34",10.0,user4849@corp-example.com,+1-555-657-8962,crm_v2,ACTIVE,0
4850,EU, US,70454.0,2024-02-05,828.18,8.0,user4850@corp-example.com,+1-555-923-3482,crm_v2,active,0
4851,EU,US,51490.0,2024-05-31,"2,142.95",,user4851@corp-example.com,+1-555-703-1394,crm_v2,Active,1
4852,EU,United States,43136.0,2025-01-13,"2,050.55",5.0,user4852@corp-example.com,+1-555-965-2199,crm_v2,Active,0
4853,EU,United States,48040.0,2023-07-10,"1,022.89",9.0,user4853@corp-example.com,+1-555-381-1112,crm_v2,active,0
4854,NA,United States,52738.0,2023-01-06,337.82,7.0,user4854@corp-example.com,+1-555-631-4295,crm_v2,cancelled,0
4855,NA,IN,60075.0,2023-09-03,145.22,,user4855@corp-example.com,+1-555-358-1039,crm_v2,ACTIVE,1
4856,EU,US,58680.0,2023-04-30,"3,763.15",10.0,user4856@corp-example.com,+1-555-628-5782,crm_v2,cancelled,0
4857,EU,US,76835.0,2023-10-03,84.37,1.0,user4857@corp-example.com,+1-555-251-4452,crm_v2,cancelled,0
4858,EU,US,58415.0,2025-04-12,"1,606.11",2.0,user4858@corp-example.com,+1-555-952-5374,crm_v2,ACTIVE,0
4859,NA, US,87533.0,2023-10-30,"3,423.79",6.0,user4859@corp-example.com,+1-555-587-3562,crm_v2,active,0
4860,APAC,US,75818.0,2025-06-02,"1,884.71",8.0,user4860@corp-example.com,+1-555-357-8685,crm_v2,cancelled,0
4861,NA,US,52596.0,2024-05-27,445.30,4.0,user4861@corp-example.com,+1-555-823-7363,crm_v2,Active,0
4862,APAC,DE,73214.0,2025-05-05,774.54,9.0,user4862@corp-example.com,+1-555-519-3263,crm_v2,ACTIVE,0
4863,NA,United States,15851.0,2025-02-19,"3,125.94",3.0,user4863@corp-example.com,+1-555-771-7646,crm_v2,Active,0
4864,EU, US,81151.0,2023-05-01,394.98,3.0,user4864@corp-example.com,+1-555-288-3965,crm_v2,active,0
4865,APAC,United States,-999.0,2025-03-23,"1,958.60",1.0,user4865@corp-example.com,+1-555-223-2365,crm_v2,Active,0
4866,NA,IN,66096.0,2023-05-06,509.04,2.0,user4866@corp-example.com,+1-555-798-4035,crm_v2,Active,0
4867,EU, US,34147.0,2024-04-13,476.62,,user4867@corp-example.com,+1-555-842-2449,crm_v2,active,1
4868,NA,United States,98694.0,2024-12-01,"1,017.84",3.0,user4868@corp-example.com,+1-555-339-4550,crm_v2,Active,0
4869,NA,US,56091.0,2023-05-17,"2,059.66",,user4869@corp-example.com,+1-555-129-8358,crm_v2,ACTIVE,1
4870,NA,IN,57798.0,2024-07-27,"1,747.06",2.0,user4870@corp-example.com,+1-555-218-3206,crm_v2,ACTIVE,0
4871,EU,DE,77276.0,2023-11-12,857.58,8.0,user4871@corp-example.com,+1-555-304-2288,crm_v2,Active,0
4872,NA,DE,57021.0,2023-12-14,741.62,10.0,user4872@corp-example.com,+1-555-581-5627,crm_v2,cancelled,0
4873,APAC,United States,46939.0,2025-05-20,"1,922.79",3.0,user4873@corp-example.com,+1-555-199-8771,crm_v2,ACTIVE,0
4874,NA,US,70103.0,2024-06-18,"1,021.96",6.0,user4874@corp-example.com,+1-555-195-2434,crm_v2,ACTIVE,0
4875,NA,United States,44437.0,2023-04-22,910.23,,user4875@corp-example.com,+1-555-683-4272,crm_v2,ACTIVE,1
4876,NA,US,71395.0,2023-04-30,"2,272.21",8.0,user4876@corp-example.com,+1-555-203-3875,crm_v2,cancelled,0
4877,NA,DE,62109.0,2024-12-23,"3,144.05",5.0,user4877@corp-example.com,+1-555-392-5218,crm_v2,cancelled,0
4878,NA,US,77291.0,2023-11-11,880.08,5.0,user4878@corp-example.com,+1-555-661-5282,crm_v2,ACTIVE,0
4879,NA,IN,41413.0,2024-06-01,533.10,,user4879@corp-example.com,+1-555-496-5296,crm_v2,cancelled,1
4880,NA,DE,79107.0,2024-11-01,702.60,8.0,user4880@corp-example.com,+1-555-914-8472,crm_v2,ACTIVE,0
4881,NA, US,64504.0,2024-11-25,309.37,5.0,user4881@corp-example.com,+1-555-331-3971,crm_v2,ACTIVE,0
4882,EU,us,90287.0,2025-05-14,"1,391.12",,user4882@corp-example.com,+1-555-510-6212,crm_v2,cancelled,1
4883,NA,IN,-999.0,2024-12-20,"1,420.31",5.0,user4883@corp-example.com,+1-555-487-8230,crm_v2,ACTIVE,0
4884,EU,IN,88487.0,2023-05-12,"1,710.99",5.0,user4884@corp-example.com,+1-555-547-6970,crm_v2,active,0
4885,NA,us,70793.0,2024-05-21,209.38,6.0,user4885@corp-example.com,+1-555-325-3554,crm_v2,cancelled,0
4886,NA,us,72103.0,2023-08-10,"1,453.19",0.0,user4886@corp-example.com,+1-555-881-6822,crm_v2,cancelled,0
4887,NA, US,48837.0,2025-01-08,"1,041.39",7.0,user4887@corp-example.com,+1-555-907-1072,crm_v2,cancelled,0
4888,NA,DE,68561.0,2023-05-13,416.42,8.0,user4888@corp-example.com,+1-555-557-3751,crm_v2,ACTIVE,0
4889,APAC,us,70275.0,2024-12-28,"1,247.16",3.0,user4889@corp-example.com,+1-555-392-5655,crm_v2,Active,0
4890,NA,IN,47250.0,2025-06-09,863.58,0.0,user4890@corp-example.com,+1-555-157-9195,crm_v2,active,0
4891,NA, US,42247.0,2025-01-24,"1,798.68",,user4891@corp-example.com,+1-555-812-3861,crm_v2,Active,1
4892,NA,United States,48138.0,2023-12-07,"1,233.75",,user4892@corp-example.com,+1-555-571-8413,crm_v2,cancelled,1
4893,APAC,IN,82432.0,2025-03-01,"1,142.90",6.0,user4893@corp-example.com,+1-555-773-5658,crm_v2,ACTIVE,0
4894,EU,US,62400.0,2023-06-12,782.37,4.0,user4894@corp-example.com,+1-555-565-4745,crm_v2,Active,0
4895,EU,IN,74368.0,2023-05-14,405.30,10.0,user4895@corp-example.com,+1-555-260-4648,crm_v2,ACTIVE,0
4896,APAC, US,64431.0,2024-07-18,389.27,5.0,user4896@corp-example.com,+1-555-279-7941,crm_v2,ACTIVE,0
4897,NA, US,61782.0,2024-03-09,501.28,1.0,user4897@corp-example.com,+1-555-414-9639,crm_v2,ACTIVE,0
4898,EU,US,63405.0,2023-01-07,"1,434.61",0.0,user4898@corp-example.com,+1-555-341-6021,crm_v2,active,0
4899,NA,us,53696.0,1900-01-01,"2,191.06",7.0,user4899@corp-example.com,+1-555-481-4946,crm_v2,cancelled,0
4900,EU,DE,78727.0,2024-07-25,893.37,1.0,user4900@corp-example.com,+1-555-635-7752,crm_v2,active,0
4901,NA,us,62653.0,2023-09-14,"1,041.71",,user4901@corp-example.com,+1-555-282-2989,crm_v2,cancelled,1
4902,EU,IN,63447.0,2024-05-07,543.41,2.0,user4902@corp-example.com,+1-555-441-5120,crm_v2,ACTIVE,0
4903,NA,IN,-999.0,2023-10-24,861.00,6.0,user4903@corp-example.com,+1-555-913-2908,crm_v2,cancelled,0
4904,NA,United States,64736.0,2025-03-28,"1,542.36",8.0,user4904@corp-example.com,+1-555-113-3779,crm_v2,cancelled,0
4905,EU, US,49641.0,2025-02-02,"2,125.12",6.0,user4905@corp-example.com,+1-555-692-3506,crm_v2,active,0
4906,APAC,us,52312.0,2023-11-22,"2,603.76",2.0,user4906@corp-example.com,+1-555-155-7650,crm_v2,active,0
4907,NA,us,75897.0,2024-11-26,204.94,,user4907@corp-example.com,+1-555-795-2943,crm_v2,Active,1
4908,NA,IN,43246.0,2024-12-04,"1,222.77",0.0,user4908@corp-example.com,+1-555-411-9986,crm_v2,Active,0
4909,NA,IN,56930.0,2024-12-21,807.60,1.0,user4909@corp-example.com,+1-555-146-3653,crm_v2,Active,0
4910,EU,US,-999.0,2025-02-24,205.80,10.0,user4910@corp-example.com,+1-555-619-8418,crm_v2,ACTIVE,0
4911,APAC,United States,77663.0,2025-02-03,330.24,5.0,user4911@corp-example.com,+1-555-753-1334,crm_v2,Active,0
4912,NA,IN,-999.0,2025-06-16,"1,576.28",9.0,user4912@corp-example.com,+1-555-815-9257,crm_v2,Active,0
4913,NA, US,64896.0,2025-06-16,357.76,6.0,user4913@corp-example.com,+1-555-937-8950,crm_v2,Active,0
4914,NA,United States,64379.0,2024-03-30,598.37,0.0,user4914@corp-example.com,+1-555-650-2954,crm_v2,active,0
4915,APAC,IN,42683.0,2023-05-22,"1,402.03",9.0,user4915@corp-example.com,+1-555-863-6458,crm_v2,cancelled,0
4916,NA,US,27178.0,2025-01-15,"1,560.02",2.0,user4916@corp-example.com,+1-555-985-6011,crm_v2,active,0
4917,NA,DE,-999.0,2024-04-23,315.77,6.0,user4917@corp-example.com,+1-555-851-6704,crm_v2,ACTIVE,0
4918,EU,United States,69193.0,2025-05-11,"1,697.24",2.0,user4918@corp-example.com,+1-555-144-7378,crm_v2,ACTIVE,0
4919,APAC,US,61565.0,2024-01-04,376.70,4.0,user4919@corp-example.com,+1-555-976-6011,crm_v2,Active,0
4920,EU,DE,39444.0,2023-10-24,643.04,7.0,user4920@corp-example.com,+1-555-751-5592,crm_v2,cancelled,0
4921,NA,IN,50180.0,2023-12-27,379.56,7.0,user4921@corp-example.com,+1-555-737-3964,crm_v2,cancelled,0
4922,NA,United States,53861.0,2024-02-07,"1,204.75",0.0,user4922@corp-example.com,+1-555-137-4902,crm_v2,active,0
4923,EU, US,54503.0,2025-02-02,757.50,7.0,user4923@corp-example.com,+1-555-811-7523,crm_v2,cancelled,0
4924,APAC, US,59528.0,2024-06-04,848.42,9.0,user4924@corp-example.com,+1-555-377-3601,crm_v2,cancelled,0
4925,EU,us,93830.0,2025-06-10,20.88,6.0,user4925@corp-example.com,+1-555-111-6642,crm_v2,cancelled,0
4926,NA,United States,48003.0,2024-02-23,604.06,3.0,user4926@corp-example.com,+1-555-604-4844,crm_v2,ACTIVE,0
4927,NA,IN,62186.0,2024-09-20,646.95,4.0,user4927@corp-example.com,+1-555-216-5854,crm_v2,Active,0
4928,EU,us,48185.0,1900-01-01,630.41,,user4928@corp-example.com,+1-555-329-8575,crm_v2,active,1
4929,EU, US,50352.0,2023-01-22,152.14,10.0,user4929@corp-example.com,+1-555-894-6017,crm_v2,Active,0
4930,EU,DE,46492.0,2024-12-22,976.59,,user4930@corp-example.com,+1-555-160-1594,crm_v2,active,1
4931,APAC,DE,56455.0,2024-01-09,"2,069.54",3.0,user4931@corp-example.com,+1-555-961-9151,crm_v2,cancelled,0
4932,APAC,United States,51514.0,2023-12-11,937.98,,user4932@corp-example.com,+1-555-855-1157,crm_v2,active,1
4933,APAC,DE,65343.0,2025-05-04,626.59,4.0,user4933@corp-example.com,+1-555-222-5619,crm_v2,ACTIVE,0
4934,EU,IN,63251.0,2024-07-28,371.29,3.0,user4934@corp-example.com,+1-555-894-8525,crm_v2,Active,0
4935,NA,us,46299.0,2024-04-15,981.42,4.0,user4935@corp-example.com,+1-555-796-2606,crm_v2,active,0
4936,NA,US,89382.0,2024-02-22,522.81,2.0,user4936@corp-example.com,+1-555-473-2519,crm_v2,active,0
4937,NA,IN,42063.0,2023-07-20,"1,804.35",1.0,user4937@corp-example.com,+1-555-978-8947,crm_v2,ACTIVE,0
4938,EU,us,65438.0,2023-03-29,"1,159.90",8.0,user4938@corp-example.com,+1-555-913-8875,crm_v2,active,0
4939,EU,United States,93228.0,2023-04-23,"1,015.67",7.0,user4939@corp-example.com,+1-555-290-9137,crm_v2,Active,0
4940,APAC,IN,49056.0,2024-03-03,"2,270.93",,user4940@corp-example.com,+1-555-408-1918,crm_v2,active,1
4941,APAC,US,80309.0,2023-06-26,"1,198.72",0.0,user4941@corp-example.com,+1-555-433-5350,crm_v2,ACTIVE,0
4942,NA,United States,81745.0,1900-01-01,"2,911.11",0.0,user4942@corp-example.com,+1-555-661-1785,crm_v2,Active,0
4943,NA,United States,65177.0,2023-03-21,"2,762.23",6.0,user4943@corp-example.com,+1-555-274-3990,crm_v2,active,0
4944,NA,United States,31657.0,2023-05-30,753.78,5.0,user4944@corp-example.com,+1-555-970-4545,crm_v2,active,0
4945,EU,US,81756.0,2025-01-07,313.12,,user4945@corp-example.com,+1-555-302-6658,crm_v2,ACTIVE,1
4946,APAC,United States,-999.0,2024-11-13,"1,769.47",3.0,user4946@corp-example.com,+1-555-177-4409,crm_v2,ACTIVE,0
4947,EU,IN,51604.0,2024-08-28,894.20,,user4947@corp-example.com,+1-555-737-6480,crm_v2,Active,1
4948,NA,DE,79546.0,2024-01-16,880.43,,user4948@corp-example.com,+1-555-992-7928,crm_v2,Active,1
4949,NA,United States,48880.0,2024-07-22,"1,031.84",1.0,user4949@corp-example.com,+1-555-769-6679,crm_v2,active,0
4950,APAC,US,76305.0,2024-09-30,691.92,1.0,user4950@corp-example.com,+1-555-969-9667,crm_v2,ACTIVE,0
4951,APAC, US,51584.0,2024-11-28,110.95,6.0,user4951@corp-example.com,+1-555-663-4912,crm_v2,ACTIVE,0
4952,EU,us,68201.0,2025-05-27,"1,125.10",3.0,user4952@corp-example.com,+1-555-593-9245,crm_v2,active,0
4953,NA,DE,43491.0,2024-02-21,"1,328.60",,user4953@corp-example.com,+1-555-706-5323,crm_v2,ACTIVE,1
4954,NA,United States,53918.0,2024-10-18,"2,046.77",6.0,user4954@corp-example.com,+1-555-112-6036,crm_v2,cancelled,0
4955,EU,DE,45954.0,2024-12-07,862.78,9.0,user4955@corp-example.com,+1-555-118-9821,crm_v2,ACTIVE,0
4956,APAC, US,49079.0,2025-06-11,"2,564.79",10.0,user4956@corp-example.com,+1-555-466-8061,crm_v2,active,0
4957,NA,DE,62849.0,2024-12-23,"1,375.55",5.0,user4957@corp-example.com,+1-555-905-5847,crm_v2,Active,0
4958,NA, US,-999.0,2024-08-06,508.83,6.0,user4958@corp-example.com,+1-555-519-4936,crm_v2,active,0
4959,NA,us,62869.0,2024-09-03,376.73,6.0,user4959@corp-example.com,+1-555-373-4822,crm_v2,active,0
4960,NA, US,79642.0,2025-04-02,"1,588.00",3.0,user4960@corp-example.com,+1-555-190-5288,crm_v2,active,0
4961,NA,US,58230.0,2023-06-17,106.30,4.0,user4961@corp-example.com,+1-555-226-5495,crm_v2,cancelled,0
4962,APAC,IN,31487.0,2023-01-30,588.27,0.0,user4962@corp-example.com,+1-555-905-2635,crm_v2,active,0
4963,EU,IN,55573.0,2025-05-17,821.78,0.0,user4963@corp-example.com,+1-555-230-8265,crm_v2,cancelled,0
4964,NA, US,-999.0,2023-08-19,815.12,1.0,user4964@corp-example.com,+1-555-717-4420,crm_v2,cancelled,0
4965,NA,IN,75592.0,2024-03-21,446.30,7.0,user4965@corp-example.com,+1-555-519-2096,crm_v2,ACTIVE,0
4966,NA,us,-999.0,2024-01-08,477.93,,user4966@corp-example.com,+1-555-283-4734,crm_v2,Active,1
4967,EU, US,74546.0,2024-10-16,"1,246.99",10.0,user4967@corp-example.com,+1-555-591-3166,crm_v2,Active,0
4968,NA,US,56501.0,2025-04-05,"1,813.28",3.0,user4968@corp-example.com,+1-555-105-9383,crm_v2,ACTIVE,0
4969,NA, US,69874.0,2023-08-30,"2,180.94",3.0,user4969@corp-example.com,+1-555-205-7715,crm_v2,cancelled,0
4970,EU, US,37888.0,2023-09-22,"1,007.85",1.0,user4970@corp-example.com,+1-555-404-5931,crm_v2,active,0
4971,APAC, US,79791.0,2023-04-11,"2,426.79",0.0,user4971@corp-example.com,+1-555-116-2113,crm_v2,ACTIVE,0
4972,NA,IN,66701.0,2024-03-25,780.24,,user4972@corp-example.com,+1-555-293-5682,crm_v2,active,1
4973,APAC,us,67767.0,2023-02-18,883.17,,user4973@corp-example.com,+1-555-406-2966,crm_v2,ACTIVE,1
4974,NA,United States,54179.0,2023-06-24,790.78,9.0,user4974@corp-example.com,+1-555-486-6027,crm_v2,Active,0
4975,NA,IN,60843.0,2023-02-24,"1,031.75",10.0,user4975@corp-example.com,+1-555-961-1889,crm_v2,Active,0
4976,APAC, US,49742.0,2023-10-22,502.43,8.0,user4976@corp-example.com,+1-555-158-1912,crm_v2,active,0
4977,APAC,United States,68667.0,2025-05-28,441.86,7.0,user4977@corp-example.com,+1-555-736-5829,crm_v2,cancelled,0
4978,NA,IN,39639.0,2025-04-04,890.65,0.0,user4978@corp-example.com,+1-555-426-5866,crm_v2,active,0
4979,EU,DE,74872.0,2023-03-19,"1,717.16",1.0,user4979@corp-example.com,+1-555-399-8442,crm_v2,cancelled,0
4980,EU,DE,68321.0,2023-05-22,974.80,0.0,user4980@corp-example.com,+1-555-192-4945,crm_v2,ACTIVE,0
4981,NA,United States,91015.0,2023-05-08,"1,237.51",3.0,user4981@corp-example.com,+1-555-898-9547,crm_v2,cancelled,0
4982,EU,us,59398.0,2024-03-25,442.42,,user4982@corp-example.com,+1-555-953-4472,crm_v2,Active,1
4983,EU,US,58566.0,2025-03-26,959.01,9.0,user4983@corp-example.com,+1-555-511-5723,crm_v2,ACTIVE,0
4984,NA, US,62953.0,2023-07-20,190.02,0.0,user4984@corp-example.com,+1-555-594-4899,crm_v2,ACTIVE,0
4985,NA,US,60554.0,2023-01-08,"1,355.59",6.0,user4985@corp-example.com,+1-555-351-1358,crm_v2,cancelled,0
4986,EU,United States,-999.0,2023-01-29,"1,301.10",10.0,user4986@corp-example.com,+1-555-738-9381,crm_v2,Active,0
4987,EU,US,43095.0,2025-01-15,"1,066.79",2.0,user4987@corp-example.com,+1-555-934-8029,crm_v2,active,0
4988,EU,United States,43052.0,2024-12-21,765.70,6.0,user4988@corp-example.com,+1-555-995-6663,crm_v2,ACTIVE,0
4989,EU, US,51311.0,2024-12-01,"2,676.00",4.0,user4989@corp-example.com,+1-555-346-5517,crm_v2,Active,0
4990,NA,IN,55539.0,2023-11-22,943.98,,user4990@corp-example.com,+1-555-967-3541,crm_v2,active,1
4991,NA,United States,41812.0,2025-04-01,637.88,9.0,user4991@corp-example.com,+1-555-588-5186,crm_v2,ACTIVE,0
4992,NA,IN,42205.0,2023-12-06,163.16,6.0,user4992@corp-example.com,+1-555-294-7981,crm_v2,ACTIVE,0
4993,EU,IN,55643.0,2024-08-02,"1,404.05",2.0,user4993@corp-example.com,+1-555-667-2148,crm_v2,ACTIVE,0
4994,NA,us,71351.0,2023-08-07,532.41,7.0,user4994@corp-example.com,+1-555-327-7919,crm_v2,active,0
4995,APAC,IN,57069.0,2023-08-17,"1,532.65",9.0,user4995@corp-example.com,+1-555-793-5876,crm_v2,active,0
4996,APAC,United States,70382.0,2025-06-18,964.22,9.0,user4996@corp-example.com,+1-555-140-7543,crm_v2,active,0
4997,NA,DE,74887.0,2025-06-11,621.27,6.0,user4997@corp-example.com,+1-555-713-4175,crm_v2,Active,0
4998,NA, US,71763.0,2023-08-29,"1,589.91",7.0,user4998@corp-example.com,+1-555-852-6685,crm_v2,ACTIVE,0
4999,NA, US,53540.0,2024-11-29,"1,676.56",,user4999@corp-example.com,+1-555-536-1913,crm_v2,active,1
2764,NA,IN,56417.0,2024-04-17,"1,739.51",4.0,user2764@corp-example.com,+1-555-895-4784,crm_v2,active,0
4767,NA,US,57344.0,2024-01-18,420.22,4.0,user4767@corp-example.com,+1-555-359-8846,crm_v2,Active,0
3814,NA,DE,65135.0,2024-10-20,447.65,9.0,user3814@corp-example.com,+1-555-616-3581,crm_v2,active,0
3499,NA,DE,41044.0,2023-11-17,702.65,9.0,user3499@corp-example.com,+1-555-207-6819,crm_v2,cancelled,0
2735,NA,IN,56492.0,2024-05-19,871.93,0.0,user2735@corp-example.com,+1-555-134-9351,crm_v2,active,0
3922,APAC, US,40558.0,2024-09-29,"1,409.61",10.0,user3922@corp-example.com,+1-555-518-5286,crm_v2,active,0
2701,EU,IN,63993.0,2023-10-06,"1,442.28",0.0,user2701@corp-example.com,+1-555-433-7934,crm_v2,cancelled,0
1179,NA,us,48093.0,2025-06-05,"1,115.65",1.0,user1179@corp-example.com,+1-555-742-2178,crm_v2,active,0
932,APAC, US,78672.0,2024-12-25,786.93,3.0,user932@corp-example.com,+1-555-687-5657,crm_v2,Active,0
792,APAC,us,58582.0,2024-03-01,"1,116.01",,user792@corp-example.com,+1-555-268-2297,crm_v2,cancelled,1
1852,EU, US,55882.0,1900-01-01,475.97,8.0,user1852@corp-example.com,+1-555-234-9861,crm_v2,Active,0
1185,APAC,IN,23833.0,2031-05-01,"2,112.98",1.0,user1185@corp-example.com,+1-555-401-8183,crm_v2,ACTIVE,0
1724,NA,DE,45603.0,2025-01-30,534.42,0.0,user1724@corp-example.com,+1-555-262-3127,crm_v2,ACTIVE,0
4080,NA,United States,78227.0,1900-01-01,"1,562.24",,user4080@corp-example.com,+1-555-202-1389,crm_v2,cancelled,1
3823,EU,us,-999.0,2024-08-07,979.40,2.0,user3823@corp-example.com,+1-555-295-3187,crm_v2,active,0
4054,NA, US,76309.0,1900-01-01,"2,069.60",,user4054@corp-example.com,+1-555-621-9105,crm_v2,cancelled,1
2721,APAC,us,78296.0,2023-02-11,"1,921.49",6.0,user2721@corp-example.com,+1-555-818-2281,crm_v2,active,0
3903,EU,United States,43906.0,2023-08-03,"1,720.05",3.0,user3903@corp-example.com,+1-555-843-1746,crm_v2,Active,0
1865,NA,IN,65486.0,2023-01-20,252.69,9.0,user1865@corp-example.com,+1-555-764-4409,crm_v2,active,0
759,NA,United States,57425.0,2024-01-18,"1,103.31",1.0,user759@corp-example.com,+1-555-317-7006,crm_v2,active,0
2416,NA,IN,77558.0,2024-09-26,238.62,5.0,user2416@corp-example.com,+1-555-958-2735,crm_v2,Active,0
3670,NA,United States,40720.0,2024-12-21,991.11,,user3670@corp-example.com,+1-555-319-7916,crm_v2,Active,1
4838,NA,IN,28666.0,2024-02-04,371.95,,user4838@corp-example.com,+1-555-598-6402,crm_v2,active,1
3090,EU,US,-999.0,2024-01-14,"1,120.73",5.0,user3090@corp-example.com,+1-555-133-3805,crm_v2,Active,0
1546,NA,United States,55390.0,2023-07-03,132.82,2.0,user1546@corp-example.com,+1-555-747-8615,crm_v2,Active,0
1132,EU,us,-999.0,2023-12-26,690.64,1.0,user1132@corp-example.com,+1-555-196-4763,crm_v2,active,0
4703,APAC,DE,63126.0,2024-06-28,931.43,9.0,user4703@corp-example.com,+1-555-737-5767,crm_v2,ACTIVE,0
4494,NA,DE,62823.0,2024-02-29,"1,091.61",4.0,user4494@corp-example.com,+1-555-763-6432,crm_v2,active,0
2775,EU,us,78772.0,2024-11-01,799.94,3.0,user2775@corp-example.com,+1-555-436-8750,crm_v2,ACTIVE,0
3185,NA,United States,55860.0,2023-10-14,"1,038.54",4.0,user3185@corp-example.com,+1-555-265-6510,crm_v2,Active,0
1213,APAC,us,59570.0,2024-12-05,"2,348.43",7.0,user1213@corp-example.com,+1-555-656-7034,crm_v2,cancelled,0
3289,EU,us,-999.0,2023-06-04,"3,683.76",9.0,user3289@corp-example.com,+1-555-903-7145,crm_v2,ACTIVE,0
763,NA,United States,62083.0,2023-08-13,827.29,6.0,user763@corp-example.com,+1-555-590-4989,crm_v2,ACTIVE,0
1216,APAC,United States,58751.0,2025-01-29,"2,091.54",9.0,user1216@corp-example.com,+1-555-955-7723,crm_v2,cancelled,0
348,NA,US,53921.0,2024-05-19,431.93,9.0,user348@corp-example.com,+1-555-363-9971,crm_v2,ACTIVE,0
2982,NA,US,53762.0,2023-03-24,906.50,,user2982@corp-example.com,+1-555-319-4497,crm_v2,active,1
2916,NA,us,57784.0,2023-06-24,"1,469.75",0.0,user2916@corp-example.com,+1-555-838-6034,crm_v2,cancelled,0
2971,APAC,DE,59689.0,2024-07-03,"2,414.04",7.0,user2971@corp-example.com,+1-555-282-5212,crm_v2,Active,0
1355,APAC, US,54425.0,2025-01-04,"1,407.51",10.0,user1355@corp-example.com,+1-555-925-1057,crm_v2,cancelled,0
2330,NA,us,72336.0,2023-01-18,139.58,6.0,user2330@corp-example.com,+1-555-825-5713,crm_v2,active,0
